userId,movieId,rating,timestamp,title,genres,year,clean_title,average_rating,rating_count,content
1,1,4.0,964982703,Toy Story (1995),adventure animation children comedy fantasy,1995,Toy Story,3.92093023255814,215,Toy Story adventure animation children comedy fantasy
1,3,4.0,964981247,Grumpier Old Men (1995),comedy romance,1995,Grumpier Old Men,3.2596153846153846,52,Grumpier Old Men comedy romance
1,6,4.0,964982224,Heat (1995),action crime thriller,1995,Heat,3.946078431372549,102,Heat action crime thriller
1,47,5.0,964983815,Seven (a.k.a. Se7en) (1995),mystery thriller,1995,Seven (a.k.a. Se7en),3.975369458128079,203,Seven (a.k.a. Se7en) mystery thriller
1,50,5.0,964982931,"Usual Suspects, The (1995)",crime mystery thriller,1995,"Usual Suspects, The",4.237745098039215,204,"Usual Suspects, The crime mystery thriller"
1,70,3.0,964982400,From Dusk Till Dawn (1996),action comedy horror thriller,1996,From Dusk Till Dawn,3.5090909090909093,55,From Dusk Till Dawn action comedy horror thriller
1,101,5.0,964980868,Bottle Rocket (1996),adventure comedy crime romance,1996,Bottle Rocket,3.782608695652174,23,Bottle Rocket adventure comedy crime romance
1,110,4.0,964982176,Braveheart (1995),action drama war,1995,Braveheart,4.031645569620253,237,Braveheart action drama war
1,151,5.0,964984041,Rob Roy (1995),action drama romance war,1995,Rob Roy,3.5454545454545454,44,Rob Roy action drama romance war
1,157,5.0,964984100,Canadian Bacon (1995),comedy war,1995,Canadian Bacon,2.863636363636364,11,Canadian Bacon comedy war
1,163,5.0,964983650,Desperado (1995),action romance western,1995,Desperado,3.560606060606061,66,Desperado action romance western
1,216,5.0,964981208,Billy Madison (1995),comedy,1995,Billy Madison,3.326530612244898,49,Billy Madison comedy
1,223,3.0,964980985,Clerks (1994),comedy,1994,Clerks,3.855769230769231,104,Clerks comedy
1,231,5.0,964981179,Dumb & Dumber (Dumb and Dumber) (1994),adventure comedy,1994,Dumb & Dumber (Dumb and Dumber),3.0601503759398496,133,Dumb & Dumber (Dumb and Dumber) adventure comedy
1,235,4.0,964980908,Ed Wood (1994),comedy drama,1994,Ed Wood,3.678571428571429,70,Ed Wood comedy drama
1,260,5.0,964981680,Star Wars: Episode IV - A New Hope (1977),action adventure sci-fi,1977,Star Wars: Episode IV - A New Hope,4.231075697211155,251,Star Wars: Episode IV - A New Hope action adventure sci-fi
1,296,3.0,964982967,Pulp Fiction (1994),comedy crime drama thriller,1994,Pulp Fiction,4.197068403908795,307,Pulp Fiction comedy crime drama thriller
1,316,3.0,964982310,Stargate (1994),action adventure sci-fi,1994,Stargate,3.375,140,Stargate action adventure sci-fi
1,333,5.0,964981179,Tommy Boy (1995),comedy,1995,Tommy Boy,3.78,50,Tommy Boy comedy
1,349,4.0,964982563,Clear and Present Danger (1994),action crime drama thriller,1994,Clear and Present Danger,3.6045454545454554,110,Clear and Present Danger action crime drama thriller
1,356,4.0,964980962,Forrest Gump (1994),comedy drama romance war,1994,Forrest Gump,4.164133738601824,329,Forrest Gump comedy drama romance war
1,362,5.0,964982588,"Jungle Book, The (1994)",adventure children romance,1994,"Jungle Book, The",3.5294117647058822,34,"Jungle Book, The adventure children romance"
1,367,4.0,964981710,"Mask, The (1994)",action comedy crime fantasy,1994,"Mask, The",3.1847133757961785,157,"Mask, The action comedy crime fantasy"
1,423,3.0,964982363,Blown Away (1994),action thriller,1994,Blown Away,2.85,10,Blown Away action thriller
1,441,4.0,964980868,Dazed and Confused (1993),comedy,1993,Dazed and Confused,3.928571428571429,42,Dazed and Confused comedy
1,457,5.0,964981909,"Fugitive, The (1993)",thriller,1993,"Fugitive, The",3.992105263157895,190,"Fugitive, The thriller"
1,480,4.0,964982346,Jurassic Park (1993),action adventure sci-fi thriller,1993,Jurassic Park,3.75,238,Jurassic Park action adventure sci-fi thriller
1,500,3.0,964981208,Mrs. Doubtfire (1993),comedy drama,1993,Mrs. Doubtfire,3.388888888888889,144,Mrs. Doubtfire comedy drama
1,527,5.0,964984002,Schindler's List (1993),drama war,1993,Schindler's List,4.225,220,Schindler's List drama war
1,543,4.0,964981179,So I Married an Axe Murderer (1993),comedy romance thriller,1993,So I Married an Axe Murderer,3.317073170731707,41,So I Married an Axe Murderer comedy romance thriller
1,552,4.0,964982653,"Three Musketeers, The (1993)",action adventure comedy romance,1993,"Three Musketeers, The",3.262295081967213,61,"Three Musketeers, The action adventure comedy romance"
1,553,5.0,964984153,Tombstone (1993),action drama western,1993,Tombstone,3.815384615384616,65,Tombstone action drama western
1,590,4.0,964982546,Dances with Wolves (1990),adventure drama western,1990,Dances with Wolves,3.8353658536585367,164,Dances with Wolves adventure drama western
1,592,4.0,964982271,Batman (1989),action crime thriller,1989,Batman,3.4285714285714284,189,Batman action crime thriller
1,593,4.0,964983793,"Silence of the Lambs, The (1991)",crime horror thriller,1991,"Silence of the Lambs, The",4.161290322580645,279,"Silence of the Lambs, The crime horror thriller"
1,596,5.0,964982838,Pinocchio (1940),animation children fantasy musical,1940,Pinocchio,3.45,60,Pinocchio animation children fantasy musical
1,608,5.0,964982931,Fargo (1996),comedy crime drama thriller,1996,Fargo,4.116022099447513,181,Fargo comedy crime drama thriller
1,648,3.0,964982563,Mission: Impossible (1996),action adventure mystery thriller,1996,Mission: Impossible,3.537037037037037,162,Mission: Impossible action adventure mystery thriller
1,661,5.0,964982838,James and the Giant Peach (1996),adventure animation children fantasy musical,1996,James and the Giant Peach,3.4489795918367347,49,James and the Giant Peach adventure animation children fantasy musical
1,673,3.0,964981775,Space Jam (1996),adventure animation children comedy fantasy sci-fi,1996,Space Jam,2.707547169811321,53,Space Jam adventure animation children comedy fantasy sci-fi
1,733,4.0,964982400,"Rock, The (1996)",action adventure thriller,1996,"Rock, The",3.6404958677685952,121,"Rock, The action adventure thriller"
1,736,3.0,964982653,Twister (1996),action adventure romance thriller,1996,Twister,3.321138211382114,123,Twister action adventure romance thriller
1,780,3.0,964984086,Independence Day (a.k.a. ID4) (1996),action adventure sci-fi thriller,1996,Independence Day (a.k.a. ID4),3.445544554455445,202,Independence Day (a.k.a. ID4) action adventure sci-fi thriller
1,804,4.0,964980499,She's the One (1996),comedy romance,1996,She's the One,3.25,8,She's the One comedy romance
1,919,5.0,964982475,"Wizard of Oz, The (1939)",adventure children fantasy musical,1939,"Wizard of Oz, The",3.880434782608696,92,"Wizard of Oz, The adventure children fantasy musical"
1,923,5.0,964981529,Citizen Kane (1941),drama mystery,1941,Citizen Kane,4.043478260869565,69,Citizen Kane drama mystery
1,940,5.0,964982176,"Adventures of Robin Hood, The (1938)",action adventure romance,1938,"Adventures of Robin Hood, The",4.0,8,"Adventures of Robin Hood, The action adventure romance"
1,943,4.0,964983614,"Ghost and Mrs. Muir, The (1947)",drama fantasy romance,1947,"Ghost and Mrs. Muir, The",3.928571428571429,7,"Ghost and Mrs. Muir, The drama fantasy romance"
1,954,5.0,964983219,Mr. Smith Goes to Washington (1939),drama,1939,Mr. Smith Goes to Washington,4.083333333333333,18,Mr. Smith Goes to Washington drama
1,1009,3.0,964981775,Escape to Witch Mountain (1975),adventure children fantasy,1975,Escape to Witch Mountain,3.055555555555556,9,Escape to Witch Mountain adventure children fantasy
1,1023,5.0,964982681,Winnie the Pooh and the Blustery Day (1968),animation children musical,1968,Winnie the Pooh and the Blustery Day,3.615384615384616,13,Winnie the Pooh and the Blustery Day animation children musical
1,1024,5.0,964982876,"Three Caballeros, The (1945)",animation children musical,1945,"Three Caballeros, The",3.6666666666666665,6,"Three Caballeros, The animation children musical"
1,1025,5.0,964982791,"Sword in the Stone, The (1963)",animation children fantasy musical,1963,"Sword in the Stone, The",3.58,25,"Sword in the Stone, The animation children fantasy musical"
1,1029,5.0,964982855,Dumbo (1941),animation children drama musical,1941,Dumbo,3.3857142857142857,35,Dumbo animation children drama musical
1,1030,3.0,964982903,Pete's Dragon (1977),adventure animation children musical,1977,Pete's Dragon,2.7666666666666666,15,Pete's Dragon adventure animation children musical
1,1031,5.0,964982653,Bedknobs and Broomsticks (1971),adventure children musical,1971,Bedknobs and Broomsticks,3.4791666666666665,24,Bedknobs and Broomsticks adventure children musical
1,1032,5.0,964982791,Alice in Wonderland (1951),adventure animation children fantasy musical,1951,Alice in Wonderland,3.375,40,Alice in Wonderland adventure animation children fantasy musical
1,1042,4.0,964981179,That Thing You Do! (1996),comedy drama,1996,That Thing You Do!,3.273809523809524,42,That Thing You Do! comedy drama
1,1049,5.0,964982400,"Ghost and the Darkness, The (1996)",action adventure,1996,"Ghost and the Darkness, The",3.4761904761904763,21,"Ghost and the Darkness, The action adventure"
1,1060,4.0,964980924,Swingers (1996),comedy drama,1996,Swingers,3.6944444444444446,36,Swingers comedy drama
1,1073,5.0,964981680,Willy Wonka & the Chocolate Factory (1971),children comedy fantasy musical,1971,Willy Wonka & the Chocolate Factory,3.8739495798319328,119,Willy Wonka & the Chocolate Factory children comedy fantasy musical
1,1080,5.0,964981327,Monty Python's Life of Brian (1979),comedy,1979,Monty Python's Life of Brian,3.926966292134832,89,Monty Python's Life of Brian comedy
1,1089,5.0,964982951,Reservoir Dogs (1992),crime mystery thriller,1992,Reservoir Dogs,4.202290076335878,131,Reservoir Dogs crime mystery thriller
1,1090,4.0,964984018,Platoon (1986),drama war,1986,Platoon,3.984126984126984,63,Platoon drama war
1,1092,5.0,964983484,Basic Instinct (1992),crime mystery thriller,1992,Basic Instinct,3.191489361702128,47,Basic Instinct crime mystery thriller
1,1097,5.0,964981680,E.T. the Extra-Terrestrial (1982),children drama sci-fi,1982,E.T. the Extra-Terrestrial,3.766393442622951,122,E.T. the Extra-Terrestrial children drama sci-fi
1,1127,4.0,964982513,"Abyss, The (1989)",action adventure sci-fi thriller,1989,"Abyss, The",3.475806451612903,62,"Abyss, The action adventure sci-fi thriller"
1,1136,5.0,964981327,Monty Python and the Holy Grail (1975),adventure comedy fantasy,1975,Monty Python and the Holy Grail,4.161764705882353,136,Monty Python and the Holy Grail adventure comedy fantasy
1,1196,5.0,964981827,Star Wars: Episode V - The Empire Strikes Back (1980),action adventure sci-fi,1980,Star Wars: Episode V - The Empire Strikes Back,4.2156398104265405,211,Star Wars: Episode V - The Empire Strikes Back action adventure sci-fi
1,1197,5.0,964981872,"Princess Bride, The (1987)",action adventure comedy fantasy romance,1987,"Princess Bride, The",4.232394366197183,142,"Princess Bride, The action adventure comedy fantasy romance"
1,1198,5.0,964981827,Raiders of the Lost Ark (Indiana Jones and the Raiders of the Lost Ark) (1981),action adventure,1981,Raiders of the Lost Ark (Indiana Jones and the Raiders of the Lost Ark),4.2075,200,Raiders of the Lost Ark (Indiana Jones and the Raiders of the Lost Ark) action adventure
1,1206,5.0,964983737,"Clockwork Orange, A (1971)",crime drama sci-fi thriller,1971,"Clockwork Orange, A",3.995833333333333,120,"Clockwork Orange, A crime drama sci-fi thriller"
1,1208,4.0,964983250,Apocalypse Now (1979),action drama war,1979,Apocalypse Now,4.219626168224299,107,Apocalypse Now action drama war
1,1210,5.0,964980499,Star Wars: Episode VI - Return of the Jedi (1983),action adventure sci-fi,1983,Star Wars: Episode VI - Return of the Jedi,4.137755102040816,196,Star Wars: Episode VI - Return of the Jedi action adventure sci-fi
1,1213,5.0,964982951,Goodfellas (1990),crime drama,1990,Goodfellas,4.25,126,Goodfellas crime drama
1,1214,4.0,964981855,Alien (1979),horror sci-fi,1979,Alien,3.969178082191781,146,Alien horror sci-fi
1,1219,2.0,964983393,Psycho (1960),crime horror,1960,Psycho,4.036144578313253,83,Psycho crime horror
1,1220,5.0,964981909,"Blues Brothers, The (1980)",action comedy musical,1980,"Blues Brothers, The",3.809523809523809,84,"Blues Brothers, The action comedy musical"
1,1222,5.0,964981909,Full Metal Jacket (1987),drama war,1987,Full Metal Jacket,4.098039215686274,102,Full Metal Jacket drama war
1,1224,5.0,964984018,Henry V (1989),action drama romance war,1989,Henry V,4.0,19,Henry V action drama romance war
1,1226,5.0,964983618,"Quiet Man, The (1952)",drama romance,1952,"Quiet Man, The",3.5,6,"Quiet Man, The drama romance"
1,1240,5.0,964983723,"Terminator, The (1984)",action sci-fi thriller,1984,"Terminator, The",3.896946564885496,131,"Terminator, The action sci-fi thriller"
1,1256,5.0,964981442,Duck Soup (1933),comedy musical war,1933,Duck Soup,3.804347826086957,23,Duck Soup comedy musical war
1,1258,3.0,964983414,"Shining, The (1980)",horror,1980,"Shining, The",4.08256880733945,109,"Shining, The horror"
1,1265,4.0,964983599,Groundhog Day (1993),comedy fantasy romance,1993,Groundhog Day,3.944055944055944,143,Groundhog Day comedy fantasy romance
1,1270,5.0,964983705,Back to the Future (1985),adventure comedy sci-fi,1985,Back to the Future,4.038011695906433,171,Back to the Future adventure comedy sci-fi
1,1275,5.0,964982290,Highlander (1986),action adventure fantasy,1986,Highlander,3.7291666666666665,48,Highlander action adventure fantasy
1,1278,5.0,964983414,Young Frankenstein (1974),comedy fantasy,1974,Young Frankenstein,3.9927536231884058,69,Young Frankenstein comedy fantasy
1,1282,5.0,964982703,Fantasia (1940),animation children fantasy musical,1940,Fantasia,3.783018867924529,53,Fantasia animation children fantasy musical
1,1291,5.0,964981909,Indiana Jones and the Last Crusade (1989),action adventure,1989,Indiana Jones and the Last Crusade,4.046428571428572,140,Indiana Jones and the Last Crusade action adventure
1,1298,5.0,964984086,Pink Floyd: The Wall (1982),drama musical,1982,Pink Floyd: The Wall,3.760869565217391,23,Pink Floyd: The Wall drama musical
1,1348,4.0,964983393,"Nosferatu (Nosferatu, eine Symphonie des Grauens) (1922)",horror,1922,"Nosferatu (Nosferatu, eine Symphonie des Grauens)",3.53125,16,"Nosferatu (Nosferatu, eine Symphonie des Grauens) horror"
1,1377,3.0,964982653,Batman Returns (1992),action crime,1992,Batman Returns,3.025,60,Batman Returns action crime
1,1396,3.0,964983017,Sneakers (1992),action comedy crime drama sci-fi,1992,Sneakers,3.4782608695652173,46,Sneakers action comedy crime drama sci-fi
1,1408,3.0,964982310,"Last of the Mohicans, The (1992)",action romance war western,1992,"Last of the Mohicans, The",3.8333333333333335,39,"Last of the Mohicans, The action romance war western"
1,1445,3.0,964984112,McHale's Navy (1997),comedy war,1997,McHale's Navy,2.142857142857143,7,McHale's Navy comedy war
1,1500,4.0,964980985,Grosse Pointe Blank (1997),comedy crime romance,1997,Grosse Pointe Blank,3.610169491525424,59,Grosse Pointe Blank comedy crime romance
1,1517,5.0,964981107,Austin Powers: International Man of Mystery (1997),action adventure comedy,1997,Austin Powers: International Man of Mystery,3.535,100,Austin Powers: International Man of Mystery action adventure comedy
1,1552,4.0,964982620,Con Air (1997),action adventure thriller,1997,Con Air,3.0338983050847457,59,Con Air action adventure thriller
1,1573,5.0,964982290,Face/Off (1997),action crime drama thriller,1997,Face/Off,3.3701298701298703,77,Face/Off action crime drama thriller
1,1580,3.0,964981125,Men in Black (a.k.a. MIB) (1997),action comedy sci-fi,1997,Men in Black (a.k.a. MIB),3.487878787878788,165,Men in Black (a.k.a. MIB) action comedy sci-fi
1,1587,5.0,964982346,Conan the Barbarian (1982),action adventure fantasy,1982,Conan the Barbarian,3.2580645161290325,31,Conan the Barbarian action adventure fantasy
1,1617,5.0,964982951,L.A. Confidential (1997),crime film-noir mystery thriller,1997,L.A. Confidential,4.061855670103093,97,L.A. Confidential crime film-noir mystery thriller
1,1620,4.0,964983056,Kiss the Girls (1997),crime drama mystery thriller,1997,Kiss the Girls,3.1153846153846154,13,Kiss the Girls crime drama mystery thriller
1,1625,5.0,964983504,"Game, The (1997)",drama mystery thriller,1997,"Game, The",3.701298701298701,77,"Game, The drama mystery thriller"
1,1644,3.0,964983536,I Know What You Did Last Summer (1997),horror mystery thriller,1997,I Know What You Did Last Summer,2.109375,32,I Know What You Did Last Summer horror mystery thriller
1,1676,3.0,964982620,Starship Troopers (1997),action sci-fi,1997,Starship Troopers,3.33125,80,Starship Troopers action sci-fi
1,1732,5.0,964981125,"Big Lebowski, The (1998)",comedy crime,1998,"Big Lebowski, The",3.924528301886793,106,"Big Lebowski, The comedy crime"
1,1777,4.0,964981230,"Wedding Singer, The (1998)",comedy romance,1998,"Wedding Singer, The",3.419642857142857,56,"Wedding Singer, The comedy romance"
1,1805,4.0,964983056,Wild Things (1998),crime drama mystery thriller,1998,Wild Things,3.0161290322580645,31,Wild Things crime drama mystery thriller
1,1920,4.0,964981780,Small Soldiers (1998),animation children fantasy war,1998,Small Soldiers,2.833333333333333,18,Small Soldiers animation children fantasy war
1,1927,5.0,964981497,All Quiet on the Western Front (1930),action drama war,1930,All Quiet on the Western Front,4.35,10,All Quiet on the Western Front action drama war
1,1954,5.0,964982176,Rocky (1976),drama,1976,Rocky,3.828125,64,Rocky drama
1,1967,4.0,964981710,Labyrinth (1986),adventure fantasy musical,1986,Labyrinth,3.821428571428572,42,Labyrinth adventure fantasy musical
1,2000,4.0,964982211,Lethal Weapon (1987),action comedy crime drama,1987,Lethal Weapon,3.673333333333333,75,Lethal Weapon action comedy crime drama
1,2005,5.0,964981710,"Goonies, The (1985)",action adventure children comedy fantasy,1985,"Goonies, The",3.5701754385964914,57,"Goonies, The action adventure children comedy fantasy"
1,2012,4.0,964984176,Back to the Future Part III (1990),adventure comedy sci-fi western,1990,Back to the Future Part III,3.3693181818181817,88,Back to the Future Part III adventure comedy sci-fi western
1,2018,5.0,964980523,Bambi (1942),animation children drama,1942,Bambi,3.3684210526315788,38,Bambi animation children drama
1,2028,4.0,964981888,Saving Private Ryan (1998),action drama war,1998,Saving Private Ryan,4.1462765957446805,188,Saving Private Ryan action drama war
1,2033,5.0,964982903,"Black Cauldron, The (1985)",adventure animation children fantasy,1985,"Black Cauldron, The",3.75,8,"Black Cauldron, The adventure animation children fantasy"
1,2046,4.0,964982563,Flight of the Navigator (1986),adventure children sci-fi,1986,Flight of the Navigator,3.208333333333333,24,Flight of the Navigator adventure children sci-fi
1,2048,5.0,964982791,"Great Mouse Detective, The (1986)",action animation children crime,1986,"Great Mouse Detective, The",3.5625,8,"Great Mouse Detective, The action animation children crime"
1,2054,4.0,964981747,"Honey, I Shrunk the Kids (1989)",adventure children comedy fantasy sci-fi,1989,"Honey, I Shrunk the Kids",2.7573529411764706,68,"Honey, I Shrunk the Kids adventure children comedy fantasy sci-fi"
1,2058,5.0,964982400,"Negotiator, The (1998)",action crime drama mystery thriller,1998,"Negotiator, The",3.35,30,"Negotiator, The action crime drama mystery thriller"
1,2078,5.0,964982838,"Jungle Book, The (1967)",animation children comedy musical,1967,"Jungle Book, The",3.830188679245283,53,"Jungle Book, The animation children comedy musical"
1,2090,5.0,964982838,"Rescuers, The (1977)",adventure animation children crime drama,1977,"Rescuers, The",3.1923076923076925,13,"Rescuers, The adventure animation children crime drama"
1,2093,3.0,964981710,Return to Oz (1985),adventure children fantasy,1985,Return to Oz,3.0,6,Return to Oz adventure children fantasy
1,2094,5.0,964982653,"Rocketeer, The (1991)",action adventure sci-fi,1991,"Rocketeer, The",3.2564102564102564,39,"Rocketeer, The action adventure sci-fi"
1,2096,4.0,964982838,Sleeping Beauty (1959),animation children musical,1959,Sleeping Beauty,3.409090909090909,22,Sleeping Beauty animation children musical
1,2099,4.0,964982588,Song of the South (1946),adventure animation children musical,1946,Song of the South,3.4166666666666665,6,Song of the South adventure animation children musical
1,2105,4.0,964981725,Tron (1982),action adventure sci-fi,1982,Tron,3.34,50,Tron action adventure sci-fi
1,2115,5.0,964982529,Indiana Jones and the Temple of Doom (1984),action adventure fantasy,1984,Indiana Jones and the Temple of Doom,3.638888888888889,108,Indiana Jones and the Temple of Doom action adventure fantasy
1,2116,5.0,964982876,"Lord of the Rings, The (1978)",adventure animation children fantasy,1978,"Lord of the Rings, The",3.1333333333333333,15,"Lord of the Rings, The adventure animation children fantasy"
1,2137,5.0,964982791,Charlotte's Web (1973),animation children,1973,Charlotte's Web,3.5476190476190474,21,Charlotte's Web animation children
1,2139,5.0,964982791,"Secret of NIMH, The (1982)",adventure animation children drama,1982,"Secret of NIMH, The",3.4761904761904763,21,"Secret of NIMH, The adventure animation children drama"
1,2141,5.0,964982838,"American Tail, An (1986)",adventure animation children comedy,1986,"American Tail, An",3.1666666666666665,18,"American Tail, An adventure animation children comedy"
1,2143,4.0,964981725,Legend (1985),adventure fantasy romance,1985,Legend,3.076923076923077,13,Legend adventure fantasy romance
1,2161,5.0,964981710,"NeverEnding Story, The (1984)",adventure children fantasy,1984,"NeverEnding Story, The",3.581395348837209,43,"NeverEnding Story, The adventure children fantasy"
1,2174,4.0,964981680,Beetlejuice (1988),comedy fantasy,1988,Beetlejuice,3.4725274725274726,91,Beetlejuice comedy fantasy
1,2193,4.0,964981710,Willow (1988),action adventure fantasy,1988,Willow,3.3375,40,Willow action adventure fantasy
1,2253,2.0,964981775,Toys (1992),comedy fantasy,1992,Toys,2.375,20,Toys comedy fantasy
1,2268,4.0,964982989,"Few Good Men, A (1992)",crime drama thriller,1992,"Few Good Men, A",3.789473684210526,57,"Few Good Men, A crime drama thriller"
1,2273,4.0,964982310,Rush Hour (1998),action comedy crime thriller,1998,Rush Hour,3.261904761904762,42,Rush Hour action comedy crime thriller
1,2291,5.0,964983664,Edward Scissorhands (1990),drama fantasy romance,1990,Edward Scissorhands,3.7,80,Edward Scissorhands drama fantasy romance
1,2329,5.0,964983263,American History X (1998),crime drama,1998,American History X,4.217054263565892,129,American History X crime drama
1,2338,2.0,964983546,I Still Know What You Did Last Summer (1998),horror mystery thriller,1998,I Still Know What You Did Last Summer,2.055555555555556,18,I Still Know What You Did Last Summer horror mystery thriller
1,2353,5.0,964983861,Enemy of the State (1998),action thriller,1998,Enemy of the State,3.492537313432836,67,Enemy of the State action thriller
1,2366,4.0,964982462,King Kong (1933),action adventure fantasy horror,1933,King Kong,3.64,25,King Kong action adventure fantasy horror
1,2387,5.0,964983123,Very Bad Things (1998),comedy crime,1998,Very Bad Things,3.4375,16,Very Bad Things comedy crime
1,2389,2.0,964983094,Psycho (1998),crime horror thriller,1998,Psycho,1.8888888888888888,9,Psycho crime horror thriller
1,2395,5.0,964981093,Rushmore (1998),comedy drama,1998,Rushmore,3.544642857142857,56,Rushmore comedy drama
1,2406,4.0,964982310,Romancing the Stone (1984),action adventure comedy romance,1984,Romancing the Stone,3.453703703703704,54,Romancing the Stone action adventure comedy romance
1,2414,3.0,964982513,Young Sherlock Holmes (1985),action adventure children fantasy mystery thriller,1985,Young Sherlock Holmes,3.363636363636364,11,Young Sherlock Holmes action adventure children fantasy mystery thriller
1,2427,5.0,964982242,"Thin Red Line, The (1998)",action drama war,1998,"Thin Red Line, The",3.3,35,"Thin Red Line, The action drama war"
1,2450,4.0,964982620,Howard the Duck (1986),adventure comedy sci-fi,1986,Howard the Duck,2.15625,16,Howard the Duck adventure comedy sci-fi
1,2459,5.0,964983414,"Texas Chainsaw Massacre, The (1974)",horror,1974,"Texas Chainsaw Massacre, The",3.269230769230769,13,"Texas Chainsaw Massacre, The horror"
1,2470,5.0,964982588,Crocodile Dundee (1986),adventure comedy,1986,Crocodile Dundee,3.175438596491228,57,Crocodile Dundee adventure comedy
1,2478,4.0,964984169,¡Three Amigos! (1986),comedy western,1986,¡Three Amigos!,3.1346153846153846,26,¡Three Amigos! comedy western
1,2492,4.0,965719662,20 Dates (1998),comedy romance,1998,20 Dates,3.0,7,20 Dates comedy romance
1,2502,5.0,964981278,Office Space (1999),comedy crime,1999,Office Space,4.090425531914893,94,Office Space comedy crime
1,2528,3.0,964982328,Logan's Run (1976),action adventure sci-fi,1976,Logan's Run,3.2291666666666665,24,Logan's Run action adventure sci-fi
1,2529,5.0,964982242,Planet of the Apes (1968),action drama sci-fi,1968,Planet of the Apes,3.803571428571429,56,Planet of the Apes action drama sci-fi
1,2542,5.0,964981265,"Lock, Stock & Two Smoking Barrels (1998)",comedy crime thriller,1998,"Lock, Stock & Two Smoking Barrels",4.052238805970149,67,"Lock, Stock & Two Smoking Barrels comedy crime thriller"
1,2571,5.0,964981888,"Matrix, The (1999)",action sci-fi thriller,1999,"Matrix, The",4.192446043165468,278,"Matrix, The action sci-fi thriller"
1,2580,5.0,964983000,Go (1999),comedy crime,1999,Go,3.9615384615384617,39,Go comedy crime
1,2596,5.0,964981144,SLC Punk! (1998),comedy drama,1998,SLC Punk!,3.7916666666666665,12,SLC Punk! comedy drama
1,2616,4.0,964983080,Dick Tracy (1990),action crime,1990,Dick Tracy,2.8846153846153846,26,Dick Tracy action crime
1,2617,2.0,964982588,"Mummy, The (1999)",action adventure comedy fantasy horror thriller,1999,"Mummy, The",3.1206896551724137,87,"Mummy, The action adventure comedy fantasy horror thriller"
1,2628,4.0,964980523,Star Wars: Episode I - The Phantom Menace (1999),action adventure sci-fi,1999,Star Wars: Episode I - The Phantom Menace,3.107142857142857,140,Star Wars: Episode I - The Phantom Menace action adventure sci-fi
1,2640,4.0,964982377,Superman (1978),action adventure sci-fi,1978,Superman,3.60655737704918,61,Superman action adventure sci-fi
1,2641,5.0,964982620,Superman II (1980),action sci-fi,1980,Superman II,3.020408163265306,49,Superman II action sci-fi
1,2644,4.0,964983393,Dracula (1931),horror,1931,Dracula,3.333333333333333,9,Dracula horror
1,2648,4.0,964983414,Frankenstein (1931),drama horror sci-fi,1931,Frankenstein,3.909090909090909,11,Frankenstein drama horror sci-fi
1,2654,5.0,964983393,"Wolf Man, The (1941)",drama fantasy horror,1941,"Wolf Man, The",3.6,5,"Wolf Man, The drama fantasy horror"
1,2657,3.0,964983426,"Rocky Horror Picture Show, The (1975)",comedy horror musical sci-fi,1975,"Rocky Horror Picture Show, The",3.3412698412698414,63,"Rocky Horror Picture Show, The comedy horror musical sci-fi"
1,2692,5.0,964981855,Run Lola Run (Lola rennt) (1998),action crime,1998,Run Lola Run (Lola rennt),4.0,75,Run Lola Run (Lola rennt) action crime
1,2700,5.0,964980985,"South Park: Bigger, Longer and Uncut (1999)",animation comedy musical,1999,"South Park: Bigger, Longer and Uncut",3.861842105263158,76,"South Park: Bigger, Longer and Uncut animation comedy musical"
1,2716,5.0,964983414,Ghostbusters (a.k.a. Ghost Busters) (1984),action comedy sci-fi,1984,Ghostbusters (a.k.a. Ghost Busters),3.775,120,Ghostbusters (a.k.a. Ghost Busters) action comedy sci-fi
1,2761,5.0,964982703,"Iron Giant, The (1999)",adventure animation children drama sci-fi,1999,"Iron Giant, The",4.051282051282051,39,"Iron Giant, The adventure animation children drama sci-fi"
1,2797,4.0,964981710,Big (1988),comedy drama fantasy romance,1988,Big,3.71978021978022,91,Big comedy drama fantasy romance
1,2826,4.0,964980523,"13th Warrior, The (1999)",action adventure fantasy,1999,"13th Warrior, The",2.9038461538461537,26,"13th Warrior, The action adventure fantasy"
1,2858,5.0,964980868,American Beauty (1999),drama romance,1999,American Beauty,4.056372549019608,204,American Beauty drama romance
1,2872,5.0,964981680,Excalibur (1981),adventure fantasy,1981,Excalibur,3.64,25,Excalibur adventure fantasy
1,2916,4.0,964982290,Total Recall (1990),action adventure sci-fi thriller,1990,Total Recall,3.653409090909091,88,Total Recall action adventure sci-fi thriller
1,2944,5.0,964981872,"Dirty Dozen, The (1967)",action drama war,1967,"Dirty Dozen, The",3.96875,32,"Dirty Dozen, The action drama war"
1,2947,5.0,964982176,Goldfinger (1964),action adventure thriller,1964,Goldfinger,3.839622641509434,53,Goldfinger action adventure thriller
1,2948,5.0,964982191,From Russia with Love (1963),action adventure thriller,1963,From Russia with Love,3.75,36,From Russia with Love action adventure thriller
1,2949,5.0,964981888,Dr. No (1962),action adventure thriller,1962,Dr. No,3.712121212121212,33,Dr. No action adventure thriller
1,2959,5.0,964983282,Fight Club (1999),action crime drama thriller,1999,Fight Club,4.272935779816514,218,Fight Club action crime drama thriller
1,2985,4.0,964983034,RoboCop (1987),action crime drama sci-fi thriller,1987,RoboCop,3.3714285714285714,70,RoboCop action crime drama sci-fi thriller
1,2987,5.0,964982495,Who Framed Roger Rabbit? (1988),adventure animation children comedy crime fantasy mystery,1988,Who Framed Roger Rabbit?,3.5721649484536084,97,Who Framed Roger Rabbit? adventure animation children comedy crime fantasy mystery
1,2991,5.0,964982271,Live and Let Die (1973),action adventure thriller,1973,Live and Let Die,3.695652173913044,23,Live and Let Die action adventure thriller
1,2993,5.0,964982242,Thunderball (1965),action adventure thriller,1965,Thunderball,3.4791666666666665,24,Thunderball action adventure thriller
1,2997,4.0,964980896,Being John Malkovich (1999),comedy drama fantasy,1999,Being John Malkovich,3.954545454545455,99,Being John Malkovich comedy drama fantasy
1,3033,5.0,964983762,Spaceballs (1987),comedy sci-fi,1987,Spaceballs,3.483050847457627,59,Spaceballs comedy sci-fi
1,3034,5.0,964982791,Robin Hood (1973),adventure animation children comedy musical,1973,Robin Hood,3.513888888888889,36,Robin Hood adventure animation children comedy musical
1,3052,5.0,964981208,Dogma (1999),adventure comedy fantasy,1999,Dogma,3.645569620253165,79,Dogma adventure comedy fantasy
1,3053,5.0,964984086,"Messenger: The Story of Joan of Arc, The (1999)",drama war,1999,"Messenger: The Story of Joan of Arc, The",3.909090909090909,11,"Messenger: The Story of Joan of Arc, The drama war"
1,3062,4.0,964981872,"Longest Day, The (1962)",action drama war,1962,"Longest Day, The",4.0,11,"Longest Day, The action drama war"
1,3147,5.0,964983873,"Green Mile, The (1999)",crime drama,1999,"Green Mile, The",4.148648648648648,111,"Green Mile, The crime drama"
1,3168,4.0,964982495,Easy Rider (1969),adventure drama,1969,Easy Rider,3.603448275862069,29,Easy Rider adventure drama
1,3176,1.0,964983504,"Talented Mr. Ripley, The (1999)",drama mystery thriller,1999,"Talented Mr. Ripley, The",3.336734693877551,49,"Talented Mr. Ripley, The drama mystery thriller"
1,3243,3.0,964981093,Encino Man (1992),comedy,1992,Encino Man,2.4,15,Encino Man comedy
1,3247,3.0,964983108,Sister Act (1992),comedy crime,1992,Sister Act,3.0277777777777777,36,Sister Act comedy crime
1,3253,5.0,964981107,Wayne's World (1992),comedy,1992,Wayne's World,3.4754098360655736,61,Wayne's World comedy
1,3273,5.0,964983536,Scream 3 (2000),comedy horror mystery thriller,2000,Scream 3,2.6724137931034484,29,Scream 3 comedy horror mystery thriller
1,3386,5.0,964983484,JFK (1991),drama mystery thriller,1991,JFK,3.5,31,JFK drama mystery thriller
1,3439,4.0,964981799,Teenage Mutant Ninja Turtles II: The Secret of the Ooze (1991),action children fantasy,1991,Teenage Mutant Ninja Turtles II: The Secret of the Ooze,2.6923076923076925,13,Teenage Mutant Ninja Turtles II: The Secret of the Ooze action children fantasy
1,3440,4.0,964981799,Teenage Mutant Ninja Turtles III (1993),action adventure children comedy fantasy,1993,Teenage Mutant Ninja Turtles III,2.071428571428572,14,Teenage Mutant Ninja Turtles III action adventure children comedy fantasy
1,3441,5.0,964982328,Red Dawn (1984),action drama war,1984,Red Dawn,3.4285714285714284,14,Red Dawn action drama war
1,3448,5.0,964984054,"Good Morning, Vietnam (1987)",comedy drama war,1987,"Good Morning, Vietnam",3.802325581395349,43,"Good Morning, Vietnam comedy drama war"
1,3450,5.0,964981144,Grumpy Old Men (1993),comedy,1993,Grumpy Old Men,3.293103448275862,29,Grumpy Old Men comedy
1,3479,4.0,964981725,Ladyhawke (1985),adventure fantasy romance,1985,Ladyhawke,3.333333333333333,18,Ladyhawke adventure fantasy romance
1,3489,4.0,964981775,Hook (1991),adventure comedy fantasy,1991,Hook,3.358490566037736,53,Hook adventure comedy fantasy
1,3527,4.0,964982271,Predator (1987),action sci-fi thriller,1987,Predator,3.581967213114754,61,Predator action sci-fi thriller
1,3578,5.0,964980668,Gladiator (2000),action adventure drama,2000,Gladiator,3.9382352941176473,170,Gladiator action adventure drama
1,3617,4.0,964980683,Road Trip (2000),comedy,2000,Road Trip,3.0853658536585367,41,Road Trip comedy
1,3639,4.0,964982271,"Man with the Golden Gun, The (1974)",action adventure thriller,1974,"Man with the Golden Gun, The",3.583333333333333,18,"Man with the Golden Gun, The action adventure thriller"
1,3671,5.0,964981589,Blazing Saddles (1974),comedy western,1974,Blazing Saddles,3.935483870967742,62,Blazing Saddles comedy western
1,3702,5.0,964983737,Mad Max (1979),action adventure sci-fi,1979,Mad Max,3.486842105263158,38,Mad Max action adventure sci-fi
1,3703,5.0,964981909,"Road Warrior, The (Mad Max 2) (1981)",action adventure sci-fi thriller,1981,"Road Warrior, The (Mad Max 2)",4.0375,40,"Road Warrior, The (Mad Max 2) action adventure sci-fi thriller"
1,3740,4.0,964982417,Big Trouble in Little China (1986),action adventure comedy fantasy,1986,Big Trouble in Little China,3.857142857142857,28,Big Trouble in Little China action adventure comedy fantasy
1,3744,4.0,964980694,Shaft (2000),action crime thriller,2000,Shaft,2.6578947368421053,19,Shaft action crime thriller
1,3793,5.0,964981855,X-Men (2000),action adventure sci-fi,2000,X-Men,3.699248120300752,133,X-Men action adventure sci-fi
1,3809,4.0,964981220,What About Bob? (1991),comedy,1991,What About Bob?,3.271428571428572,35,What About Bob? comedy
1,4006,4.0,964982903,Transformers: The Movie (1986),adventure animation children sci-fi,1986,Transformers: The Movie,3.357142857142857,7,Transformers: The Movie adventure animation children sci-fi
1,5060,5.0,964984002,M*A*S*H (a.k.a. MASH) (1970),comedy drama war,1970,M*A*S*H (a.k.a. MASH),3.934782608695652,46,M*A*S*H (a.k.a. MASH) comedy drama war
2,318,3.0,1445714835,"Shawshank Redemption, The (1994)",crime drama,1994,"Shawshank Redemption, The",4.429022082018927,317,"Shawshank Redemption, The crime drama"
2,1704,4.5,1445715228,Good Will Hunting (1997),drama romance,1997,Good Will Hunting,4.078014184397163,141,Good Will Hunting drama romance
2,6874,4.0,1445714952,Kill Bill: Vol. 1 (2003),action crime thriller,2003,Kill Bill: Vol. 1,3.9618320610687023,131,Kill Bill: Vol. 1 action crime thriller
2,8798,3.5,1445714960,Collateral (2004),action crime drama thriller,2004,Collateral,3.761363636363636,44,Collateral action crime drama thriller
2,46970,4.0,1445715013,Talladega Nights: The Ballad of Ricky Bobby (2006),action comedy,2006,Talladega Nights: The Ballad of Ricky Bobby,3.25,28,Talladega Nights: The Ballad of Ricky Bobby action comedy
2,48516,4.0,1445715064,"Departed, The (2006)",crime drama thriller,2006,"Departed, The",4.252336448598131,107,"Departed, The crime drama thriller"
2,58559,4.5,1445715141,"Dark Knight, The (2008)",action crime drama imax,2008,"Dark Knight, The",4.238255033557047,149,"Dark Knight, The action crime drama imax"
2,60756,5.0,1445714980,Step Brothers (2008),comedy,2008,Step Brothers,3.5535714285714284,28,Step Brothers comedy
2,68157,4.5,1445715154,Inglourious Basterds (2009),action drama war,2009,Inglourious Basterds,4.136363636363637,88,Inglourious Basterds action drama war
2,71535,3.0,1445714974,Zombieland (2009),action comedy horror,2009,Zombieland,3.8773584905660377,53,Zombieland action comedy horror
2,74458,4.0,1445714926,Shutter Island (2010),drama mystery thriller,2010,Shutter Island,4.022388059701493,67,Shutter Island drama mystery thriller
2,77455,3.0,1445714941,Exit Through the Gift Shop (2010),comedy documentary,2010,Exit Through the Gift Shop,4.038461538461538,13,Exit Through the Gift Shop comedy documentary
2,79132,4.0,1445714841,Inception (2010),action crime drama mystery sci-fi thriller imax,2010,Inception,4.066433566433567,143,Inception action crime drama mystery sci-fi thriller imax
2,80489,4.5,1445715340,"Town, The (2010)",crime drama thriller,2010,"Town, The",3.954545454545455,22,"Town, The crime drama thriller"
2,80906,5.0,1445715172,Inside Job (2010),documentary,2010,Inside Job,4.291666666666667,12,Inside Job documentary
2,86345,4.0,1445715166,Louis C.K.: Hilarious (2010),comedy,2010,Louis C.K.: Hilarious,4.055555555555555,9,Louis C.K.: Hilarious comedy
2,89774,5.0,1445715189,Warrior (2011),drama,2011,Warrior,3.727272727272727,11,Warrior drama
2,91529,3.5,1445714891,"Dark Knight Rises, The (2012)",action adventure crime imax,2012,"Dark Knight Rises, The",3.9934210526315783,76,"Dark Knight Rises, The action adventure crime imax"
2,91658,2.5,1445714938,"Girl with the Dragon Tattoo, The (2011)",drama thriller,2011,"Girl with the Dragon Tattoo, The",3.488095238095238,42,"Girl with the Dragon Tattoo, The drama thriller"
2,99114,3.5,1445714874,Django Unchained (2012),action drama western,2012,Django Unchained,3.943661971830986,71,Django Unchained action drama western
2,106782,5.0,1445714966,"Wolf of Wall Street, The (2013)",comedy crime drama,2013,"Wolf of Wall Street, The",3.9166666666666665,54,"Wolf of Wall Street, The comedy crime drama"
2,109487,3.0,1445715145,Interstellar (2014),sci-fi imax,2014,Interstellar,3.993150684931507,73,Interstellar sci-fi imax
2,112552,4.0,1445714882,Whiplash (2014),drama,2014,Whiplash,4.039473684210527,38,Whiplash drama
2,115713,3.5,1445714854,Ex Machina (2015),drama sci-fi thriller,2015,Ex Machina,3.9107142857142856,28,Ex Machina drama sci-fi thriller
2,122882,5.0,1445715272,Mad Max: Fury Road (2015),action adventure sci-fi thriller,2015,Mad Max: Fury Road,3.8191489361702127,47,Mad Max: Fury Road action adventure sci-fi thriller
3,31,0.5,1306463578,Dangerous Minds (1995),drama,1995,Dangerous Minds,3.1842105263157894,38,Dangerous Minds drama
3,647,0.5,1306463619,Courage Under Fire (1996),action crime drama war,1996,Courage Under Fire,3.327586206896552,29,Courage Under Fire action crime drama war
3,688,0.5,1306464228,Operation Dumbo Drop (1995),action adventure comedy war,1995,Operation Dumbo Drop,2.333333333333333,9,Operation Dumbo Drop action adventure comedy war
3,720,0.5,1306463595,Wallace & Gromit: The Best of Aardman Animation (1996),adventure animation comedy,1996,Wallace & Gromit: The Best of Aardman Animation,4.092592592592593,27,Wallace & Gromit: The Best of Aardman Animation adventure animation comedy
3,849,5.0,1306463611,Escape from L.A. (1996),action adventure sci-fi thriller,1996,Escape from L.A.,2.9204545454545454,44,Escape from L.A. action adventure sci-fi thriller
3,914,0.5,1306463567,My Fair Lady (1964),comedy drama musical romance,1964,My Fair Lady,4.042857142857143,35,My Fair Lady comedy drama musical romance
3,1093,0.5,1306463627,"Doors, The (1991)",drama,1991,"Doors, The",3.4054054054054053,37,"Doors, The drama"
3,1124,0.5,1306464216,On Golden Pond (1981),drama,1981,On Golden Pond,3.6538461538461537,13,On Golden Pond drama
3,1263,0.5,1306463569,"Deer Hunter, The (1978)",drama war,1978,"Deer Hunter, The",3.825581395348837,43,"Deer Hunter, The drama war"
3,1272,0.5,1306463624,Patton (1970),drama war,1970,Patton,4.121212121212121,33,Patton drama war
3,1302,0.5,1306464189,Field of Dreams (1989),children drama fantasy,1989,Field of Dreams,3.517857142857143,56,Field of Dreams children drama fantasy
3,1371,3.0,1306463561,Star Trek: The Motion Picture (1979),adventure sci-fi,1979,Star Trek: The Motion Picture,3.0444444444444443,45,Star Trek: The Motion Picture adventure sci-fi
3,2080,0.5,1306463572,Lady and the Tramp (1955),animation children comedy romance,1955,Lady and the Tramp,3.4,55,Lady and the Tramp animation children comedy romance
3,2288,4.0,1306463631,"Thing, The (1982)",action horror sci-fi thriller,1982,"Thing, The",3.933333333333333,45,"Thing, The action horror sci-fi thriller"
3,2424,0.5,1306464293,You've Got Mail (1998),comedy romance,1998,You've Got Mail,3.12,50,You've Got Mail comedy romance
3,3024,4.5,1306464054,Piranha (1978),horror sci-fi,1978,Piranha,2.642857142857143,7,Piranha horror sci-fi
3,3210,0.5,1306463638,Fast Times at Ridgemont High (1982),comedy drama romance,1982,Fast Times at Ridgemont High,3.4761904761904763,42,Fast Times at Ridgemont High comedy drama romance
3,3949,0.5,1306464245,Requiem for a Dream (2000),drama,2000,Requiem for a Dream,3.921875,96,Requiem for a Dream drama
3,5048,0.5,1306464284,Snow Dogs (2002),adventure children comedy,2002,Snow Dogs,2.333333333333333,6,Snow Dogs adventure children comedy
3,6238,0.5,1306464204,Green Card (1990),comedy drama romance,1990,Green Card,2.833333333333333,9,Green Card comedy drama romance
3,72378,0.5,1306464164,2012 (2009),action drama sci-fi thriller,2009,2012,2.619047619047619,21,2012 action drama sci-fi thriller
4,21,3.0,986935199,Get Shorty (1995),comedy crime thriller,1995,Get Shorty,3.49438202247191,89,Get Shorty comedy crime thriller
4,32,2.0,945173447,Twelve Monkeys (a.k.a. 12 Monkeys) (1995),mystery sci-fi thriller,1995,Twelve Monkeys (a.k.a. 12 Monkeys),3.983050847457627,177,Twelve Monkeys (a.k.a. 12 Monkeys) mystery sci-fi thriller
4,45,3.0,986935047,To Die For (1995),comedy drama thriller,1995,To Die For,3.3125,32,To Die For comedy drama thriller
4,52,3.0,964622786,Mighty Aphrodite (1995),comedy drama romance,1995,Mighty Aphrodite,3.4642857142857144,28,Mighty Aphrodite comedy drama romance
4,58,3.0,964538444,"Postman, The (Postino, Il) (1994)",comedy drama romance,1994,"Postman, The (Postino, Il)",4.027027027027027,37,"Postman, The (Postino, Il) comedy drama romance"
4,125,5.0,964622758,Flirting With Disaster (1996),comedy,1996,Flirting With Disaster,3.583333333333333,12,Flirting With Disaster comedy
4,126,1.0,986848920,"NeverEnding Story III, The (1994)",adventure children fantasy,1994,"NeverEnding Story III, The",2.0,7,"NeverEnding Story III, The adventure children fantasy"
4,162,5.0,945078571,Crumb (1994),documentary,1994,Crumb,4.205882352941177,17,Crumb documentary
4,171,3.0,945078428,Jeffrey (1995),comedy drama,1995,Jeffrey,3.8333333333333335,6,Jeffrey comedy drama
4,176,5.0,964622565,Living in Oblivion (1995),comedy,1995,Living in Oblivion,4.307692307692308,13,Living in Oblivion comedy
4,190,2.0,945079259,Safe (1995),thriller,1995,Safe,2.8,5,Safe thriller
4,215,5.0,945079078,Before Sunrise (1995),drama romance,1995,Before Sunrise,4.041666666666667,24,Before Sunrise drama romance
4,222,1.0,945629040,Circle of Friends (1995),drama romance,1995,Circle of Friends,3.75,16,Circle of Friends drama romance
4,232,5.0,964622684,Eat Drink Man Woman (Yin shi nan nu) (1994),comedy drama romance,1994,Eat Drink Man Woman (Yin shi nan nu),3.892857142857143,14,Eat Drink Man Woman (Yin shi nan nu) comedy drama romance
4,247,3.0,986848894,Heavenly Creatures (1994),crime drama,1994,Heavenly Creatures,3.928571428571429,21,Heavenly Creatures crime drama
4,265,5.0,964538468,Like Water for Chocolate (Como agua para chocolate) (1992),drama fantasy romance,1992,Like Water for Chocolate (Como agua para chocolate),3.939393939393939,33,Like Water for Chocolate (Como agua para chocolate) drama fantasy romance
4,319,5.0,945079182,Shallow Grave (1994),comedy drama thriller,1994,Shallow Grave,3.6,20,Shallow Grave comedy drama thriller
4,342,5.0,964538500,Muriel's Wedding (1994),comedy,1994,Muriel's Wedding,3.272727272727273,33,Muriel's Wedding comedy
4,345,4.0,945629063,"Adventures of Priscilla, Queen of the Desert, The (1994)",comedy drama,1994,"Adventures of Priscilla, Queen of the Desert, The",3.5972222222222223,36,"Adventures of Priscilla, Queen of the Desert, The comedy drama"
4,348,4.0,964622786,Bullets Over Broadway (1994),comedy,1994,Bullets Over Broadway,3.583333333333333,30,Bullets Over Broadway comedy
4,351,3.0,986934901,"Corrina, Corrina (1994)",comedy drama romance,1994,"Corrina, Corrina",3.176470588235294,17,"Corrina, Corrina comedy drama romance"
4,357,3.0,964623306,Four Weddings and a Funeral (1994),comedy romance,1994,Four Weddings and a Funeral,3.5194174757281558,103,Four Weddings and a Funeral comedy romance
4,368,4.0,945078690,Maverick (1994),adventure comedy western,1994,Maverick,3.5,74,Maverick adventure comedy western
4,417,2.0,945078467,Barcelona (1994),comedy romance,1994,Barcelona,3.692307692307693,13,Barcelona comedy romance
4,450,2.0,986848828,With Honors (1994),comedy drama,1994,With Honors,3.0,7,With Honors comedy drama
4,475,5.0,945174290,In the Name of the Father (1993),drama,1993,In the Name of the Father,4.3,25,In the Name of the Father drama
4,492,5.0,945079872,Manhattan Murder Mystery (1993),comedy mystery,1993,Manhattan Murder Mystery,3.75,14,Manhattan Murder Mystery comedy mystery
4,509,1.0,945079106,"Piano, The (1993)",drama romance,1993,"Piano, The",3.540983606557377,61,"Piano, The drama romance"
4,538,5.0,945078636,Six Degrees of Separation (1993),drama,1993,Six Degrees of Separation,3.583333333333333,12,Six Degrees of Separation drama
4,539,1.0,964538832,Sleepless in Seattle (1993),comedy drama romance,1993,Sleepless in Seattle,3.4716981132075477,106,Sleepless in Seattle comedy drama romance
4,588,4.0,945079670,Aladdin (1992),adventure animation children comedy musical,1992,Aladdin,3.792349726775957,183,Aladdin adventure animation children comedy musical
4,595,3.0,986848609,Beauty and the Beast (1991),animation children fantasy musical romance imax,1991,Beauty and the Beast,3.7705479452054793,146,Beauty and the Beast animation children fantasy musical romance imax
4,599,2.0,945078587,"Wild Bunch, The (1969)",adventure western,1969,"Wild Bunch, The",3.8181818181818175,11,"Wild Bunch, The adventure western"
4,708,4.0,986935230,"Truth About Cats & Dogs, The (1996)",comedy romance,1996,"Truth About Cats & Dogs, The",3.3879310344827585,58,"Truth About Cats & Dogs, The comedy romance"
4,800,4.0,945079106,Lone Star (1996),drama mystery western,1996,Lone Star,4.157894736842105,19,Lone Star drama mystery western
4,892,4.0,964622714,Twelfth Night (1996),comedy drama romance,1996,Twelfth Night,3.5384615384615383,13,Twelfth Night comedy drama romance
4,898,5.0,964623347,"Philadelphia Story, The (1940)",comedy drama romance,1940,"Philadelphia Story, The",4.310344827586207,29,"Philadelphia Story, The comedy drama romance"
4,899,4.0,945079653,Singin' in the Rain (1952),comedy musical romance,1952,Singin' in the Rain,4.074468085106383,47,Singin' in the Rain comedy musical romance
4,902,4.0,945078446,Breakfast at Tiffany's (1961),drama romance,1961,Breakfast at Tiffany's,3.8472222222222223,36,Breakfast at Tiffany's drama romance
4,904,4.0,945079837,Rear Window (1954),mystery thriller,1954,Rear Window,4.261904761904762,84,Rear Window mystery thriller
4,908,5.0,945173902,North by Northwest (1959),action adventure mystery romance thriller,1959,North by Northwest,4.184210526315789,57,North by Northwest action adventure mystery romance thriller
4,910,5.0,945173989,Some Like It Hot (1959),comedy crime,1959,Some Like It Hot,4.01,50,Some Like It Hot comedy crime
4,912,5.0,945173902,Casablanca (1942),drama romance,1942,Casablanca,4.24,100,Casablanca drama romance
4,920,5.0,945173602,Gone with the Wind (1939),drama romance war,1939,Gone with the Wind,3.644444444444445,45,Gone with the Wind drama romance war
4,930,5.0,964538571,Notorious (1946),film-noir romance thriller,1946,Notorious,4.25,20,Notorious film-noir romance thriller
4,1057,3.0,964540578,Everyone Says I Love You (1996),comedy musical romance,1996,Everyone Says I Love You,3.466666666666667,15,Everyone Says I Love You comedy musical romance
4,1077,5.0,945173692,Sleeper (1973),comedy sci-fi,1973,Sleeper,3.75,28,Sleeper comedy sci-fi
4,1079,2.0,945078946,"Fish Called Wanda, A (1988)",comedy crime,1988,"Fish Called Wanda, A",3.9225352112676055,71,"Fish Called Wanda, A comedy crime"
4,1084,5.0,945079259,Bonnie and Clyde (1967),crime drama,1967,Bonnie and Clyde,4.071428571428571,35,Bonnie and Clyde crime drama
4,1086,5.0,964539723,Dial M for Murder (1954),crime mystery thriller,1954,Dial M for Murder,4.1,25,Dial M for Murder crime mystery thriller
4,1094,3.0,964538500,"Crying Game, The (1992)",drama romance thriller,1992,"Crying Game, The",3.4404761904761907,42,"Crying Game, The drama romance thriller"
4,1103,5.0,964539723,Rebel Without a Cause (1955),drama,1955,Rebel Without a Cause,4.1,15,Rebel Without a Cause drama
4,1179,4.0,964539180,"Grifters, The (1990)",crime drama film-noir,1990,"Grifters, The",3.6296296296296298,27,"Grifters, The crime drama film-noir"
4,1183,1.0,964778513,"English Patient, The (1996)",drama romance war,1996,"English Patient, The",3.7111111111111112,45,"English Patient, The drama romance war"
4,1188,5.0,964538500,Strictly Ballroom (1992),comedy romance,1992,Strictly Ballroom,3.659090909090909,22,Strictly Ballroom comedy romance
4,1199,2.0,945078967,Brazil (1985),fantasy sci-fi,1985,Brazil,4.177966101694915,59,Brazil fantasy sci-fi
4,1203,5.0,945174025,12 Angry Men (1957),drama,1957,12 Angry Men,4.149122807017544,57,12 Angry Men drama
4,1211,1.0,964539205,"Wings of Desire (Himmel über Berlin, Der) (1987)",drama fantasy romance,1987,"Wings of Desire (Himmel über Berlin, Der)",3.8846153846153846,13,"Wings of Desire (Himmel über Berlin, Der) drama fantasy romance"
4,1225,4.0,964539326,Amadeus (1984),drama,1984,Amadeus,4.184210526315789,76,Amadeus drama
4,1250,5.0,945174008,"Bridge on the River Kwai, The (1957)",adventure drama war,1957,"Bridge on the River Kwai, The",4.122222222222222,45,"Bridge on the River Kwai, The adventure drama war"
4,1259,4.0,964538728,Stand by Me (1986),adventure drama,1986,Stand by Me,4.0054945054945055,91,Stand by Me adventure drama
4,1266,4.0,986849037,Unforgiven (1992),drama western,1992,Unforgiven,4.111111111111111,45,Unforgiven drama western
4,1279,2.0,986934832,Night on Earth (1991),comedy drama,1991,Night on Earth,4.125,8,Night on Earth comedy drama
4,1283,5.0,945078690,High Noon (1952),drama western,1952,High Noon,4.2105263157894735,19,High Noon drama western
4,1288,4.0,945079653,This Is Spinal Tap (1984),comedy,1984,This Is Spinal Tap,4.015151515151516,66,This Is Spinal Tap comedy
4,1304,3.0,945078467,Butch Cassidy and the Sundance Kid (1969),action western,1969,Butch Cassidy and the Sundance Kid,3.943548387096774,62,Butch Cassidy and the Sundance Kid action western
4,1391,1.0,945173766,Mars Attacks! (1996),action comedy sci-fi,1996,Mars Attacks!,3.0930232558139537,86,Mars Attacks! action comedy sci-fi
4,1449,5.0,945079767,Waiting for Guffman (1996),comedy,1996,Waiting for Guffman,3.875,24,Waiting for Guffman comedy
4,1466,4.0,945173492,Donnie Brasco (1997),crime drama,1997,Donnie Brasco,3.740384615384616,52,Donnie Brasco crime drama
4,1597,1.0,945079906,Conspiracy Theory (1997),drama mystery romance thriller,1997,Conspiracy Theory,2.941860465116279,43,Conspiracy Theory drama mystery romance thriller
4,1641,4.0,964622758,"Full Monty, The (1997)",comedy drama,1997,"Full Monty, The",3.758928571428572,56,"Full Monty, The comedy drama"
4,1719,4.0,945079956,"Sweet Hereafter, The (1997)",drama,1997,"Sweet Hereafter, The",4.25,16,"Sweet Hereafter, The drama"
4,1734,3.0,964539357,My Life in Pink (Ma vie en rose) (1997),comedy drama,1997,My Life in Pink (Ma vie en rose),4.055555555555555,9,My Life in Pink (Ma vie en rose) comedy drama
4,1834,5.0,945174134,"Spanish Prisoner, The (1997)",crime drama mystery thriller,1997,"Spanish Prisoner, The",4.0,11,"Spanish Prisoner, The crime drama mystery thriller"
4,1883,4.0,964622642,Bulworth (1998),comedy drama romance,1998,Bulworth,3.270833333333333,24,Bulworth comedy drama romance
4,1885,3.0,964622617,"Opposite of Sex, The (1998)",comedy drama romance,1998,"Opposite of Sex, The",3.125,12,"Opposite of Sex, The comedy drama romance"
4,1892,2.0,964539431,"Perfect Murder, A (1998)",thriller,1998,"Perfect Murder, A",3.28125,16,"Perfect Murder, A thriller"
4,1895,4.0,945629179,Can't Hardly Wait (1998),comedy drama romance,1998,Can't Hardly Wait,3.333333333333333,15,Can't Hardly Wait comedy drama romance
4,1907,3.0,964540505,Mulan (1998),adventure animation children comedy drama musical romance,1998,Mulan,3.566666666666667,45,Mulan adventure animation children comedy drama musical romance
4,1914,4.0,964622714,Smoke Signals (1998),comedy drama,1998,Smoke Signals,3.388888888888889,9,Smoke Signals comedy drama
4,1916,1.0,986934786,Buffalo '66 (a.k.a. Buffalo 66) (1998),drama romance,1998,Buffalo '66 (a.k.a. Buffalo 66),3.4166666666666665,12,Buffalo '66 (a.k.a. Buffalo 66) drama romance
4,1923,3.0,986934870,There's Something About Mary (1998),comedy romance,1998,There's Something About Mary,3.676190476190476,105,There's Something About Mary comedy romance
4,1947,5.0,945079653,West Side Story (1961),drama musical romance,1961,West Side Story,3.602941176470588,34,West Side Story drama musical romance
4,1966,2.0,964622684,Metropolitan (1990),comedy,1990,Metropolitan,3.625,8,Metropolitan comedy
4,1968,4.0,986934786,"Breakfast Club, The (1985)",comedy drama,1985,"Breakfast Club, The",3.7787610619469034,113,"Breakfast Club, The comedy drama"
4,2019,2.0,945078690,Seven Samurai (Shichinin no samurai) (1954),action adventure drama,1954,Seven Samurai (Shichinin no samurai),4.1875,48,Seven Samurai (Shichinin no samurai) action adventure drama
4,2076,4.0,945079052,Blue Velvet (1986),drama mystery thriller,1986,Blue Velvet,3.945652173913044,46,Blue Velvet drama mystery thriller
4,2109,4.0,986935016,"Jerk, The (1979)",comedy,1979,"Jerk, The",3.3703703703703702,27,"Jerk, The comedy"
4,2145,3.0,986935328,Pretty in Pink (1986),comedy drama romance,1986,Pretty in Pink,3.242424242424242,33,Pretty in Pink comedy drama romance
4,2150,5.0,986934738,"Gods Must Be Crazy, The (1980)",adventure comedy,1980,"Gods Must Be Crazy, The",3.892857142857143,28,"Gods Must Be Crazy, The adventure comedy"
4,2186,5.0,945174008,Strangers on a Train (1951),crime drama film-noir thriller,1951,Strangers on a Train,3.98,25,Strangers on a Train crime drama film-noir thriller
4,2203,4.0,945079729,Shadow of a Doubt (1943),crime drama thriller,1943,Shadow of a Doubt,4.142857142857143,7,Shadow of a Doubt crime drama thriller
4,2282,1.0,945629238,Pecker (1998),comedy drama,1998,Pecker,3.4166666666666665,6,Pecker comedy drama
4,2324,1.0,964622590,Life Is Beautiful (La Vita è bella) (1997),comedy drama romance war,1997,Life Is Beautiful (La Vita è bella),4.1477272727272725,88,Life Is Beautiful (La Vita è bella) comedy drama romance war
4,2336,2.0,964538964,Elizabeth (1998),drama,1998,Elizabeth,3.6739130434782608,23,Elizabeth drama
4,2351,4.0,945078467,"Nights of Cabiria (Notti di Cabiria, Le) (1957)",drama,1957,"Nights of Cabiria (Notti di Cabiria, Le)",4.285714285714286,7,"Nights of Cabiria (Notti di Cabiria, Le) drama"
4,2359,4.0,964622590,Waking Ned Devine (a.k.a. Waking Ned) (1998),comedy,1998,Waking Ned Devine (a.k.a. Waking Ned),3.673076923076923,26,Waking Ned Devine (a.k.a. Waking Ned) comedy
4,2390,5.0,945079164,Little Voice (1998),comedy,1998,Little Voice,3.928571428571429,7,Little Voice comedy
4,2467,4.0,945079858,"Name of the Rose, The (Name der Rose, Der) (1986)",crime drama mystery thriller,1986,"Name of the Rose, The (Name der Rose, Der)",3.75,18,"Name of the Rose, The (Name der Rose, Der) crime drama mystery thriller"
4,2583,5.0,945078863,Cookie's Fortune (1999),comedy drama,1999,Cookie's Fortune,3.875,12,Cookie's Fortune comedy drama
4,2599,5.0,964622684,Election (1999),comedy,1999,Election,3.6607142857142856,56,Election comedy
4,2683,4.0,945079790,Austin Powers: The Spy Who Shagged Me (1999),action adventure comedy,1999,Austin Powers: The Spy Who Shagged Me,3.1983471074380163,121,Austin Powers: The Spy Who Shagged Me action adventure comedy
4,2712,2.0,945078542,Eyes Wide Shut (1999),drama mystery thriller,1999,Eyes Wide Shut,3.462264150943396,53,Eyes Wide Shut drama mystery thriller
4,2762,4.0,964539986,"Sixth Sense, The (1999)",drama horror mystery,1999,"Sixth Sense, The",3.893854748603352,179,"Sixth Sense, The drama horror mystery"
4,2763,1.0,964778621,"Thomas Crown Affair, The (1999)",action mystery,1999,"Thomas Crown Affair, The",3.6458333333333335,48,"Thomas Crown Affair, The action mystery"
4,2770,2.0,945173553,Bowfinger (1999),comedy,1999,Bowfinger,2.960526315789474,38,Bowfinger comedy
4,2791,5.0,964539628,Airplane! (1980),comedy,1980,Airplane!,3.85632183908046,87,Airplane! comedy
4,2843,5.0,945078814,"Black Cat, White Cat (Crna macka, beli macor) (1998)",comedy romance,1998,"Black Cat, White Cat (Crna macka, beli macor)",3.9444444444444446,9,"Black Cat, White Cat (Crna macka, beli macor) comedy romance"
4,2921,4.0,945078708,High Plains Drifter (1973),western,1973,High Plains Drifter,4.181818181818182,11,High Plains Drifter western
4,2926,5.0,986934870,Hairspray (1988),comedy drama,1988,Hairspray,3.3181818181818183,11,Hairspray comedy drama
4,2973,2.0,945078946,Crimes and Misdemeanors (1989),comedy crime drama,1989,Crimes and Misdemeanors,3.9166666666666665,18,Crimes and Misdemeanors comedy crime drama
4,3044,5.0,945079920,Dead Again (1991),mystery romance thriller,1991,Dead Again,3.769230769230769,13,Dead Again mystery romance thriller
4,3060,4.0,986934884,"Commitments, The (1991)",comedy drama musical,1991,"Commitments, The",3.8666666666666663,15,"Commitments, The comedy drama musical"
4,3079,3.0,964778197,Mansfield Park (1999),comedy drama romance,1999,Mansfield Park,3.083333333333333,6,Mansfield Park comedy drama romance
4,3083,5.0,964622487,All About My Mother (Todo sobre mi madre) (1999),drama,1999,All About My Mother (Todo sobre mi madre),4.157894736842105,19,All About My Mother (Todo sobre mi madre) drama
4,3160,4.0,964539121,Magnolia (1999),drama,1999,Magnolia,3.7115384615384617,52,Magnolia drama
4,3175,1.0,964538930,Galaxy Quest (1999),adventure comedy sci-fi,1999,Galaxy Quest,3.58,75,Galaxy Quest adventure comedy sci-fi
4,3204,4.0,964539828,"Boys from Brazil, The (1978)",action mystery thriller,1978,"Boys from Brazil, The",3.6875,8,"Boys from Brazil, The action mystery thriller"
4,3255,4.0,964623306,"League of Their Own, A (1992)",comedy drama,1992,"League of Their Own, A",3.466666666666667,45,"League of Their Own, A comedy drama"
4,3317,4.0,986934498,Wonder Boys (2000),comedy drama,2000,Wonder Boys,3.659090909090909,22,Wonder Boys comedy drama
4,3358,3.0,964622758,Defending Your Life (1991),comedy drama fantasy romance,1991,Defending Your Life,3.85,10,Defending Your Life comedy drama fantasy romance
4,3365,5.0,964538329,"Searchers, The (1956)",drama western,1956,"Searchers, The",4.071428571428571,7,"Searchers, The drama western"
4,3408,4.0,986849238,Erin Brockovich (2000),drama,2000,Erin Brockovich,3.5285714285714285,70,Erin Brockovich drama
4,3481,2.0,964538243,High Fidelity (2000),comedy drama romance,2000,High Fidelity,3.6666666666666665,75,High Fidelity comedy drama romance
4,3508,5.0,964538351,"Outlaw Josey Wales, The (1976)",action adventure drama thriller western,1976,"Outlaw Josey Wales, The",4.25,18,"Outlaw Josey Wales, The action adventure drama thriller western"
4,3538,2.0,986849212,East is East (1999),comedy,1999,East is East,3.2,5,East is East comedy
4,3591,1.0,986935199,Mr. Mom (1983),comedy drama,1983,Mr. Mom,2.7333333333333334,15,Mr. Mom comedy drama
4,3788,3.0,964539085,Blow-Up (Blowup) (1966),drama mystery,1966,Blow-Up (Blowup),3.6666666666666665,6,Blow-Up (Blowup) drama mystery
4,3897,4.0,986934465,Almost Famous (2000),drama,2000,Almost Famous,3.867469879518072,83,Almost Famous drama
4,3911,3.0,986849149,Best in Show (2000),comedy,2000,Best in Show,3.688679245283019,53,Best in Show comedy
4,3967,4.0,986849164,Billy Elliot (2000),drama,2000,Billy Elliot,3.8513513513513513,37,Billy Elliot drama
4,3996,4.0,986849130,"Crouching Tiger, Hidden Dragon (Wo hu cang long) (2000)",action drama romance,2000,"Crouching Tiger, Hidden Dragon (Wo hu cang long)",3.836363636363637,110,"Crouching Tiger, Hidden Dragon (Wo hu cang long) action drama romance"
4,4002,3.0,986934819,"Planes, Trains & Automobiles (1987)",comedy,1987,"Planes, Trains & Automobiles",3.851851851851852,27,"Planes, Trains & Automobiles comedy"
4,4014,1.0,986849254,Chocolat (2000),drama romance,2000,Chocolat,3.521276595744681,47,Chocolat drama romance
4,4020,3.0,986848856,"Gift, The (2000)",thriller,2000,"Gift, The",2.923076923076923,13,"Gift, The thriller"
4,4021,4.0,986849180,Before Night Falls (2000),drama,2000,Before Night Falls,4.3,5,Before Night Falls drama
4,4027,3.0,986849201,"O Brother, Where Art Thou? (2000)",adventure comedy crime,2000,"O Brother, Where Art Thou?",3.808510638297872,94,"O Brother, Where Art Thou? adventure comedy crime"
4,4029,3.0,986849226,State and Main (2000),comedy drama,2000,State and Main,3.875,12,State and Main comedy drama
4,4033,4.0,986849149,Thirteen Days (2000),drama thriller war,2000,Thirteen Days,3.923076923076923,13,Thirteen Days drama thriller war
4,4034,5.0,986848753,Traffic (2000),crime drama thriller,2000,Traffic,3.9,70,Traffic crime drama thriller
4,4121,4.0,986934901,Innerspace (1987),action adventure comedy sci-fi,1987,Innerspace,3.125,12,Innerspace action adventure comedy sci-fi
4,4144,3.0,986848685,In the Mood For Love (Fa yeung nin wa) (2000),drama romance,2000,In the Mood For Love (Fa yeung nin wa),4.214285714285714,14,In the Mood For Love (Fa yeung nin wa) drama romance
4,4226,2.0,1007569424,Memento (2000),mystery thriller,2000,Memento,4.122641509433962,159,Memento mystery thriller
4,4239,5.0,986848685,Blow (2001),crime drama,2001,Blow,3.813725490196079,51,Blow crime drama
4,4246,4.0,1007574542,Bridget Jones's Diary (2001),comedy drama romance,2001,Bridget Jones's Diary,3.623076923076923,65,Bridget Jones's Diary comedy drama romance
4,4308,1.0,1007569465,Moulin Rouge (2001),drama musical romance,2001,Moulin Rouge,3.590909090909091,55,Moulin Rouge drama musical romance
4,4641,1.0,1007569586,Ghost World (2001),comedy drama,2001,Ghost World,3.5,34,Ghost World comedy drama
4,4741,3.0,1007574532,Together (Tillsammans) (2000),comedy drama romance,2000,Together (Tillsammans),3.7142857142857135,7,Together (Tillsammans) comedy drama romance
4,4881,3.0,1007569445,"Man Who Wasn't There, The (2001)",crime drama,2001,"Man Who Wasn't There, The",3.735294117647059,17,"Man Who Wasn't There, The crime drama"
4,4896,4.0,1007574532,Harry Potter and the Sorcerer's Stone (a.k.a. Harry Potter and the Philosopher's Stone) (2001),adventure children fantasy,2001,Harry Potter and the Sorcerer's Stone (a.k.a. Harry Potter and the Philosopher's Stone),3.7616822429906542,107,Harry Potter and the Sorcerer's Stone (a.k.a. Harry Potter and the Philosopher's Stone) adventure children fantasy
4,4902,4.0,1007569465,"Devil's Backbone, The (Espinazo del diablo, El) (2001)",drama fantasy horror thriller war,2001,"Devil's Backbone, The (Espinazo del diablo, El)",3.35,10,"Devil's Backbone, The (Espinazo del diablo, El) drama fantasy horror thriller war"
4,4967,5.0,1007569424,No Man's Land (2001),drama war,2001,No Man's Land,4.1923076923076925,13,No Man's Land drama war
5,34,4.0,847434881,Babe (1995),children drama,1995,Babe,3.65234375,128,Babe children drama
5,36,4.0,847435292,Dead Man Walking (1995),crime drama,1995,Dead Man Walking,3.835820895522388,67,Dead Man Walking crime drama
5,39,3.0,847434961,Clueless (1995),comedy romance,1995,Clueless,3.293269230769231,104,Clueless comedy romance
5,150,3.0,847434748,Apollo 13 (1995),adventure drama imax,1995,Apollo 13,3.845771144278607,201,Apollo 13 adventure drama imax
5,153,3.0,847434802,Batman Forever (1995),action adventure comedy crime,1995,Batman Forever,2.916058394160584,137,Batman Forever action adventure comedy crime
5,253,3.0,847435292,Interview with the Vampire: The Vampire Chronicles (1994),drama horror,1994,Interview with the Vampire: The Vampire Chronicles,3.458715596330275,109,Interview with the Vampire: The Vampire Chronicles drama horror
5,261,4.0,847435238,Little Women (1994),drama,1994,Little Women,3.880952380952381,42,Little Women drama
5,266,1.0,847435311,Legends of the Fall (1994),drama romance war western,1994,Legends of the Fall,3.397058823529412,68,Legends of the Fall drama romance war western
5,290,5.0,847435311,Once Were Warriors (1994),crime drama,1994,Once Were Warriors,4.035714285714286,14,Once Were Warriors crime drama
5,300,3.0,847435337,Quiz Show (1994),drama,1994,Quiz Show,3.5185185185185186,81,Quiz Show drama
5,344,3.0,847434802,Ace Ventura: Pet Detective (1994),comedy,1994,Ace Ventura: Pet Detective,3.040372670807453,161,Ace Ventura: Pet Detective comedy
5,364,3.0,847434882,"Lion King, The (1994)",adventure animation children drama musical imax,1994,"Lion King, The",3.941860465116279,172,"Lion King, The adventure animation children drama musical imax"
5,380,2.0,847434748,True Lies (1994),action adventure comedy romance thriller,1994,True Lies,3.497191011235955,178,True Lies action adventure comedy romance thriller
5,410,3.0,847435292,Addams Family Values (1993),children comedy fantasy,1993,Addams Family Values,3.1011904761904763,84,Addams Family Values children comedy fantasy
5,474,4.0,847435337,In the Line of Fire (1993),action thriller,1993,In the Line of Fire,3.692857142857143,70,In the Line of Fire action thriller
5,515,3.0,847435129,"Remains of the Day, The (1993)",drama romance,1993,"Remains of the Day, The",3.6041666666666665,24,"Remains of the Day, The drama romance"
5,531,4.0,847435258,"Secret Garden, The (1993)",children drama,1993,"Secret Garden, The",3.25,24,"Secret Garden, The children drama"
5,534,3.0,847435311,Shadowlands (1993),drama romance,1993,Shadowlands,3.607142857142857,14,Shadowlands drama romance
5,589,3.0,847435258,Terminator 2: Judgment Day (1991),action sci-fi,1991,Terminator 2: Judgment Day,3.970982142857143,224,Terminator 2: Judgment Day action sci-fi
5,594,5.0,847435238,Snow White and the Seven Dwarfs (1937),animation children drama fantasy musical,1937,Snow White and the Seven Dwarfs,3.616883116883117,77,Snow White and the Seven Dwarfs animation children drama fantasy musical
5,597,3.0,847434962,Pretty Woman (1990),comedy romance,1990,Pretty Woman,3.4851851851851854,135,Pretty Woman comedy romance
6,2,4.0,845553522,Jumanji (1995),adventure children fantasy,1995,Jumanji,3.4318181818181817,110,Jumanji adventure children fantasy
6,4,3.0,845554349,Waiting to Exhale (1995),comedy drama romance,1995,Waiting to Exhale,2.357142857142857,7,Waiting to Exhale comedy drama romance
6,5,5.0,845553938,Father of the Bride Part II (1995),comedy,1995,Father of the Bride Part II,3.071428571428572,49,Father of the Bride Part II comedy
6,7,4.0,845554264,Sabrina (1995),comedy romance,1995,Sabrina,3.185185185185185,54,Sabrina comedy romance
6,8,3.0,845555281,Tom and Huck (1995),adventure children,1995,Tom and Huck,2.875,8,Tom and Huck adventure children
6,10,3.0,845553253,GoldenEye (1995),action adventure thriller,1995,GoldenEye,3.496212121212121,132,GoldenEye action adventure thriller
6,11,4.0,845553489,"American President, The (1995)",comedy drama romance,1995,"American President, The",3.6714285714285713,70,"American President, The comedy drama romance"
6,13,3.0,845555588,Balto (1995),adventure animation children,1995,Balto,3.125,8,Balto adventure animation children
6,15,4.0,845554505,Cutthroat Island (1995),action adventure romance,1995,Cutthroat Island,3.0,13,Cutthroat Island action adventure romance
6,16,4.0,845553819,Casino (1995),crime drama,1995,Casino,3.926829268292683,82,Casino crime drama
6,17,4.0,845553559,Sense and Sensibility (1995),drama romance,1995,Sense and Sensibility,3.776119402985074,67,Sense and Sensibility drama romance
6,19,2.0,845553382,Ace Ventura: When Nature Calls (1995),comedy,1995,Ace Ventura: When Nature Calls,2.727272727272727,88,Ace Ventura: When Nature Calls comedy
6,22,5.0,845553875,Copycat (1995),crime drama horror mystery thriller,1995,Copycat,3.2222222222222223,36,Copycat crime drama horror mystery thriller
6,24,4.0,845554397,Powder (1995),drama sci-fi,1995,Powder,3.125,28,Powder drama sci-fi
6,25,3.0,845553695,Leaving Las Vegas (1995),drama romance,1995,Leaving Las Vegas,3.625,76,Leaving Las Vegas drama romance
6,26,4.0,845555362,Othello (1995),drama,1995,Othello,3.5,13,Othello drama
6,27,3.0,845555402,Now and Then (1995),children drama,1995,Now and Then,3.333333333333333,9,Now and Then children drama
6,41,4.0,845554962,Richard III (1995),drama war,1995,Richard III,3.7,15,Richard III drama war
6,43,4.0,845555607,Restoration (1995),drama,1995,Restoration,3.1875,8,Restoration drama
6,46,4.0,845554551,How to Make an American Quilt (1995),drama romance,1995,How to Make an American Quilt,3.066666666666667,15,How to Make an American Quilt drama romance
6,60,4.0,845554263,"Indian in the Cupboard, The (1995)",adventure children fantasy,1995,"Indian in the Cupboard, The",3.235294117647059,34,"Indian in the Cupboard, The adventure children fantasy"
6,61,4.0,845555454,Eye for an Eye (1996),drama thriller,1996,Eye for an Eye,3.75,6,Eye for an Eye drama thriller
6,62,4.0,845553660,Mr. Holland's Opus (1995),drama,1995,Mr. Holland's Opus,3.70625,80,Mr. Holland's Opus drama
6,65,3.0,845555070,Bio-Dome (1996),comedy,1996,Bio-Dome,2.532258064516129,31,Bio-Dome comedy
6,66,3.0,845555151,Lawnmower Man 2: Beyond Cyberspace (1996),action sci-fi thriller,1996,Lawnmower Man 2: Beyond Cyberspace,2.5,9,Lawnmower Man 2: Beyond Cyberspace action sci-fi thriller
6,76,4.0,845555317,Screamers (1995),action sci-fi thriller,1995,Screamers,3.4,15,Screamers action sci-fi thriller
6,79,3.0,845554907,"Juror, The (1996)",drama thriller,1996,"Juror, The",2.764705882352941,17,"Juror, The drama thriller"
6,86,5.0,845556131,White Squall (1996),action adventure drama,1996,White Squall,3.966666666666667,15,White Squall action adventure drama
6,87,3.0,845555300,Dunston Checks In (1996),children comedy,1996,Dunston Checks In,2.5,7,Dunston Checks In children comedy
6,88,2.0,845555694,Black Sheep (1996),comedy,1996,Black Sheep,3.15625,16,Black Sheep comedy
6,89,4.0,845555124,Nick of Time (1995),action thriller,1995,Nick of Time,3.25,10,Nick of Time action thriller
6,92,4.0,845555454,Mary Reilly (1996),drama horror thriller,1996,Mary Reilly,2.625,8,Mary Reilly drama horror thriller
6,93,4.0,845554584,Vampire in Brooklyn (1995),comedy horror romance,1995,Vampire in Brooklyn,2.833333333333333,9,Vampire in Brooklyn comedy horror romance
6,95,4.0,845553559,Broken Arrow (1996),action adventure thriller,1996,Broken Arrow,3.023809523809524,84,Broken Arrow action adventure thriller
6,100,3.0,845555151,City Hall (1996),drama thriller,1996,City Hall,2.7857142857142856,14,City Hall drama thriller
6,102,1.0,845555436,Mr. Wrong (1996),comedy,1996,Mr. Wrong,2.4,5,Mr. Wrong comedy
6,104,4.0,845554349,Happy Gilmore (1996),comedy,1996,Happy Gilmore,3.4393939393939394,99,Happy Gilmore comedy
6,105,3.0,845553757,"Bridges of Madison County, The (1995)",drama romance,1995,"Bridges of Madison County, The",3.282608695652174,23,"Bridges of Madison County, The drama romance"
6,112,4.0,845553994,Rumble in the Bronx (Hont faan kui) (1995),action adventure comedy crime,1995,Rumble in the Bronx (Hont faan kui),3.5434782608695654,46,Rumble in the Bronx (Hont faan kui) action adventure comedy crime
6,135,3.0,845554987,Down Periscope (1996),comedy,1996,Down Periscope,2.9516129032258065,31,Down Periscope comedy
6,140,3.0,845555024,Up Close and Personal (1996),drama romance,1996,Up Close and Personal,3.5,16,Up Close and Personal drama romance
6,141,4.0,845553586,"Birdcage, The (1996)",comedy,1996,"Birdcage, The",3.494186046511628,86,"Birdcage, The comedy"
6,145,4.0,845553966,Bad Boys (1995),action comedy crime drama thriller,1995,Bad Boys,3.2450980392156863,51,Bad Boys action comedy crime drama thriller
6,158,4.0,845553660,Casper (1995),adventure children,1995,Casper,2.806451612903226,62,Casper adventure children
6,159,3.0,845555006,Clockers (1995),crime drama mystery,1995,Clockers,2.892857142857143,14,Clockers crime drama mystery
6,160,5.0,845553457,Congo (1995),action adventure mystery sci-fi,1995,Congo,2.8771929824561404,57,Congo action adventure mystery sci-fi
6,161,3.0,845553253,Crimson Tide (1995),drama thriller war,1995,Crimson Tide,3.6359223300970873,103,Crimson Tide drama thriller war
6,165,3.0,845553146,Die Hard: With a Vengeance (1995),action crime thriller,1995,Die Hard: With a Vengeance,3.555555555555556,144,Die Hard: With a Vengeance action crime thriller
6,168,5.0,845553695,First Knight (1995),action drama romance,1995,First Knight,3.083333333333333,54,First Knight action drama romance
6,170,3.0,845554263,Hackers (1995),action adventure crime thriller,1995,Hackers,3.2285714285714286,35,Hackers action adventure crime thriller
6,174,3.0,845554479,Jury Duty (1995),comedy,1995,Jury Duty,2.7,10,Jury Duty comedy
6,177,3.0,845554931,Lord of Illusions (1995),horror,1995,Lord of Illusions,2.75,8,Lord of Illusions horror
6,180,2.0,845555006,Mallrats (1995),comedy romance,1995,Mallrats,3.4027777777777777,36,Mallrats comedy romance
6,181,3.0,845553938,Mighty Morphin Power Rangers: The Movie (1995),action children,1995,Mighty Morphin Power Rangers: The Movie,2.264705882352941,17,Mighty Morphin Power Rangers: The Movie action children
6,185,3.0,845553283,"Net, The (1995)",action crime thriller,1995,"Net, The",3.040178571428572,112,"Net, The action crime thriller"
6,186,3.0,845553619,Nine Months (1995),comedy romance,1995,Nine Months,2.8229166666666665,48,Nine Months comedy romance
6,191,2.0,845554931,"Scarlet Letter, The (1995)",drama romance,1995,"Scarlet Letter, The",2.4166666666666665,6,"Scarlet Letter, The drama romance"
6,195,4.0,845554455,Something to Talk About (1995),comedy drama romance,1995,Something to Talk About,3.1,10,Something to Talk About comedy drama romance
6,196,3.0,845553586,Species (1995),horror sci-fi,1995,Species,2.6666666666666665,45,Species horror sci-fi
6,204,3.0,845553619,Under Siege 2: Dark Territory (1995),action,1995,Under Siege 2: Dark Territory,2.716666666666667,30,Under Siege 2: Dark Territory action
6,205,3.0,845555477,Unstrung Heroes (1995),comedy drama,1995,Unstrung Heroes,3.1666666666666665,9,Unstrung Heroes comedy drama
6,207,4.0,845554024,"Walk in the Clouds, A (1995)",drama romance,1995,"Walk in the Clouds, A",3.4285714285714284,21,"Walk in the Clouds, A drama romance"
6,208,3.0,845553253,Waterworld (1995),action adventure sci-fi,1995,Waterworld,2.9130434782608696,115,Waterworld action adventure sci-fi
6,217,3.0,845555382,"Babysitter, The (1995)",drama thriller,1995,"Babysitter, The",2.333333333333333,6,"Babysitter, The drama thriller"
6,218,2.0,845553994,Boys on the Side (1995),comedy drama,1995,Boys on the Side,3.4285714285714284,14,Boys on the Side comedy drama
6,224,3.0,845553794,Don Juan DeMarco (1995),comedy drama romance,1995,Don Juan DeMarco,3.6125,40,Don Juan DeMarco comedy drama romance
6,225,4.0,845553381,Disclosure (1994),drama thriller,1994,Disclosure,3.5384615384615383,52,Disclosure drama thriller
6,230,5.0,845553966,Dolores Claiborne (1995),drama thriller,1995,Dolores Claiborne,3.395833333333333,24,Dolores Claiborne drama thriller
6,234,2.0,845554176,Exit to Eden (1994),comedy,1994,Exit to Eden,2.588235294117647,17,Exit to Eden comedy
6,236,4.0,845553559,French Kiss (1995),action comedy romance,1995,French Kiss,3.477777777777778,45,French Kiss action comedy romance
6,237,4.0,845553875,Forget Paris (1995),comedy romance,1995,Forget Paris,3.340909090909091,22,Forget Paris comedy romance
6,239,3.0,845554987,"Goofy Movie, A (1995)",animation children comedy romance,1995,"Goofy Movie, A",3.0,17,"Goofy Movie, A animation children comedy romance"
6,248,5.0,845554263,Houseguest (1994),comedy,1994,Houseguest,3.176470588235294,17,Houseguest comedy
6,250,4.0,845555588,Heavyweights (Heavy Weights) (1995),children comedy,1995,Heavyweights (Heavy Weights),2.5,6,Heavyweights (Heavy Weights) children comedy
6,252,4.0,845553619,I.Q. (1994),comedy romance,1994,I.Q.,3.453488372093023,43,I.Q. comedy romance
6,256,3.0,845553726,Junior (1994),comedy sci-fi,1994,Junior,2.8285714285714287,35,Junior comedy sci-fi
6,257,5.0,845554176,Just Cause (1995),mystery thriller,1995,Just Cause,3.5,14,Just Cause mystery thriller
6,258,3.0,845555172,"Kid in King Arthur's Court, A (1995)",adventure children comedy fantasy romance,1995,"Kid in King Arthur's Court, A",2.6,10,"Kid in King Arthur's Court, A adventure children comedy fantasy romance"
6,262,5.0,845554551,"Little Princess, A (1995)",children drama,1995,"Little Princess, A",3.9047619047619047,21,"Little Princess, A children drama"
6,267,3.0,845554376,Major Payne (1995),comedy,1995,Major Payne,2.9411764705882355,17,Major Payne comedy
6,270,3.0,845555172,Love Affair (1994),drama romance,1994,Love Affair,3.4,5,Love Affair drama romance
6,273,3.0,845553875,Mary Shelley's Frankenstein (Frankenstein) (1994),drama horror sci-fi,1994,Mary Shelley's Frankenstein (Frankenstein),2.946428571428572,28,Mary Shelley's Frankenstein (Frankenstein) drama horror sci-fi
6,274,4.0,845555151,Man of the House (1995),comedy,1995,Man of the House,2.9285714285714284,7,Man of the House comedy
6,276,4.0,845553907,Milk Money (1994),comedy romance,1994,Milk Money,3.25,22,Milk Money comedy romance
6,277,5.0,845553844,Miracle on 34th Street (1994),drama,1994,Miracle on 34th Street,3.223684210526316,38,Miracle on 34th Street drama
6,281,4.0,845554320,Nobody's Fool (1994),comedy drama romance,1994,Nobody's Fool,3.7857142857142856,14,Nobody's Fool comedy drama romance
6,282,3.0,845553522,Nell (1994),drama,1994,Nell,3.3375,40,Nell drama
6,288,2.0,845553283,Natural Born Killers (1994),action crime thriller,1994,Natural Born Killers,3.233695652173913,92,Natural Born Killers action crime thriller
6,289,3.0,845554455,Only You (1994),comedy romance,1994,Only You,3.5625,8,Only You comedy romance
6,292,4.0,845553253,Outbreak (1995),action drama sci-fi thriller,1995,Outbreak,3.4257425742574257,101,Outbreak action drama sci-fi thriller
6,293,3.0,845553660,Léon: The Professional (a.k.a. The Professional) (Léon) (1994),action crime drama thriller,1994,Léon: The Professional (a.k.a. The Professional) (Léon),4.018796992481203,133,Léon: The Professional (a.k.a. The Professional) (Léon) action crime drama thriller
6,302,3.0,845555436,"Queen Margot (Reine Margot, La) (1994)",drama romance,1994,"Queen Margot (Reine Margot, La)",3.2,5,"Queen Margot (Reine Margot, La) drama romance"
6,303,3.0,845554099,"Quick and the Dead, The (1995)",action thriller western,1995,"Quick and the Dead, The",2.953125,32,"Quick and the Dead, The action thriller western"
6,312,1.0,845555151,Stuart Saves His Family (1995),comedy,1995,Stuart Saves His Family,1.4444444444444444,9,Stuart Saves His Family comedy
6,314,5.0,845554603,"Secret of Roan Inish, The (1994)",children drama fantasy mystery,1994,"Secret of Roan Inish, The",3.75,16,"Secret of Roan Inish, The children drama fantasy mystery"
6,315,4.0,845553522,"Specialist, The (1994)",action drama thriller,1994,"Specialist, The",3.0789473684210527,38,"Specialist, The action drama thriller"
6,317,4.0,845553457,"Santa Clause, The (1994)",comedy drama fantasy,1994,"Santa Clause, The",3.203703703703704,81,"Santa Clause, The comedy drama fantasy"
6,327,1.0,845554062,Tank Girl (1995),action comedy sci-fi,1995,Tank Girl,2.823529411764706,34,Tank Girl action comedy sci-fi
6,329,4.0,845553200,Star Trek: Generations (1994),adventure drama sci-fi,1994,Star Trek: Generations,3.3935185185185186,108,Star Trek: Generations adventure drama sci-fi
6,330,3.0,845555071,Tales from the Hood (1995),action crime horror,1995,Tales from the Hood,3.0,6,Tales from the Hood action crime horror
6,332,3.0,845555046,Village of the Damned (1995),horror sci-fi,1995,Village of the Damned,2.833333333333333,12,Village of the Damned horror sci-fi
6,337,5.0,845553586,What's Eating Gilbert Grape (1993),drama,1993,What's Eating Gilbert Grape,3.7662337662337664,77,What's Eating Gilbert Grape drama
6,339,4.0,845553253,While You Were Sleeping (1995),comedy romance,1995,While You Were Sleeping,3.4693877551020407,98,While You Were Sleeping comedy romance
6,340,4.0,845555265,"War, The (1994)",adventure drama war,1994,"War, The",3.4,5,"War, The adventure drama war"
6,343,3.0,845555172,"Baby-Sitters Club, The (1995)",children,1995,"Baby-Sitters Club, The",2.9,5,"Baby-Sitters Club, The children"
6,347,3.0,845555300,Bitter Moon (1992),drama film-noir romance,1992,Bitter Moon,3.5,6,Bitter Moon drama film-noir romance
6,350,5.0,845553489,"Client, The (1994)",drama mystery thriller,1994,"Client, The",3.3859649122807016,57,"Client, The drama mystery thriller"
6,353,4.0,845553726,"Crow, The (1994)",action crime fantasy thriller,1994,"Crow, The",3.609375,64,"Crow, The action crime fantasy thriller"
6,354,4.0,845555402,Cobb (1994),drama,1994,Cobb,3.333333333333333,6,Cobb drama
6,355,4.0,845553819,"Flintstones, The (1994)",children comedy fantasy,1994,"Flintstones, The",2.357142857142857,42,"Flintstones, The children comedy fantasy"
6,358,3.0,845555265,Higher Learning (1995),drama,1995,Higher Learning,2.6666666666666665,9,Higher Learning drama
6,360,3.0,845555094,I Love Trouble (1994),action comedy,1994,I Love Trouble,2.6875,8,I Love Trouble action comedy
6,361,4.0,845554376,It Could Happen to You (1994),comedy drama romance,1994,It Could Happen to You,3.0588235294117645,17,It Could Happen to You comedy drama romance
6,366,3.0,845554962,"Wes Craven's New Nightmare (Nightmare on Elm Street Part 7: Freddy's Finale, A) (1994)",drama horror mystery thriller,1994,"Wes Craven's New Nightmare (Nightmare on Elm Street Part 7: Freddy's Finale, A)",2.9166666666666665,12,"Wes Craven's New Nightmare (Nightmare on Elm Street Part 7: Freddy's Finale, A) drama horror mystery thriller"
6,370,4.0,845553794,Naked Gun 33 1/3: The Final Insult (1994),action comedy,1994,Naked Gun 33 1/3: The Final Insult,3.060344827586207,58,Naked Gun 33 1/3: The Final Insult action comedy
6,371,3.0,845554141,"Paper, The (1994)",comedy drama,1994,"Paper, The",3.3095238095238093,21,"Paper, The comedy drama"
6,374,3.0,845554296,Richie Rich (1994),children comedy,1994,Richie Rich,2.2,25,Richie Rich children comedy
6,377,5.0,845553317,Speed (1994),action romance thriller,1994,Speed,3.5292397660818717,171,Speed action romance thriller
6,378,3.0,845554987,Speechless (1994),comedy romance,1994,Speechless,2.7857142857142856,7,Speechless comedy romance
6,381,3.0,845553994,When a Man Loves a Woman (1994),drama romance,1994,When a Man Loves a Woman,3.8181818181818175,11,When a Man Loves a Woman drama romance
6,382,3.0,845554397,Wolf (1994),drama horror romance thriller,1994,Wolf,3.15625,16,Wolf drama horror romance thriller
6,383,3.0,845554320,Wyatt Earp (1994),western,1994,Wyatt Earp,3.095238095238096,21,Wyatt Earp western
6,405,3.0,845554603,Highlander III: The Sorcerer (a.k.a. Highlander: The Final Dimension) (1994),action fantasy,1994,Highlander III: The Sorcerer (a.k.a. Highlander: The Final Dimension),2.4166666666666665,12,Highlander III: The Sorcerer (a.k.a. Highlander: The Final Dimension) action fantasy
6,412,3.0,845554505,"Age of Innocence, The (1993)",drama,1993,"Age of Innocence, The",3.5,15,"Age of Innocence, The drama"
6,415,4.0,845554420,Another Stakeout (1993),comedy thriller,1993,Another Stakeout,2.53125,16,Another Stakeout comedy thriller
6,416,3.0,845554962,Bad Girls (1994),western,1994,Bad Girls,2.5,8,Bad Girls western
6,419,3.0,845554224,"Beverly Hillbillies, The (1993)",comedy,1993,"Beverly Hillbillies, The",2.675,20,"Beverly Hillbillies, The comedy"
6,426,3.0,845554551,Body Snatchers (1993),horror sci-fi thriller,1993,Body Snatchers,3.142857142857143,7,Body Snatchers horror sci-fi thriller
6,432,5.0,845553489,City Slickers II: The Legend of Curly's Gold (1994),adventure comedy western,1994,City Slickers II: The Legend of Curly's Gold,2.645454545454545,55,City Slickers II: The Legend of Curly's Gold adventure comedy western
6,434,4.0,845553200,Cliffhanger (1993),action adventure thriller,1993,Cliffhanger,3.0346534653465347,101,Cliffhanger action adventure thriller
6,435,3.0,845553489,Coneheads (1993),comedy sci-fi,1993,Coneheads,2.4206349206349205,63,Coneheads comedy sci-fi
6,437,3.0,845554505,Cops and Robbersons (1994),comedy,1994,Cops and Robbersons,2.1666666666666665,9,Cops and Robbersons comedy
6,440,4.0,845553457,Dave (1993),comedy romance,1993,Dave,3.546052631578948,76,Dave comedy romance
6,445,3.0,845555124,Fatal Instinct (1993),comedy,1993,Fatal Instinct,3.0,12,Fatal Instinct comedy
6,454,4.0,845553283,"Firm, The (1993)",drama thriller,1993,"Firm, The",3.5346534653465347,101,"Firm, The drama thriller"
6,455,3.0,845554062,Free Willy (1993),adventure children drama,1993,Free Willy,2.391891891891892,37,Free Willy adventure children drama
6,458,3.0,845555546,Geronimo: An American Legend (1993),drama western,1993,Geronimo: An American Legend,2.8,5,Geronimo: An American Legend drama western
6,466,2.0,845553844,Hot Shots! Part Deux (1993),action comedy war,1993,Hot Shots! Part Deux,2.8666666666666667,60,Hot Shots! Part Deux action comedy war
6,468,4.0,845553907,"Englishman Who Went Up a Hill But Came Down a Mountain, The (1995)",comedy romance,1995,"Englishman Who Went Up a Hill But Came Down a Mountain, The",3.2045454545454546,22,"Englishman Who Went Up a Hill But Came Down a Mountain, The comedy romance"
6,469,4.0,845555477,"House of the Spirits, The (1993)",drama romance,1993,"House of the Spirits, The",3.4,5,"House of the Spirits, The drama romance"
6,472,3.0,845555632,I'll Do Anything (1994),comedy drama,1994,I'll Do Anything,2.583333333333333,6,I'll Do Anything comedy drama
6,477,4.0,845554141,What's Love Got to Do with It? (1993),drama musical,1993,What's Love Got to Do with It?,3.3823529411764706,17,What's Love Got to Do with It? drama musical
6,485,3.0,845553794,Last Action Hero (1993),action adventure comedy fantasy,1993,Last Action Hero,2.9339622641509435,53,Last Action Hero action adventure comedy fantasy
6,489,3.0,845554505,Made in America (1993),comedy,1993,Made in America,2.863636363636364,11,Made in America comedy
6,490,3.0,845554584,Malice (1993),thriller,1993,Malice,3.0,12,Malice thriller
6,491,4.0,845554141,"Man Without a Face, The (1993)",drama,1993,"Man Without a Face, The",3.294117647058824,17,"Man Without a Face, The drama"
6,493,3.0,845555172,Menace II Society (1993),action crime drama,1993,Menace II Society,3.6666666666666665,12,Menace II Society action crime drama
6,494,3.0,845554176,Executive Decision (1996),action adventure thriller,1996,Executive Decision,3.3780487804878048,41,Executive Decision action adventure thriller
6,497,3.0,845553819,Much Ado About Nothing (1993),comedy romance,1993,Much Ado About Nothing,3.813953488372093,43,Much Ado About Nothing comedy romance
6,502,3.0,845554455,"Next Karate Kid, The (1994)",action children romance,1994,"Next Karate Kid, The",2.3666666666666667,15,"Next Karate Kid, The action children romance"
6,505,3.0,845555317,North (1994),comedy,1994,North,2.2142857142857144,7,North comedy
6,508,4.0,845553586,Philadelphia (1993),drama,1993,Philadelphia,3.613636363636364,66,Philadelphia drama
6,516,4.0,845554908,Renaissance Man (1994),comedy drama,1994,Renaissance Man,3.055555555555556,18,Renaissance Man comedy drama
6,520,3.0,845553844,Robin Hood: Men in Tights (1993),comedy,1993,Robin Hood: Men in Tights,3.130434782608696,69,Robin Hood: Men in Tights comedy
6,524,3.0,845554479,Rudy (1993),drama,1993,Rudy,3.485294117647059,34,Rudy drama
6,532,3.0,845554224,Serial Mom (1994),comedy crime horror,1994,Serial Mom,3.0,16,Serial Mom comedy crime horror
6,537,3.0,845554551,Sirens (1994),drama,1994,Sirens,3.1666666666666665,12,Sirens drama
6,540,3.0,845554099,Sliver (1993),thriller,1993,Sliver,2.6666666666666665,18,Sliver thriller
6,542,4.0,845554524,Son in Law (1993),comedy drama romance,1993,Son in Law,2.7857142857142856,14,Son in Law comedy drama romance
6,546,2.0,845554349,Super Mario Bros. (1993),action adventure children comedy fantasy sci-fi,1993,Super Mario Bros.,2.0,21,Super Mario Bros. action adventure children comedy fantasy sci-fi
6,548,3.0,845554908,Terminal Velocity (1994),action mystery thriller,1994,Terminal Velocity,2.75,6,Terminal Velocity action mystery thriller
6,569,4.0,845555342,Little Big League (1994),comedy drama,1994,Little Big League,2.6666666666666665,6,Little Big League comedy drama
6,575,3.0,845555070,"Little Rascals, The (1994)",children comedy,1994,"Little Rascals, The",2.65625,16,"Little Rascals, The children comedy"
6,587,5.0,845553381,Ghost (1990),comedy drama fantasy romance thriller,1990,Ghost,3.4347826086956523,115,Ghost comedy drama fantasy romance thriller
6,609,4.0,845555342,Homeward Bound II: Lost in San Francisco (1996),adventure children,1996,Homeward Bound II: Lost in San Francisco,3.571428571428572,14,Homeward Bound II: Lost in San Francisco adventure children
6,616,5.0,845554062,"Aristocats, The (1970)",animation children,1970,"Aristocats, The",3.411111111111111,45,"Aristocats, The animation children"
6,628,3.0,845555300,Primal Fear (1996),crime drama mystery thriller,1996,Primal Fear,3.642857142857143,35,Primal Fear crime drama mystery thriller
6,631,4.0,845555265,All Dogs Go to Heaven 2 (1996),adventure animation children fantasy musical romance,1996,All Dogs Go to Heaven 2,3.1818181818181817,11,All Dogs Go to Heaven 2 adventure animation children fantasy musical romance
6,637,4.0,845555046,Sgt. Bilko (1996),comedy,1996,Sgt. Bilko,3.0454545454545454,33,Sgt. Bilko comedy
6,640,1.0,845555362,Diabolique (1996),drama thriller,1996,Diabolique,2.6818181818181817,11,Diabolique drama thriller
6,662,3.0,845556147,Fear (1996),thriller,1996,Fear,3.2857142857142856,7,Fear thriller
6,667,3.0,845555342,Bloodsport 2 (a.k.a. Bloodsport II: The Next Kumite) (1996),action,1996,Bloodsport 2 (a.k.a. Bloodsport II: The Next Kumite),2.8125,8,Bloodsport 2 (a.k.a. Bloodsport II: The Next Kumite) action
6,694,3.0,845555694,"Substitute, The (1996)",action crime drama,1996,"Substitute, The",2.9545454545454546,11,"Substitute, The action crime drama"
6,697,3.0,845556378,Feeling Minnesota (1996),drama romance,1996,Feeling Minnesota,2.7,5,Feeling Minnesota drama romance
6,700,4.0,845556147,Angus (1995),comedy,1995,Angus,3.2142857142857144,7,Angus comedy
6,704,3.0,845555571,"Quest, The (1996)",action adventure,1996,"Quest, The",2.571428571428572,7,"Quest, The action adventure"
6,709,5.0,845555249,Oliver & Company (1988),adventure animation children comedy musical,1988,Oliver & Company,3.090909090909091,11,Oliver & Company adventure animation children comedy musical
6,710,3.0,845556223,Celtic Pride (1996),comedy,1996,Celtic Pride,2.5625,8,Celtic Pride comedy
6,711,4.0,845555317,Flipper (1996),adventure children,1996,Flipper,3.05,10,Flipper adventure children
6,719,2.0,845555694,Multiplicity (1996),comedy,1996,Multiplicity,2.842857142857143,35,Multiplicity comedy
6,762,1.0,845555006,Striptease (1996),comedy crime,1996,Striptease,2.414634146341464,41,Striptease comedy crime
6,765,3.0,845555632,Jack (1996),comedy drama,1996,Jack,3.1578947368421053,19,Jack comedy drama
6,783,5.0,845554584,"Hunchback of Notre Dame, The (1996)",animation children drama musical romance,1996,"Hunchback of Notre Dame, The",3.3297872340425534,47,"Hunchback of Notre Dame, The animation children drama musical romance"
6,799,3.0,845555656,"Frighteners, The (1996)",comedy horror thriller,1996,"Frighteners, The",3.4565217391304346,23,"Frighteners, The comedy horror thriller"
6,801,3.0,845556194,Harriet the Spy (1996),children comedy,1996,Harriet the Spy,3.136363636363636,11,Harriet the Spy children comedy
6,802,4.0,845554584,Phenomenon (1996),drama romance,1996,Phenomenon,3.3369565217391304,46,Phenomenon drama romance
6,818,3.0,845555514,"Very Brady Sequel, A (1996)",comedy,1996,"Very Brady Sequel, A",3.25,10,"Very Brady Sequel, A comedy"
6,830,5.0,845556222,"First Wives Club, The (1996)",comedy,1996,"First Wives Club, The",3.071428571428572,21,"First Wives Club, The comedy"
6,837,3.0,845556241,Matilda (1996),children comedy fantasy,1996,Matilda,3.272727272727273,33,Matilda children comedy fantasy
6,838,4.0,845555514,Emma (1996),comedy drama romance,1996,Emma,3.9166666666666665,30,Emma comedy drama romance
6,839,3.0,845556120,"Crow: City of Angels, The (1996)",action thriller,1996,"Crow: City of Angels, The",2.833333333333333,15,"Crow: City of Angels, The action thriller"
6,842,3.0,845555675,Tales from the Crypt Presents: Bordello of Blood (1996),comedy horror,1996,Tales from the Crypt Presents: Bordello of Blood,2.5416666666666665,12,Tales from the Crypt Presents: Bordello of Blood comedy horror
6,848,4.0,845556340,"Spitfire Grill, The (1996)",drama,1996,"Spitfire Grill, The",3.2857142857142856,7,"Spitfire Grill, The drama"
6,852,4.0,845555694,Tin Cup (1996),comedy drama romance,1996,Tin Cup,3.1744186046511627,43,Tin Cup comedy drama romance
6,880,3.0,845556181,"Island of Dr. Moreau, The (1996)",sci-fi thriller,1996,"Island of Dr. Moreau, The",2.740740740740741,27,"Island of Dr. Moreau, The sci-fi thriller"
6,881,3.0,845556340,First Kid (1996),children comedy,1996,First Kid,2.1,5,First Kid children comedy
6,891,3.0,845556241,Halloween: The Curse of Michael Myers (Halloween 6: The Curse of Michael Myers) (1995),horror thriller,1995,Halloween: The Curse of Michael Myers (Halloween 6: The Curse of Michael Myers),3.8,5,Halloween: The Curse of Michael Myers (Halloween 6: The Curse of Michael Myers) horror thriller
6,986,4.0,845556475,Fly Away Home (1996),adventure children,1996,Fly Away Home,3.5384615384615383,13,Fly Away Home adventure children
6,991,4.0,845556808,Michael Collins (1996),drama,1996,Michael Collins,3.3181818181818183,11,Michael Collins drama
6,996,4.0,845556323,Last Man Standing (1996),action crime drama thriller,1996,Last Man Standing,2.5,13,Last Man Standing action crime drama thriller
6,999,2.0,845556412,2 Days in the Valley (1996),crime film-noir,1996,2 Days in the Valley,3.0416666666666665,12,2 Days in the Valley crime film-noir
6,1004,4.0,845556506,"Glimmer Man, The (1996)",action thriller,1996,"Glimmer Man, The",3.0,6,"Glimmer Man, The action thriller"
6,1006,4.0,845556694,"Chamber, The (1996)",drama,1996,"Chamber, The",3.5,5,"Chamber, The drama"
6,1061,4.0,845556860,Sleepers (1996),thriller,1996,Sleepers,3.672413793103448,29,Sleepers thriller
6,1064,4.0,845556579,Aladdin and the King of Thieves (1996),animation children comedy fantasy musical romance,1996,Aladdin and the King of Thieves,3.1538461538461537,13,Aladdin and the King of Thieves animation children comedy fantasy musical romance
6,1082,4.0,845556278,"Candidate, The (1972)",drama,1972,"Candidate, The",3.583333333333333,6,"Candidate, The drama"
7,750,4.0,1106636810,Dr. Strangelove or: How I Learned to Stop Worrying and Love the Bomb (1964),comedy war,1964,Dr. Strangelove or: How I Learned to Stop Worrying and Love the Bomb,4.268041237113402,97,Dr. Strangelove or: How I Learned to Stop Worrying and Love the Bomb comedy war
7,924,4.0,1106712615,2001: A Space Odyssey (1968),adventure drama sci-fi,1968,2001: A Space Odyssey,3.8944954128440368,109,2001: A Space Odyssey adventure drama sci-fi
7,1101,4.0,1106635502,Top Gun (1986),action romance,1986,Top Gun,3.3012048192771086,83,Top Gun action romance
7,1246,1.5,1106635678,Dead Poets Society (1989),drama,1989,Dead Poets Society,3.9593023255813953,86,Dead Poets Society drama
7,1584,5.0,1106635423,Contact (1997),drama sci-fi,1997,Contact,3.652439024390244,82,Contact drama sci-fi
7,1610,4.0,1106635429,"Hunt for Red October, The (1990)",action adventure thriller,1990,"Hunt for Red October, The",3.8722222222222222,90,"Hunt for Red October, The action adventure thriller"
7,1682,3.0,1106635653,"Truman Show, The (1998)",comedy drama sci-fi,1998,"Truman Show, The",3.812,125,"Truman Show, The comedy drama sci-fi"
7,1784,0.5,1106635416,As Good as It Gets (1997),comedy drama romance,1997,As Good as It Gets,3.6979166666666665,96,As Good as It Gets comedy drama romance
7,1917,4.0,1106635484,Armageddon (1998),action romance sci-fi thriller,1998,Armageddon,3.0543478260869565,92,Armageddon action romance sci-fi thriller
7,2671,4.5,1113542732,Notting Hill (1999),comedy romance,1999,Notting Hill,3.455357142857143,56,Notting Hill comedy romance
7,2688,2.5,1106713072,"General's Daughter, The (1999)",crime drama mystery thriller,1999,"General's Daughter, The",2.933333333333333,15,"General's Daughter, The crime drama mystery thriller"
7,2701,1.5,1106713076,Wild Wild West (1999),action comedy sci-fi western,1999,Wild Wild West,2.207547169811321,53,Wild Wild West action comedy sci-fi western
7,2717,3.5,1106713081,Ghostbusters II (1989),comedy fantasy sci-fi,1989,Ghostbusters II,3.0,47,Ghostbusters II comedy fantasy sci-fi
7,3114,4.5,1106635500,Toy Story 2 (1999),adventure animation children comedy fantasy,1999,Toy Story 2,3.860824742268041,97,Toy Story 2 adventure animation children comedy fantasy
7,3354,1.5,1106713005,Mission to Mars (2000),sci-fi,2000,Mission to Mars,2.6904761904761907,21,Mission to Mars sci-fi
7,3623,1.0,1106712541,Mission: Impossible II (2000),action adventure thriller,2000,Mission: Impossible II,2.7142857142857144,77,Mission: Impossible II action adventure thriller
7,3869,5.0,1106635733,"Naked Gun 2 1/2: The Smell of Fear, The (1991)",comedy,1991,"Naked Gun 2 1/2: The Smell of Fear, The",3.423076923076923,26,"Naked Gun 2 1/2: The Smell of Fear, The comedy"
7,3916,4.0,1106636596,Remember the Titans (2000),drama,2000,Remember the Titans,3.7439024390243913,41,Remember the Titans drama
7,3977,2.5,1106635635,Charlie's Angels (2000),action comedy,2000,Charlie's Angels,2.7222222222222223,72,Charlie's Angels action comedy
7,3994,3.0,1161738301,Unbreakable (2000),drama sci-fi,2000,Unbreakable,3.4794520547945207,73,Unbreakable drama sci-fi
7,4018,4.0,1106712913,What Women Want (2000),comedy romance,2000,What Women Want,3.138888888888889,54,What Women Want comedy romance
7,4223,2.0,1106635742,Enemy at the Gates (2001),drama war,2001,Enemy at the Gates,3.5125,40,Enemy at the Gates drama war
7,4306,4.0,1106635524,Shrek (2001),adventure animation children comedy fantasy romance,2001,Shrek,3.8676470588235294,170,Shrek adventure animation children comedy fantasy romance
7,4310,0.5,1107127033,Pearl Harbor (2001),action drama romance war,2001,Pearl Harbor,2.9651162790697674,43,Pearl Harbor action drama romance war
7,4370,4.5,1106712869,A.I. Artificial Intelligence (2001),adventure drama sci-fi,2001,A.I. Artificial Intelligence,3.3392857142857144,56,A.I. Artificial Intelligence adventure drama sci-fi
7,4643,1.0,1106635749,Planet of the Apes (2001),action adventure drama sci-fi,2001,Planet of the Apes,2.7448979591836733,49,Planet of the Apes action adventure drama sci-fi
7,4700,1.5,1109746591,"Princess Diaries, The (2001)",children comedy romance,2001,"Princess Diaries, The",3.037037037037037,27,"Princess Diaries, The children comedy romance"
7,4844,1.5,1161738352,Bandits (2001),comedy crime romance,2001,Bandits,2.6666666666666665,6,Bandits comedy crime romance
7,4874,3.0,1106635738,K-PAX (2001),drama fantasy mystery sci-fi,2001,K-PAX,3.484848484848485,33,K-PAX drama fantasy mystery sci-fi
7,4886,4.0,1106636531,"Monsters, Inc. (2001)",adventure animation children comedy fantasy,2001,"Monsters, Inc.",3.871212121212121,132,"Monsters, Inc. adventure animation children comedy fantasy"
7,4963,4.0,1106636702,Ocean's Eleven (2001),crime thriller,2001,Ocean's Eleven,3.8445378151260505,119,Ocean's Eleven crime thriller
7,4993,4.5,1106636589,"Lord of the Rings: The Fellowship of the Ring, The (2001)",adventure fantasy,2001,"Lord of the Rings: The Fellowship of the Ring, The",4.106060606060606,198,"Lord of the Rings: The Fellowship of the Ring, The adventure fantasy"
7,4995,4.5,1106636610,"Beautiful Mind, A (2001)",drama romance,2001,"Beautiful Mind, A",4.0,123,"Beautiful Mind, A drama romance"
7,5218,3.5,1106712866,Ice Age (2002),adventure animation children comedy,2002,Ice Age,3.6882352941176473,85,Ice Age adventure animation children comedy
7,5349,3.5,1106636606,Spider-Man (2002),action adventure sci-fi thriller,2002,Spider-Man,3.540983606557377,122,Spider-Man action adventure sci-fi thriller
7,5378,0.5,1106635735,Star Wars: Episode II - Attack of the Clones (2002),action adventure sci-fi imax,2002,Star Wars: Episode II - Attack of the Clones,3.157608695652174,92,Star Wars: Episode II - Attack of the Clones action adventure sci-fi imax
7,5445,4.0,1106636707,Minority Report (2002),action crime mystery sci-fi thriller,2002,Minority Report,3.6375,120,Minority Report action crime mystery sci-fi thriller
7,5459,3.0,1106712820,Men in Black II (a.k.a. MIIB) (a.k.a. MIB 2) (2002),action comedy sci-fi,2002,Men in Black II (a.k.a. MIIB) (a.k.a. MIB 2),2.959016393442623,61,Men in Black II (a.k.a. MIIB) (a.k.a. MIB 2) action comedy sci-fi
7,5464,3.0,1106636612,Road to Perdition (2002),crime drama,2002,Road to Perdition,3.520408163265306,49,Road to Perdition crime drama
7,5502,1.5,1106635745,Signs (2002),horror sci-fi thriller,2002,Signs,3.1666666666666665,63,Signs horror sci-fi thriller
7,5618,5.0,1106713586,Spirited Away (Sen to Chihiro no kamikakushi) (2001),adventure animation fantasy,2001,Spirited Away (Sen to Chihiro no kamikakushi),4.155172413793103,87,Spirited Away (Sen to Chihiro no kamikakushi) adventure animation fantasy
7,5816,4.5,1106635705,Harry Potter and the Chamber of Secrets (2002),adventure fantasy,2002,Harry Potter and the Chamber of Secrets,3.5980392156862746,102,Harry Potter and the Chamber of Secrets adventure fantasy
7,5952,4.5,1106636527,"Lord of the Rings: The Two Towers, The (2002)",adventure fantasy,2002,"Lord of the Rings: The Two Towers, The",4.0212765957446805,188,"Lord of the Rings: The Two Towers, The adventure fantasy"
7,5989,4.0,1106636600,Catch Me If You Can (2002),crime drama,2002,Catch Me If You Can,3.921739130434783,115,Catch Me If You Can crime drama
7,5991,4.5,1106712818,Chicago (2002),comedy crime drama musical,2002,Chicago,3.724489795918368,49,Chicago comedy crime drama musical
7,6333,4.0,1106636516,X2: X-Men United (2003),action adventure sci-fi thriller,2003,X2: X-Men United,3.723684210526316,76,X2: X-Men United action adventure sci-fi thriller
7,6365,4.0,1106712831,"Matrix Reloaded, The (2003)",action adventure sci-fi thriller imax,2003,"Matrix Reloaded, The",3.3541666666666665,96,"Matrix Reloaded, The action adventure sci-fi thriller imax"
7,6534,0.5,1157949714,Hulk (2003),action adventure sci-fi,2003,Hulk,2.560606060606061,33,Hulk action adventure sci-fi
7,6539,4.5,1106636584,Pirates of the Caribbean: The Curse of the Black Pearl (2003),action adventure comedy fantasy,2003,Pirates of the Caribbean: The Curse of the Black Pearl,3.778523489932886,149,Pirates of the Caribbean: The Curse of the Black Pearl action adventure comedy fantasy
7,6863,4.5,1106712827,School of Rock (2003),comedy musical,2003,School of Rock,3.4015151515151514,66,School of Rock comedy musical
7,6934,2.0,1106712812,"Matrix Revolutions, The (2003)",action adventure sci-fi thriller imax,2003,"Matrix Revolutions, The",3.151898734177215,79,"Matrix Revolutions, The action adventure sci-fi thriller imax"
7,7143,4.5,1106636579,"Last Samurai, The (2003)",action adventure drama war,2003,"Last Samurai, The",3.903225806451613,62,"Last Samurai, The action adventure drama war"
7,7153,4.0,1106636520,"Lord of the Rings: The Return of the King, The (2003)",action adventure drama fantasy,2003,"Lord of the Rings: The Return of the King, The",4.118918918918919,185,"Lord of the Rings: The Return of the King, The action adventure drama fantasy"
7,7155,3.0,1173051472,Calendar Girls (2003),comedy,2003,Calendar Girls,2.625,8,Calendar Girls comedy
7,7445,4.0,1107473963,Man on Fire (2004),action crime drama mystery thriller,2004,Man on Fire,3.628571428571429,35,Man on Fire action crime drama mystery thriller
7,8207,4.5,1106713442,"Day of the Jackal, The (1973)",crime thriller,1973,"Day of the Jackal, The",4.083333333333333,6,"Day of the Jackal, The crime thriller"
7,8360,3.5,1106636782,Shrek 2 (2004),adventure animation children comedy musical romance,2004,Shrek 2,3.5760869565217392,92,Shrek 2 adventure animation children comedy musical romance
7,8368,2.5,1106636592,Harry Potter and the Prisoner of Azkaban (2004),adventure fantasy imax,2004,Harry Potter and the Prisoner of Azkaban,3.913978494623656,93,Harry Potter and the Prisoner of Azkaban adventure fantasy imax
7,8373,2.0,1108602792,"Stepford Wives, The (2004)",comedy fantasy thriller,2004,"Stepford Wives, The",2.25,12,"Stepford Wives, The comedy fantasy thriller"
7,8528,4.5,1106636844,Dodgeball: A True Underdog Story (2004),comedy,2004,Dodgeball: A True Underdog Story,3.551282051282051,39,Dodgeball: A True Underdog Story comedy
7,8636,4.5,1106636511,Spider-Man 2 (2004),action adventure sci-fi imax,2004,Spider-Man 2,3.8037974683544302,79,Spider-Man 2 action adventure sci-fi imax
7,8665,3.5,1108602755,"Bourne Supremacy, The (2004)",action crime thriller,2004,"Bourne Supremacy, The",3.786666666666666,75,"Bourne Supremacy, The action crime thriller"
7,8666,1.0,1106779625,Catwoman (2004),action crime fantasy,2004,Catwoman,1.3333333333333333,9,Catwoman action crime fantasy
7,8783,1.0,1161738306,"Village, The (2004)",drama mystery thriller,2004,"Village, The",3.1923076923076925,26,"Village, The drama mystery thriller"
7,8808,1.5,1109746594,"Princess Diaries 2: Royal Engagement, The (2004)",comedy romance,2004,"Princess Diaries 2: Royal Engagement, The",2.5,7,"Princess Diaries 2: Royal Engagement, The comedy romance"
7,8865,1.0,1106713549,Sky Captain and the World of Tomorrow (2004),action adventure sci-fi,2004,Sky Captain and the World of Tomorrow,2.638888888888889,18,Sky Captain and the World of Tomorrow action adventure sci-fi
7,8870,3.5,1118025961,"Forgotten, The (2004)",drama mystery sci-fi thriller,2004,"Forgotten, The",2.5,5,"Forgotten, The drama mystery sci-fi thriller"
7,8907,1.0,1110757877,Shark Tale (2004),animation children comedy,2004,Shark Tale,2.3461538461538463,13,Shark Tale animation children comedy
7,8908,4.5,1122333561,Ladder 49 (2004),action drama thriller,2004,Ladder 49,3.6666666666666665,6,Ladder 49 action drama thriller
7,8949,4.0,1110757890,Sideways (2004),comedy drama romance,2004,Sideways,3.743589743589744,39,Sideways comedy drama romance
7,8957,4.0,1106636098,Saw (2004),horror mystery thriller,2004,Saw,3.1818181818181817,33,Saw horror mystery thriller
7,8958,3.5,1110173697,Ray (2004),drama,2004,Ray,3.684210526315789,19,Ray drama
7,8961,4.0,1106636064,"Incredibles, The (2004)",action adventure animation children comedy,2004,"Incredibles, The",3.836,125,"Incredibles, The action adventure animation children comedy"
7,8965,1.0,1106636095,"Polar Express, The (2004)",adventure animation children fantasy imax,2004,"Polar Express, The",3.136363636363636,11,"Polar Express, The adventure animation children fantasy imax"
7,8970,2.5,1106636069,Finding Neverland (2004),drama,2004,Finding Neverland,3.609375,32,Finding Neverland drama
7,8972,2.5,1111552650,National Treasure (2004),action adventure drama mystery thriller,2004,National Treasure,3.263157894736842,38,National Treasure action adventure drama mystery thriller
7,8984,4.0,1106636101,Ocean's Twelve (2004),action comedy crime thriller,2004,Ocean's Twelve,3.2906976744186047,43,Ocean's Twelve action comedy crime thriller
7,27741,3.0,1107474020,"Twilight Samurai, The (Tasogare Seibei) (2002)",drama romance,2002,"Twilight Samurai, The (Tasogare Seibei)",3.8333333333333335,6,"Twilight Samurai, The (Tasogare Seibei) drama romance"
7,30812,3.5,1113353083,"Aviator, The (2004)",drama,2004,"Aviator, The",3.5285714285714285,35,"Aviator, The drama"
7,30816,2.0,1107127004,"Phantom of the Opera, The (2004)",drama musical romance,2004,"Phantom of the Opera, The",3.1666666666666665,12,"Phantom of the Opera, The drama musical romance"
7,31878,3.5,1118025982,Kung Fu Hustle (Gong fu) (2004),action comedy,2004,Kung Fu Hustle (Gong fu),3.5789473684210527,19,Kung Fu Hustle (Gong fu) action comedy
7,32029,2.0,1118025946,Hostage (2005),action crime drama thriller,2005,Hostage,3.05,10,Hostage action crime drama thriller
7,32031,1.5,1122940686,Robots (2005),adventure animation children comedy fantasy sci-fi imax,2005,Robots,3.026315789473684,19,Robots adventure animation children comedy fantasy sci-fi imax
7,32296,2.0,1118026013,Miss Congeniality 2: Armed and Fabulous (2005),adventure comedy crime,2005,Miss Congeniality 2: Armed and Fabulous,2.25,8,Miss Congeniality 2: Armed and Fabulous adventure comedy crime
7,32587,3.5,1128486479,Sin City (2005),action crime film-noir mystery thriller,2005,Sin City,3.857142857142857,84,Sin City action crime film-noir mystery thriller
7,33162,3.5,1116550784,Kingdom of Heaven (2005),action drama romance war,2005,Kingdom of Heaven,3.5,17,Kingdom of Heaven action drama romance war
7,33493,1.0,1121041079,Star Wars: Episode III - Revenge of the Sith (2005),action adventure sci-fi,2005,Star Wars: Episode III - Revenge of the Sith,3.4294871794871797,78,Star Wars: Episode III - Revenge of the Sith action adventure sci-fi
7,33794,2.0,1121041002,Batman Begins (2005),action crime imax,2005,Batman Begins,3.8620689655172415,116,Batman Begins action crime imax
7,33836,1.0,1125442102,Bewitched (2005),comedy fantasy romance,2005,Bewitched,2.269230769230769,13,Bewitched comedy fantasy romance
7,34048,3.0,1121041015,War of the Worlds (2005),action adventure sci-fi thriller,2005,War of the Worlds,3.15,50,War of the Worlds action adventure sci-fi thriller
7,34319,4.5,1122333538,"Island, The (2005)",action sci-fi thriller,2005,"Island, The",3.3548387096774195,31,"Island, The action sci-fi thriller"
7,37741,3.5,1162163504,Capote (2005),crime drama,2005,Capote,3.869565217391304,23,Capote crime drama
7,42002,4.5,1144806100,"Producers, The (2005)",comedy musical,2005,"Producers, The",3.388888888888889,9,"Producers, The comedy musical"
7,45499,4.0,1157949636,X-Men: The Last Stand (2006),action sci-fi thriller,2006,X-Men: The Last Stand,3.355769230769231,52,X-Men: The Last Stand action sci-fi thriller
7,45517,4.5,1157066190,Cars (2006),animation children comedy,2006,Cars,3.3780487804878048,41,Cars animation children comedy
7,45668,1.0,1159225196,"Lake House, The (2006)",drama fantasy romance,2006,"Lake House, The",3.1,10,"Lake House, The drama fantasy romance"
7,45730,0.5,1161738279,Lady in the Water (2006),drama fantasy mystery,2006,Lady in the Water,2.833333333333333,9,Lady in the Water drama fantasy mystery
7,46530,1.0,1157949732,Superman Returns (2006),action adventure sci-fi imax,2006,Superman Returns,3.08,25,Superman Returns action adventure sci-fi imax
7,48783,4.5,1162163488,Flags of Our Fathers (2006),drama war,2006,Flags of Our Fathers,3.4545454545454546,11,Flags of Our Fathers drama war
7,48997,2.5,1174263740,Perfume: The Story of a Murderer (2006),crime drama thriller,2006,Perfume: The Story of a Murderer,3.25,8,Perfume: The Story of a Murderer crime drama thriller
7,49272,4.5,1165876367,Casino Royale (2006),action adventure thriller,2006,Casino Royale,3.9444444444444446,81,Casino Royale action adventure thriller
7,49278,3.5,1174263775,Déjà Vu (Deja Vu) (2006),action sci-fi thriller,2006,Déjà Vu (Deja Vu),3.3,20,Déjà Vu (Deja Vu) action sci-fi thriller
7,49286,0.5,1176181731,"Holiday, The (2006)",comedy romance,2006,"Holiday, The",3.208333333333333,24,"Holiday, The comedy romance"
7,49824,3.0,1173051469,Dreamgirls (2006),drama musical,2006,Dreamgirls,3.1,5,Dreamgirls drama musical
8,586,3.0,839463702,Home Alone (1990),children comedy,1990,Home Alone,2.9956896551724137,116,Home Alone children comedy
9,627,3.0,1044657102,"Last Supper, The (1995)",drama thriller,1995,"Last Supper, The",3.333333333333333,6,"Last Supper, The drama thriller"
9,922,4.0,1044657026,Sunset Blvd. (a.k.a. Sunset Boulevard) (1950),drama film-noir romance,1950,Sunset Blvd. (a.k.a. Sunset Boulevard),4.333333333333333,27,Sunset Blvd. (a.k.a. Sunset Boulevard) drama film-noir romance
9,1037,2.0,1044656650,"Lawnmower Man, The (1992)",action horror sci-fi thriller,1992,"Lawnmower Man, The",2.770833333333333,24,"Lawnmower Man, The action horror sci-fi thriller"
9,1095,4.0,1044657088,Glengarry Glen Ross (1992),drama,1992,Glengarry Glen Ross,3.6666666666666665,15,Glengarry Glen Ross drama
9,1674,4.0,1044656650,Witness (1985),drama romance thriller,1985,Witness,3.65,40,Witness drama romance thriller
9,2011,3.0,1044657200,Back to the Future Part II (1989),adventure comedy sci-fi,1989,Back to the Future Part II,3.505747126436781,87,Back to the Future Part II adventure comedy sci-fi
9,2023,3.0,1044656650,"Godfather: Part III, The (1990)",crime drama mystery thriller,1990,"Godfather: Part III, The",3.355555555555556,45,"Godfather: Part III, The crime drama mystery thriller"
9,2300,5.0,1044657072,"Producers, The (1968)",comedy,1968,"Producers, The",3.9696969696969697,33,"Producers, The comedy"
9,2877,3.0,1044657221,Tommy (1975),musical,1975,Tommy,3.0,7,Tommy musical
9,2901,2.0,1044656716,Phantasm (1979),horror sci-fi,1979,Phantasm,2.892857142857143,14,Phantasm horror sci-fi
9,3173,2.0,1044656650,Any Given Sunday (1999),drama,1999,Any Given Sunday,3.0,18,Any Given Sunday drama
9,3328,3.0,1044656650,Ghost Dog: The Way of the Samurai (1999),crime drama,1999,Ghost Dog: The Way of the Samurai,4.052631578947368,19,Ghost Dog: The Way of the Samurai crime drama
9,3735,3.0,1044657051,Serpico (1973),crime drama,1973,Serpico,3.794117647058824,17,Serpico crime drama
9,4558,1.0,1044656650,Twins (1988),comedy,1988,Twins,2.4642857142857144,14,Twins comedy
9,5451,4.0,1044656836,Pumpkin (2002),comedy drama romance,2002,Pumpkin,3.0,5,Pumpkin comedy drama romance
9,5481,5.0,1044656836,Austin Powers in Goldmember (2002),comedy,2002,Austin Powers in Goldmember,2.8461538461538463,65,Austin Powers in Goldmember comedy
9,5507,1.0,1044656836,xXx (2002),action crime thriller,2002,xXx,2.770833333333333,24,xXx action crime thriller
9,5872,3.0,1044656962,Die Another Day (2002),action adventure thriller,2002,Die Another Day,2.925925925925926,27,Die Another Day action adventure thriller
9,5902,5.0,1044656934,Adaptation (2002),comedy drama romance,2002,Adaptation,3.945652173913044,46,Adaptation comedy drama romance
9,5956,4.0,1044656962,Gangs of New York (2002),crime drama,2002,Gangs of New York,3.518181818181818,55,Gangs of New York crime drama
9,6001,4.0,1044657072,"King of Comedy, The (1983)",comedy drama,1983,"King of Comedy, The",4.071428571428571,7,"King of Comedy, The comedy drama"
10,1028,0.5,1455306152,Mary Poppins (1964),children comedy fantasy musical,1964,Mary Poppins,3.887323943661972,71,Mary Poppins children comedy fantasy musical
10,1088,3.0,1455619275,Dirty Dancing (1987),drama musical romance,1987,Dirty Dancing,3.369047619047619,42,Dirty Dancing drama musical romance
10,1247,3.0,1455303518,"Graduate, The (1967)",comedy drama romance,1967,"Graduate, The",4.063291139240507,79,"Graduate, The comedy drama romance"
10,1307,3.0,1455357613,When Harry Met Sally... (1989),comedy romance,1989,When Harry Met Sally...,3.8588235294117648,85,When Harry Met Sally... comedy romance
10,3882,3.0,1455398344,Bring It On (2000),comedy,2000,Bring It On,2.6911764705882355,34,Bring It On comedy
10,4447,4.5,1455398321,Legally Blonde (2001),comedy romance,2001,Legally Blonde,3.15625,64,Legally Blonde comedy romance
10,5066,3.0,1455399329,"Walk to Remember, A (2002)",drama romance,2002,"Walk to Remember, A",3.5,14,"Walk to Remember, A drama romance"
10,5377,3.5,1455301898,About a Boy (2002),comedy drama romance,2002,About a Boy,3.715909090909091,44,About a Boy comedy drama romance
10,5620,3.0,1455357578,Sweet Home Alabama (2002),comedy romance,2002,Sweet Home Alabama,3.0535714285714284,28,Sweet Home Alabama comedy romance
10,5943,3.0,1455303078,Maid in Manhattan (2002),comedy romance,2002,Maid in Manhattan,2.6052631578947367,19,Maid in Manhattan comedy romance
10,5957,3.0,1455397999,Two Weeks Notice (2002),comedy romance,2002,Two Weeks Notice,3.263157894736842,19,Two Weeks Notice comedy romance
10,6155,3.0,1455357557,How to Lose a Guy in 10 Days (2003),comedy romance,2003,How to Lose a Guy in 10 Days,3.2758620689655173,29,How to Lose a Guy in 10 Days comedy romance
10,6266,3.0,1455303070,What a Girl Wants (2003),comedy drama romance,2003,What a Girl Wants,3.0625,8,What a Girl Wants comedy drama romance
10,6377,3.5,1455306101,Finding Nemo (2003),adventure animation children comedy,2003,Finding Nemo,3.9609929078014185,141,Finding Nemo adventure animation children comedy
10,6535,4.0,1455398379,"Legally Blonde 2: Red, White & Blonde (2003)",comedy,2003,"Legally Blonde 2: Red, White & Blonde",2.409090909090909,11,"Legally Blonde 2: Red, White & Blonde comedy"
10,6942,4.0,1455301621,Love Actually (2003),comedy drama romance,2003,Love Actually,3.788135593220339,59,Love Actually comedy drama romance
10,7149,4.0,1455399533,Something's Gotta Give (2003),comedy drama romance,2003,Something's Gotta Give,3.647058823529412,17,Something's Gotta Give comedy drama romance
10,7151,3.0,1455302670,Girl with a Pearl Earring (2003),drama romance,2003,Girl with a Pearl Earring,3.375,12,Girl with a Pearl Earring drama romance
10,7154,4.0,1455399087,Mona Lisa Smile (2003),drama romance,2003,Mona Lisa Smile,2.8,10,Mona Lisa Smile drama romance
10,7169,4.5,1455303046,Chasing Liberty (2004),comedy romance,2004,Chasing Liberty,3.9375,8,Chasing Liberty comedy romance
10,7293,3.5,1455402085,50 First Dates (2004),comedy romance,2004,50 First Dates,3.5531914893617023,47,50 First Dates comedy romance
10,7375,4.0,1455303057,"Prince & Me, The (2004)",comedy romance,2004,"Prince & Me, The",3.071428571428572,7,"Prince & Me, The comedy romance"
10,7451,3.5,1455399289,Mean Girls (2004),comedy,2004,Mean Girls,3.756410256410256,39,Mean Girls comedy
10,7458,5.0,1455356656,Troy (2004),action adventure drama war,2004,Troy,3.427083333333333,48,Troy action adventure drama war
10,8529,3.5,1455398107,"Terminal, The (2004)",comedy drama romance,2004,"Terminal, The",3.3191489361702127,47,"Terminal, The comedy drama romance"
10,8533,5.0,1455301847,"Notebook, The (2004)",drama romance,2004,"Notebook, The",3.5657894736842106,38,"Notebook, The drama romance"
10,8869,5.0,1455303064,First Daughter (2004),comedy romance,2004,First Daughter,3.333333333333333,6,First Daughter comedy romance
10,8969,3.5,1455302697,Bridget Jones: The Edge of Reason (2004),comedy drama romance,2004,Bridget Jones: The Edge of Reason,3.025,20,Bridget Jones: The Edge of Reason comedy drama romance
10,30749,3.5,1455398096,Hotel Rwanda (2004),drama war,2004,Hotel Rwanda,3.7916666666666665,48,Hotel Rwanda drama war
10,31433,2.5,1455357527,"Wedding Date, The (2005)",comedy romance,2005,"Wedding Date, The",3.136363636363636,11,"Wedding Date, The comedy romance"
10,31685,4.5,1455357602,Hitch (2005),comedy romance,2005,Hitch,3.1666666666666665,45,Hitch comedy romance
10,33145,3.0,1455398153,"Lot Like Love, A (2005)",comedy drama romance,2005,"Lot Like Love, A",3.0,6,"Lot Like Love, A comedy drama romance"
10,33679,3.0,1455357626,Mr. & Mrs. Smith (2005),action adventure comedy romance,2005,Mr. & Mrs. Smith,3.2796610169491527,59,Mr. & Mrs. Smith action adventure comedy romance
10,40629,3.0,1455356796,Pride & Prejudice (2005),drama romance,2005,Pride & Prejudice,3.555555555555556,27,Pride & Prejudice drama romance
10,40819,4.0,1455301745,Walk the Line (2005),drama musical romance,2005,Walk the Line,3.756410256410256,39,Walk the Line drama musical romance
10,41285,2.5,1455301854,Match Point (2005),crime drama romance,2005,Match Point,3.4411764705882355,17,Match Point crime drama romance
10,47099,3.0,1455401876,"Pursuit of Happyness, The (2006)",drama,2006,"Pursuit of Happyness, The",3.793478260869565,46,"Pursuit of Happyness, The drama"
10,51662,3.0,1455356357,300 (2007),action fantasy war imax,2007,300,3.68125,80,300 action fantasy war imax
10,51834,1.5,1455399396,Becoming Jane (2007),drama romance,2007,Becoming Jane,2.9166666666666665,6,Becoming Jane drama romance
10,54286,3.5,1455356320,"Bourne Ultimatum, The (2007)",action crime thriller,2007,"Bourne Ultimatum, The",3.697530864197531,81,"Bourne Ultimatum, The action crime thriller"
10,56367,3.5,1455301825,Juno (2007),comedy drama romance,2007,Juno,3.769230769230769,65,Juno comedy drama romance
10,56949,3.0,1455357531,27 Dresses (2008),comedy romance,2008,27 Dresses,3.3,20,27 Dresses comedy romance
10,58047,3.5,1455302791,"Definitely, Maybe (2008)",comedy drama romance,2008,"Definitely, Maybe",3.4285714285714284,14,"Definitely, Maybe comedy drama romance"
10,59421,2.0,1455398002,What Happens in Vegas... (2008),comedy romance,2008,What Happens in Vegas...,2.75,8,What Happens in Vegas... comedy romance
10,60397,3.0,1455302689,Mamma Mia! (2008),comedy musical romance,2008,Mamma Mia!,2.9642857142857144,14,Mamma Mia! comedy musical romance
10,60950,2.0,1455301965,Vicky Cristina Barcelona (2008),comedy drama romance,2008,Vicky Cristina Barcelona,3.09375,16,Vicky Cristina Barcelona comedy drama romance
10,61250,2.5,1455398339,"House Bunny, The (2008)",comedy,2008,"House Bunny, The",2.5,10,"House Bunny, The comedy"
10,63113,3.5,1455302183,Quantum of Solace (2008),action adventure thriller,2008,Quantum of Solace,3.4571428571428573,35,Quantum of Solace action adventure thriller
10,63992,4.5,1455356863,Twilight (2008),drama fantasy romance thriller,2008,Twilight,2.409090909090909,22,Twilight drama fantasy romance thriller
10,64969,0.5,1455357607,Yes Man (2008),comedy,2008,Yes Man,3.6176470588235294,34,Yes Man comedy
10,66203,3.5,1455357596,He's Just Not That Into You (2009),comedy drama romance,2009,He's Just Not That Into You,2.8181818181818183,11,He's Just Not That Into You comedy drama romance
10,68954,4.0,1455304158,Up (2009),adventure animation children drama,2009,Up,4.004761904761905,105,Up adventure animation children drama
10,69406,4.5,1455302747,"Proposal, The (2009)",comedy romance,2009,"Proposal, The",3.5,16,"Proposal, The comedy romance"
10,69844,3.0,1455399200,Harry Potter and the Half-Blood Prince (2009),adventure fantasy mystery romance imax,2009,Harry Potter and the Half-Blood Prince,3.8879310344827593,58,Harry Potter and the Half-Blood Prince adventure fantasy mystery romance imax
10,70183,3.0,1455357636,"Ugly Truth, The (2009)",comedy drama romance,2009,"Ugly Truth, The",3.6666666666666665,12,"Ugly Truth, The comedy drama romance"
10,70293,0.5,1455398141,Julie & Julia (2009),comedy drama romance,2009,Julie & Julia,2.958333333333333,12,Julie & Julia comedy drama romance
10,71579,5.0,1455301869,"Education, An (2009)",drama romance,2009,"Education, An",3.8333333333333335,6,"Education, An drama romance"
10,72011,2.5,1455301741,Up in the Air (2009),drama romance,2009,Up in the Air,3.71875,32,Up in the Air drama romance
10,72407,3.0,1455356987,"Twilight Saga: New Moon, The (2009)",drama fantasy horror romance thriller,2009,"Twilight Saga: New Moon, The",2.6666666666666665,9,"Twilight Saga: New Moon, The drama fantasy horror romance thriller"
10,72737,3.5,1455398131,"Princess and the Frog, The (2009)",animation children fantasy musical romance,2009,"Princess and the Frog, The",3.75,12,"Princess and the Frog, The animation children fantasy musical romance"
10,72998,2.5,1455356351,Avatar (2009),action adventure sci-fi imax,2009,Avatar,3.6030927835051543,97,Avatar action adventure sci-fi imax
10,73017,3.0,1455356691,Sherlock Holmes (2009),action crime mystery thriller,2009,Sherlock Holmes,3.853448275862069,58,Sherlock Holmes action crime mystery thriller
10,78772,3.0,1455356988,"Twilight Saga: Eclipse, The (2010)",fantasy romance thriller imax,2010,"Twilight Saga: Eclipse, The",2.45,10,"Twilight Saga: Eclipse, The fantasy romance thriller imax"
10,79091,5.0,1455306124,Despicable Me (2010),animation children comedy crime,2010,Despicable Me,3.684210526315789,38,Despicable Me animation children comedy crime
10,80549,3.5,1455399347,Easy A (2010),comedy romance,2010,Easy A,3.796296296296296,27,Easy A comedy romance
10,81784,2.5,1455357716,Morning Glory (2010),comedy drama romance,2010,Morning Glory,2.6666666666666665,6,Morning Glory comedy drama romance
10,81845,5.0,1455302591,"King's Speech, The (2010)",drama,2010,"King's Speech, The",4.043103448275862,58,"King's Speech, The drama"
10,81847,3.5,1455399313,Tangled (2010),animation children comedy fantasy musical romance imax,2010,Tangled,3.9166666666666665,24,Tangled animation children comedy fantasy musical romance imax
10,82167,3.5,1455357720,Love and Other Drugs (2010),comedy drama romance,2010,Love and Other Drugs,2.7857142857142856,7,Love and Other Drugs comedy drama romance
10,84374,3.5,1455357730,No Strings Attached (2011),comedy romance,2011,No Strings Attached,2.9285714285714284,14,No Strings Attached comedy romance
10,87222,3.5,1455306257,Kung Fu Panda 2 (2011),action adventure animation children comedy imax,2011,Kung Fu Panda 2,3.323529411764706,17,Kung Fu Panda 2 action adventure animation children comedy imax
10,88163,4.0,1455357504,"Crazy, Stupid, Love. (2011)",comedy drama romance,2011,"Crazy, Stupid, Love.",3.983870967741936,31,"Crazy, Stupid, Love. comedy drama romance"
10,88810,3.0,1455399281,"Help, The (2011)",drama,2011,"Help, The",3.8333333333333335,21,"Help, The drama"
10,91104,3.0,1455356990,"Twilight Saga: Breaking Dawn - Part 1, The (2011)",adventure drama fantasy romance,2011,"Twilight Saga: Breaking Dawn - Part 1, The",2.2142857142857144,7,"Twilight Saga: Breaking Dawn - Part 1, The adventure drama fantasy romance"
10,92259,5.0,1455301553,Intouchables (2011),comedy drama,2011,Intouchables,4.108108108108108,37,Intouchables comedy drama
10,95167,4.0,1455398177,Brave (2012),action adventure animation children,2012,Brave,3.466666666666667,30,Brave action adventure animation children
10,95449,4.0,1455356885,Magic Mike (2012),drama romance,2012,Magic Mike,2.7,5,Magic Mike drama romance
10,95510,3.0,1455398127,"Amazing Spider-Man, The (2012)",action adventure sci-fi imax,2012,"Amazing Spider-Man, The",3.25,30,"Amazing Spider-Man, The action adventure sci-fi imax"
10,95543,3.5,1455399376,Ice Age 4: Continental Drift (2012),adventure animation comedy,2012,Ice Age 4: Continental Drift,2.9166666666666665,6,Ice Age 4: Continental Drift adventure animation comedy
10,96079,5.0,1455302172,Skyfall (2012),action adventure thriller imax,2012,Skyfall,3.81,50,Skyfall action adventure thriller imax
10,97938,1.0,1455398105,Life of Pi (2012),adventure drama imax,2012,Life of Pi,3.629032258064516,31,Life of Pi adventure drama imax
10,103335,4.0,1455398111,Despicable Me 2 (2013),animation children comedy imax,2013,Despicable Me 2,3.5789473684210527,19,Despicable Me 2 animation children comedy imax
10,103339,4.0,1455356177,White House Down (2013),action drama thriller imax,2013,White House Down,2.9166666666666665,6,White House Down action drama thriller imax
10,104374,4.0,1455357653,About Time (2013),drama fantasy romance,2013,About Time,3.933333333333333,15,About Time drama fantasy romance
10,106489,3.5,1455357076,"Hobbit: The Desolation of Smaug, The (2013)",adventure fantasy imax,2013,"Hobbit: The Desolation of Smaug, The",3.58,25,"Hobbit: The Desolation of Smaug, The adventure fantasy imax"
10,106696,4.5,1455306204,Frozen (2013),adventure animation comedy fantasy musical romance,2013,Frozen,3.6206896551724137,29,Frozen adventure animation comedy fantasy musical romance
10,107141,2.0,1455399188,Saving Mr. Banks (2013),comedy drama,2013,Saving Mr. Banks,3.6875,8,Saving Mr. Banks comedy drama
10,109374,0.5,1455302315,"Grand Budapest Hotel, The (2014)",comedy drama,2014,"Grand Budapest Hotel, The",3.7788461538461537,52,"Grand Budapest Hotel, The comedy drama"
10,119145,1.0,1455302650,Kingsman: The Secret Service (2015),action adventure comedy crime,2015,Kingsman: The Secret Service,3.986111111111111,36,Kingsman: The Secret Service action adventure comedy crime
10,136020,5.0,1455302192,Spectre (2015),action adventure crime,2015,Spectre,3.0588235294117645,17,Spectre action adventure crime
10,140110,5.0,1455356776,The Intern (2015),comedy,2015,The Intern,3.6538461538461537,13,The Intern comedy
11,44,2.0,902154593,Mortal Kombat (1995),action adventure fantasy,1995,Mortal Kombat,2.5434782608695654,46,Mortal Kombat action adventure fantasy
11,376,2.0,902154684,"River Wild, The (1994)",action thriller,1994,"River Wild, The",3.25,40,"River Wild, The action thriller"
11,529,5.0,902155043,Searching for Bobby Fischer (1993),drama,1993,Searching for Bobby Fischer,3.875,40,Searching for Bobby Fischer drama
11,1100,3.0,902154621,Days of Thunder (1990),action drama romance,1990,Days of Thunder,2.710526315789474,19,Days of Thunder action drama romance
11,1358,4.0,902155136,Sling Blade (1996),drama,1996,Sling Blade,3.8404255319148937,47,Sling Blade drama
11,1370,3.0,902154383,Die Hard 2 (1990),action adventure thriller,1990,Die Hard 2,3.4044117647058822,68,Die Hard 2 action adventure thriller
11,1385,3.0,902154542,Under Siege (1992),action drama thriller,1992,Under Siege,2.8541666666666665,24,Under Siege action drama thriller
11,1438,3.0,902154647,Dante's Peak (1997),action thriller,1997,Dante's Peak,2.625,24,Dante's Peak action thriller
11,1518,4.0,902154431,Breakdown (1997),action thriller,1997,Breakdown,3.3461538461538463,13,Breakdown action thriller
11,1586,4.0,902154487,G.I. Jane (1997),action drama,1997,G.I. Jane,2.7954545454545454,22,G.I. Jane action drama
11,1608,4.0,902154316,Air Force One (1997),action thriller,1997,Air Force One,3.3448275862068964,58,Air Force One action thriller
11,1616,3.0,902154542,"Peacemaker, The (1997)",action thriller war,1997,"Peacemaker, The",3.025,20,"Peacemaker, The action thriller war"
11,1687,3.0,902154647,"Jackal, The (1997)",action thriller,1997,"Jackal, The",3.2222222222222223,18,"Jackal, The action thriller"
11,1693,5.0,902155102,Amistad (1997),drama mystery,1997,Amistad,3.5,19,Amistad drama mystery
11,1721,5.0,902154989,Titanic (1997),drama romance,1997,Titanic,3.414285714285714,140,Titanic drama romance
11,1840,4.0,901200111,He Got Game (1998),drama,1998,He Got Game,3.2142857142857144,7,He Got Game drama
11,1882,2.0,901200143,Godzilla (1998),action sci-fi thriller,1998,Godzilla,1.9545454545454544,33,Godzilla action sci-fi thriller
11,1918,4.0,901200070,Lethal Weapon 4 (1998),action comedy crime thriller,1998,Lethal Weapon 4,2.8484848484848486,33,Lethal Weapon 4 action comedy crime thriller
11,2002,2.0,902154383,Lethal Weapon 3 (1992),action comedy crime drama,1992,Lethal Weapon 3,2.9347826086956523,46,Lethal Weapon 3 action comedy crime drama
11,2027,3.0,904510428,Jane Austen's Mafia! (1998),comedy crime,1998,Jane Austen's Mafia!,1.8333333333333333,9,Jane Austen's Mafia! comedy crime
12,1357,5.0,1247263404,Shine (1996),drama romance,1996,Shine,4.0,24,Shine drama romance
12,1405,3.0,1247263395,Beavis and Butt-Head Do America (1996),adventure animation comedy crime,1996,Beavis and Butt-Head Do America,2.935483870967742,31,Beavis and Butt-Head Do America adventure animation comedy crime
12,1876,3.5,1247263334,Deep Impact (1998),drama sci-fi thriller,1998,Deep Impact,3.069767441860465,43,Deep Impact drama sci-fi thriller
12,2072,5.0,1247263670,"'burbs, The (1989)",comedy,1989,"'burbs, The",3.176470588235294,17,"'burbs, The comedy"
12,2100,3.5,1247263337,Splash (1984),comedy fantasy romance,1984,Splash,3.117647058823529,51,Splash comedy fantasy romance
12,2421,3.0,1247263495,"Karate Kid, Part II, The (1986)",action adventure drama,1986,"Karate Kid, Part II, The",2.7758620689655173,29,"Karate Kid, Part II, The action adventure drama"
12,2485,5.0,1247264406,She's All That (1999),comedy romance,1999,She's All That,2.8448275862068964,29,She's All That comedy romance
12,2572,5.0,1247263689,10 Things I Hate About You (1999),comedy romance,1999,10 Things I Hate About You,3.5277777777777777,54,10 Things I Hate About You comedy romance
12,2581,5.0,1247263444,Never Been Kissed (1999),comedy romance,1999,Never Been Kissed,2.958333333333333,36,Never Been Kissed comedy romance
12,2694,4.0,1247263398,Big Daddy (1999),comedy,1999,Big Daddy,3.1979166666666665,48,Big Daddy comedy
12,3668,5.0,1247264220,Romeo and Juliet (1968),drama romance,1968,Romeo and Juliet,3.6666666666666665,15,Romeo and Juliet drama romance
13,305,1.0,987456968,Ready to Wear (Pret-A-Porter) (1994),comedy,1994,Ready to Wear (Pret-A-Porter),2.833333333333333,9,Ready to Wear (Pret-A-Porter) comedy
13,1173,3.0,987457052,"Cook the Thief His Wife & Her Lover, The (1989)",comedy drama,1989,"Cook the Thief His Wife & Her Lover, The",3.136363636363636,11,"Cook the Thief His Wife & Her Lover, The comedy drama"
13,1590,4.0,987457086,Event Horizon (1997),horror sci-fi thriller,1997,Event Horizon,2.94,25,Event Horizon horror sci-fi thriller
13,1619,3.0,987895819,Seven Years in Tibet (1997),adventure drama war,1997,Seven Years in Tibet,3.4285714285714284,14,Seven Years in Tibet adventure drama war
13,1639,4.0,987456818,Chasing Amy (1997),comedy drama romance,1997,Chasing Amy,3.576923076923077,52,Chasing Amy comedy drama romance
13,2541,2.0,987456818,Cruel Intentions (1999),drama,1999,Cruel Intentions,3.225,40,Cruel Intentions drama
13,3300,4.0,987895952,Pitch Black (2000),horror sci-fi thriller,2000,Pitch Black,3.5641025641025643,39,Pitch Black horror sci-fi thriller
13,3409,2.0,987895720,Final Destination (2000),drama thriller,2000,Final Destination,2.9285714285714284,35,Final Destination drama thriller
13,3513,3.0,987895651,Rules of Engagement (2000),drama thriller,2000,Rules of Engagement,3.071428571428572,7,Rules of Engagement drama thriller
13,3624,4.0,987895902,Shanghai Noon (2000),action adventure comedy western,2000,Shanghai Noon,3.1511627906976742,43,Shanghai Noon action adventure comedy western
13,3717,3.0,987895952,Gone in 60 Seconds (2000),action crime,2000,Gone in 60 Seconds,3.221311475409836,61,Gone in 60 Seconds action crime
13,3753,4.0,987895902,"Patriot, The (2000)",action drama war,2000,"Patriot, The",3.448529411764706,68,"Patriot, The action drama war"
13,3798,4.0,987895720,What Lies Beneath (2000),drama horror mystery,2000,What Lies Beneath,3.2,25,What Lies Beneath drama horror mystery
13,3827,4.0,987895952,Space Cowboys (2000),action adventure comedy sci-fi,2000,Space Cowboys,2.891304347826087,23,Space Cowboys action adventure comedy sci-fi
13,3863,4.0,987896183,"Cell, The (2000)",drama horror thriller,2000,"Cell, The",3.0444444444444443,45,"Cell, The drama horror thriller"
13,3893,3.0,987895651,Nurse Betty (2000),comedy crime drama romance thriller,2000,Nurse Betty,3.3421052631578947,19,Nurse Betty comedy crime drama romance thriller
13,3952,3.0,987895651,"Contender, The (2000)",drama thriller,2000,"Contender, The",3.071428571428572,7,"Contender, The drama thriller"
13,4011,5.0,987895651,Snatch (2000),comedy crime thriller,2000,Snatch,4.155913978494624,93,Snatch comedy crime thriller
13,4148,4.0,987895720,Hannibal (2001),horror thriller,2001,Hannibal,2.935897435897436,39,Hannibal horror thriller
14,193,3.0,835441371,Showgirls (1995),drama,1995,Showgirls,2.4714285714285715,35,Showgirls drama
14,448,3.0,835442201,Fearless (1993),drama,1993,Fearless,3.625,8,Fearless drama
14,784,1.0,835442447,"Cable Guy, The (1996)",comedy thriller,1996,"Cable Guy, The",2.805555555555556,54,"Cable Guy, The comedy thriller"
15,172,1.0,1299424762,Johnny Mnemonic (1995),action sci-fi thriller,1995,Johnny Mnemonic,2.679245283018868,53,Johnny Mnemonic action sci-fi thriller
15,858,4.0,1510571941,"Godfather, The (1972)",crime drama,1972,"Godfather, The",4.2890625,192,"Godfather, The crime drama"
15,1200,5.0,1510572775,Aliens (1986),action adventure horror sci-fi,1986,Aliens,3.9642857142857135,126,Aliens action adventure horror sci-fi
15,1347,3.0,1299425144,"Nightmare on Elm Street, A (1984)",horror thriller,1984,"Nightmare on Elm Street, A",3.0,27,"Nightmare on Elm Street, A horror thriller"
15,1527,3.0,1510572660,"Fifth Element, The (1997)",action adventure comedy sci-fi,1997,"Fifth Element, The",3.7456896551724137,116,"Fifth Element, The action adventure comedy sci-fi"
15,1653,4.5,1510572798,Gattaca (1997),drama sci-fi thriller,1997,Gattaca,3.953488372093023,86,Gattaca drama sci-fi thriller
15,1909,2.5,1299424890,"X-Files: Fight the Future, The (1998)",action crime mystery sci-fi thriller,1998,"X-Files: Fight the Future, The",3.4404761904761907,42,"X-Files: Fight the Future, The action crime mystery sci-fi thriller"
15,2001,5.0,1299424826,Lethal Weapon 2 (1989),action comedy crime drama,1989,Lethal Weapon 2,3.1808510638297878,47,Lethal Weapon 2 action comedy crime drama
15,2081,3.0,1510578011,"Little Mermaid, The (1989)",animation children comedy musical romance,1989,"Little Mermaid, The",3.425373134328358,67,"Little Mermaid, The animation children comedy musical romance"
15,2085,1.5,1510578050,101 Dalmatians (One Hundred and One Dalmatians) (1961),adventure animation children,1961,101 Dalmatians (One Hundred and One Dalmatians),3.4318181818181817,44,101 Dalmatians (One Hundred and One Dalmatians) adventure animation children
15,2278,2.5,1299424998,Ronin (1998),action crime thriller,1998,Ronin,3.5232558139534884,43,Ronin action crime thriller
15,3156,5.0,1510573324,Bicentennial Man (1999),drama romance sci-fi,1999,Bicentennial Man,2.8,15,Bicentennial Man drama romance sci-fi
15,3499,4.0,1510572526,Misery (1990),drama horror thriller,1990,Misery,3.840909090909091,44,Misery drama horror thriller
15,3510,5.0,1299425097,Frequency (2000),drama thriller,2000,Frequency,3.4166666666666665,36,Frequency drama thriller
15,3535,3.5,1510572486,American Psycho (2000),crime horror mystery thriller,2000,American Psycho,3.788135593220339,59,American Psycho crime horror mystery thriller
15,3555,4.0,1299425208,U-571 (2000),action thriller war,2000,U-571,3.4242424242424243,33,U-571 action thriller war
15,4022,3.5,1510572048,Cast Away (2000),drama,2000,Cast Away,3.7,100,Cast Away drama
15,4720,5.0,1510571736,"Others, The (2001)",drama horror mystery thriller,2001,"Others, The",3.627272727272728,55,"Others, The drama horror mystery thriller"
15,5971,2.0,1510577982,My Neighbor Totoro (Tonari no Totoro) (1988),animation children drama fantasy,1988,My Neighbor Totoro (Tonari no Totoro),3.95945945945946,37,My Neighbor Totoro (Tonari no Totoro) animation children drama fantasy
15,6502,3.5,1510571682,28 Days Later (2002),action horror sci-fi,2002,28 Days Later,3.974137931034482,58,28 Days Later action horror sci-fi
15,7254,3.5,1510572802,The Butterfly Effect (2004),drama sci-fi thriller,2004,The Butterfly Effect,3.630434782608696,46,The Butterfly Effect drama sci-fi thriller
15,7438,3.0,1510572163,Kill Bill: Vol. 2 (2004),action drama thriller,2004,Kill Bill: Vol. 2,3.868181818181818,110,Kill Bill: Vol. 2 action drama thriller
15,8644,3.5,1510572823,"I, Robot (2004)",action adventure sci-fi thriller,2004,"I, Robot",3.4918032786885247,61,"I, Robot action adventure sci-fi thriller"
15,48304,4.5,1510572550,Apocalypto (2006),adventure drama thriller,2006,Apocalypto,3.6052631578947367,19,Apocalypto adventure drama thriller
15,48774,3.0,1510573220,Children of Men (2006),action adventure drama sci-fi thriller,2006,Children of Men,3.9453125,64,Children of Men action adventure drama sci-fi thriller
15,48780,4.5,1510572075,"Prestige, The (2006)",drama mystery sci-fi thriller,2006,"Prestige, The",4.005555555555556,90,"Prestige, The drama mystery sci-fi thriller"
15,50872,3.0,1510577962,Ratatouille (2007),animation children drama,2007,Ratatouille,3.8680555555555554,72,Ratatouille animation children drama
15,56174,3.5,1510572810,I Am Legend (2007),action horror sci-fi thriller imax,2007,I Am Legend,3.4838709677419355,62,I Am Legend action horror sci-fi thriller imax
15,59315,2.0,1510572096,Iron Man (2008),action adventure sci-fi,2008,Iron Man,3.824468085106383,94,Iron Man action adventure sci-fi
15,60069,3.5,1510577951,WALL·E (2008),adventure animation children romance sci-fi,2008,WALL·E,4.057692307692308,104,WALL·E adventure animation children romance sci-fi
15,63859,3.0,1510578158,Bolt (2008),action adventure animation children comedy,2008,Bolt,3.388888888888889,18,Bolt action adventure animation children comedy
15,64614,4.0,1510572137,Gran Torino (2008),crime drama,2008,Gran Torino,3.945652173913044,46,Gran Torino crime drama
15,68237,3.0,1510572824,Moon (2009),drama mystery sci-fi thriller,2009,Moon,3.96875,32,Moon drama mystery sci-fi thriller
15,69757,4.0,1299425345,(500) Days of Summer (2009),comedy drama romance,2009,(500) Days of Summer,3.6666666666666665,42,(500) Days of Summer comedy drama romance
15,70286,3.5,1510572656,District 9 (2009),mystery sci-fi thriller,2009,District 9,3.776923076923077,65,District 9 mystery sci-fi thriller
15,71057,4.0,1510578034,9 (2009),adventure animation sci-fi,2009,9,3.642857142857143,14,9 adventure animation sci-fi
15,71264,2.5,1510578103,Cloudy with a Chance of Meatballs (2009),animation children fantasy imax,2009,Cloudy with a Chance of Meatballs,3.5294117647058822,17,Cloudy with a Chance of Meatballs animation children fantasy imax
15,84152,5.0,1510572834,Limitless (2011),sci-fi thriller,2011,Limitless,3.95,30,Limitless sci-fi thriller
15,84954,4.5,1510573398,"Adjustment Bureau, The (2011)",romance sci-fi thriller,2011,"Adjustment Bureau, The",3.1666666666666665,21,"Adjustment Bureau, The romance sci-fi thriller"
15,85414,3.5,1510572833,Source Code (2011),action drama mystery sci-fi thriller,2011,Source Code,3.602941176470588,34,Source Code action drama mystery sci-fi thriller
15,89745,2.0,1510572842,"Avengers, The (2012)",action adventure sci-fi imax,2012,"Avengers, The",3.869565217391304,69,"Avengers, The action adventure sci-fi imax"
15,91500,3.0,1510573214,The Hunger Games (2012),action adventure drama sci-fi thriller,2012,The Hunger Games,3.435185185185185,54,The Hunger Games action adventure drama sci-fi thriller
15,94864,3.0,1510572894,Prometheus (2012),action horror sci-fi imax,2012,Prometheus,3.2962962962962963,27,Prometheus action horror sci-fi imax
15,96610,3.0,1510572815,Looper (2012),action crime sci-fi,2012,Looper,3.640625,32,Looper action crime sci-fi
15,101864,4.0,1510572902,Oblivion (2013),action adventure sci-fi imax,2013,Oblivion,3.3,20,Oblivion action adventure sci-fi imax
15,103249,3.5,1510573234,World War Z (2013),action drama horror imax,2013,World War Z,3.026315789473684,19,World War Z action drama horror imax
15,104841,4.5,1510572095,Gravity (2013),action sci-fi imax,2013,Gravity,3.578125,32,Gravity action sci-fi imax
15,105504,4.0,1510572616,Captain Phillips (2013),adventure drama thriller imax,2013,Captain Phillips,4.047619047619048,21,Captain Phillips adventure drama thriller imax
15,110102,1.5,1510573153,Captain America: The Winter Soldier (2014),action adventure sci-fi imax,2014,Captain America: The Winter Soldier,3.741935483870968,31,Captain America: The Winter Soldier action adventure sci-fi imax
15,111759,4.5,1510572026,Edge of Tomorrow (2014),action sci-fi imax,2014,Edge of Tomorrow,3.977272727272727,44,Edge of Tomorrow action sci-fi imax
15,112556,4.5,1510572466,Gone Girl (2014),drama thriller,2014,Gone Girl,3.716216216216216,37,Gone Girl drama thriller
15,112852,1.5,1510571973,Guardians of the Galaxy (2014),action adventure sci-fi,2014,Guardians of the Galaxy,4.050847457627119,59,Guardians of the Galaxy action adventure sci-fi
15,115149,2.0,1510572159,John Wick (2014),action thriller,2014,John Wick,3.844827586206896,29,John Wick action thriller
15,120466,2.5,1510573154,Chappie (2015),action thriller,2015,Chappie,3.25,10,Chappie action thriller
15,122886,5.0,1510572679,Star Wars: Episode VII - The Force Awakens (2015),action adventure fantasy sci-fi imax,2015,Star Wars: Episode VII - The Force Awakens,3.8536585365853657,41,Star Wars: Episode VII - The Force Awakens action adventure fantasy sci-fi imax
15,122904,2.0,1510571949,Deadpool (2016),action adventure comedy sci-fi,2016,Deadpool,3.8333333333333335,54,Deadpool action adventure comedy sci-fi
15,122922,2.0,1510572670,Doctor Strange (2016),action adventure sci-fi,2016,Doctor Strange,3.704545454545455,22,Doctor Strange action adventure sci-fi
15,122924,1.0,1510573305,X-Men: Apocalypse (2016),action adventure fantasy sci-fi,2016,X-Men: Apocalypse,3.071428571428572,14,X-Men: Apocalypse action adventure fantasy sci-fi
15,134130,4.0,1510571883,The Martian (2015),adventure drama sci-fi,2015,The Martian,4.0,48,The Martian adventure drama sci-fi
15,134853,4.5,1510572481,Inside Out (2015),adventure animation children comedy drama fantasy,2015,Inside Out,3.813953488372093,43,Inside Out adventure animation children comedy drama fantasy
15,143385,3.0,1510572581,Bridge of Spies (2015),drama thriller,2015,Bridge of Spies,3.4375,8,Bridge of Spies drama thriller
15,152077,5.0,1510572535,10 Cloverfield Lane (2016),thriller,2016,10 Cloverfield Lane,3.678571428571429,14,10 Cloverfield Lane thriller
15,152081,3.0,1510578039,Zootopia (2016),action adventure animation children comedy,2016,Zootopia,3.890625,32,Zootopia action adventure animation children comedy
15,158872,3.5,1510578028,Sausage Party (2016),animation comedy,2016,Sausage Party,3.642857142857143,7,Sausage Party animation comedy
15,160980,3.5,1510572512,Sully (2016),drama,2016,Sully,3.1666666666666665,6,Sully drama
15,166528,5.0,1510572789,Rogue One: A Star Wars Story (2016),action adventure fantasy sci-fi,2016,Rogue One: A Star Wars Story,3.925925925925926,27,Rogue One: A Star Wars Story action adventure fantasy sci-fi
15,166635,3.5,1510572516,Passengers (2016),adventure drama romance sci-fi,2016,Passengers,3.6666666666666665,6,Passengers adventure drama romance sci-fi
16,111,4.5,1377477446,Taxi Driver (1976),crime drama thriller,1976,Taxi Driver,4.105769230769231,104,Taxi Driver crime drama thriller
16,541,4.5,1377477340,Blade Runner (1982),action sci-fi thriller,1982,Blade Runner,4.100806451612903,124,Blade Runner action sci-fi thriller
16,678,4.0,1377477470,Some Folks Call It a Sling Blade (1993),drama thriller,1993,Some Folks Call It a Sling Blade,3.8333333333333335,9,Some Folks Call It a Sling Blade drama thriller
16,745,4.0,1377476943,Wallace & Gromit: A Close Shave (1995),animation children comedy,1995,Wallace & Gromit: A Close Shave,3.8958333333333335,48,Wallace & Gromit: A Close Shave animation children comedy
16,913,4.0,1377477016,"Maltese Falcon, The (1941)",film-noir mystery,1941,"Maltese Falcon, The",4.170454545454546,44,"Maltese Falcon, The film-noir mystery"
16,1147,4.0,1377477315,When We Were Kings (1996),documentary,1996,When We Were Kings,3.9,10,When We Were Kings documentary
16,1148,4.0,1377476909,Wallace & Gromit: The Wrong Trousers (1993),animation children comedy crime,1993,Wallace & Gromit: The Wrong Trousers,4.035714285714286,56,Wallace & Gromit: The Wrong Trousers animation children comedy crime
16,1186,3.5,1377476649,"Sex, Lies, and Videotape (1989)",drama,1989,"Sex, Lies, and Videotape",3.5869565217391304,23,"Sex, Lies, and Videotape drama"
16,1193,4.0,1377476813,One Flew Over the Cuckoo's Nest (1975),drama,1975,One Flew Over the Cuckoo's Nest,4.203007518796992,133,One Flew Over the Cuckoo's Nest drama
16,1201,3.0,1377477410,"Good, the Bad and the Ugly, The (Buono, il brutto, il cattivo, Il) (1966)",action adventure western,1966,"Good, the Bad and the Ugly, The (Buono, il brutto, il cattivo, Il)",4.145833333333333,72,"Good, the Bad and the Ugly, The (Buono, il brutto, il cattivo, Il) action adventure western"
16,1207,4.0,1377476891,To Kill a Mockingbird (1962),drama,1962,To Kill a Mockingbird,4.120689655172414,58,To Kill a Mockingbird drama
16,1223,4.0,1377477855,"Grand Day Out with Wallace and Gromit, A (1989)",adventure animation children comedy sci-fi,1989,"Grand Day Out with Wallace and Gromit, A",4.089285714285714,28,"Grand Day Out with Wallace and Gromit, A adventure animation children comedy sci-fi"
16,1230,4.0,1377477576,Annie Hall (1977),comedy romance,1977,Annie Hall,3.8706896551724137,58,Annie Hall comedy romance
16,1252,4.5,1377476948,Chinatown (1974),crime film-noir mystery thriller,1974,Chinatown,4.211864406779661,59,Chinatown crime film-noir mystery thriller
16,1260,4.0,1377476887,M (1931),crime film-noir thriller,1931,M,3.733333333333333,15,M crime film-noir thriller
16,1261,4.0,1377476629,Evil Dead II (Dead by Dawn) (1987),action comedy fantasy horror,1987,Evil Dead II (Dead by Dawn),4.044117647058823,34,Evil Dead II (Dead by Dawn) action comedy fantasy horror
16,1267,4.0,1377477387,"Manchurian Candidate, The (1962)",crime thriller war,1962,"Manchurian Candidate, The",4.25,30,"Manchurian Candidate, The crime thriller war"
16,1276,4.0,1377477457,Cool Hand Luke (1967),drama,1967,Cool Hand Luke,4.271929824561403,57,Cool Hand Luke drama
16,1281,3.0,1377477580,"Great Dictator, The (1940)",comedy drama war,1940,"Great Dictator, The",4.133333333333334,15,"Great Dictator, The comedy drama war"
16,1299,4.0,1377477583,"Killing Fields, The (1984)",drama war,1984,"Killing Fields, The",4.017857142857143,28,"Killing Fields, The drama war"
16,1680,3.5,1377476680,Sliding Doors (1998),drama romance,1998,Sliding Doors,3.6,25,Sliding Doors drama romance
16,2490,3.0,1377476611,Payback (1999),action thriller,1999,Payback,3.422222222222222,45,Payback action thriller
16,2707,3.5,1377476693,Arlington Road (1999),thriller,1999,Arlington Road,3.272727272727273,22,Arlington Road thriller
16,2723,3.5,1377476594,Mystery Men (1999),action comedy fantasy,1999,Mystery Men,3.08974358974359,39,Mystery Men action comedy fantasy
16,3000,4.0,1377477521,Princess Mononoke (Mononoke-hime) (1997),action adventure animation drama fantasy,1997,Princess Mononoke (Mononoke-hime),3.9583333333333335,48,Princess Mononoke (Mononoke-hime) action adventure animation drama fantasy
16,3022,3.5,1377477000,"General, The (1926)",comedy war,1926,"General, The",4.0,9,"General, The comedy war"
16,3108,4.0,1377476635,"Fisher King, The (1991)",comedy drama fantasy romance,1991,"Fisher King, The",3.8055555555555554,36,"Fisher King, The comedy drama fantasy romance"
16,3174,3.5,1377476640,Man on the Moon (1999),comedy drama,1999,Man on the Moon,3.4871794871794872,39,Man on the Moon comedy drama
16,3429,3.5,1377477379,Creature Comforts (1989),animation comedy,1989,Creature Comforts,4.25,12,Creature Comforts animation comedy
16,3683,4.0,1377477908,Blood Simple (1984),crime drama film-noir,1984,Blood Simple,4.0,19,Blood Simple crime drama film-noir
16,3741,4.0,1377477903,Badlands (1973),crime drama thriller,1973,Badlands,4.090909090909091,11,Badlands crime drama thriller
16,4878,3.5,1377477936,Donnie Darko (2001),drama mystery sci-fi thriller,2001,Donnie Darko,3.981651376146789,109,Donnie Darko drama mystery sci-fi thriller
16,4973,4.0,1377476860,"Amelie (Fabuleux destin d'Amélie Poulain, Le) (2001)",comedy romance,2001,"Amelie (Fabuleux destin d'Amélie Poulain, Le)",4.183333333333334,120,"Amelie (Fabuleux destin d'Amélie Poulain, Le) comedy romance"
16,5782,4.0,1377477435,"Professional, The (Le professionnel) (1981)",action drama thriller,1981,"Professional, The (Le professionnel)",3.8684210526315783,19,"Professional, The (Le professionnel) action drama thriller"
16,6350,3.5,1377477637,Laputa: Castle in the Sky (Tenkû no shiro Rapyuta) (1986),action adventure animation children fantasy sci-fi,1986,Laputa: Castle in the Sky (Tenkû no shiro Rapyuta),4.0625,24,Laputa: Castle in the Sky (Tenkû no shiro Rapyuta) action adventure animation children fantasy sci-fi
16,7099,3.5,1377477464,Nausicaä of the Valley of the Wind (Kaze no tani no Naushika) (1984),adventure animation drama fantasy sci-fi,1984,Nausicaä of the Valley of the Wind (Kaze no tani no Naushika),4.0,23,Nausicaä of the Valley of the Wind (Kaze no tani no Naushika) adventure animation drama fantasy sci-fi
16,7361,3.5,1377477402,Eternal Sunshine of the Spotless Mind (2004),drama romance sci-fi,2004,Eternal Sunshine of the Spotless Mind,4.1603053435114505,131,Eternal Sunshine of the Spotless Mind drama romance sci-fi
16,27611,4.0,1377477684,Battlestar Galactica (2003),drama sci-fi war,2003,Battlestar Galactica,3.8157894736842106,19,Battlestar Galactica drama sci-fi war
16,27773,4.0,1377477507,Old Boy (2003),mystery thriller,2003,Old Boy,4.089743589743589,39,Old Boy mystery thriller
16,48394,4.0,1377477809,"Pan's Labyrinth (Laberinto del fauno, El) (2006)",drama fantasy thriller,2006,"Pan's Labyrinth (Laberinto del fauno, El)",3.814814814814815,81,"Pan's Labyrinth (Laberinto del fauno, El) drama fantasy thriller"
16,78499,4.5,1377477830,Toy Story 3 (2010),adventure animation children comedy fantasy imax,2010,Toy Story 3,4.109090909090909,55,Toy Story 3 adventure animation children comedy fantasy imax
17,1036,4.0,1305696741,Die Hard (1988),action crime thriller,1988,Die Hard,3.8620689655172415,145,Die Hard action crime thriller
17,1209,3.5,1307262267,Once Upon a Time in the West (C'era una volta il West) (1968),action drama western,1968,Once Upon a Time in the West (C'era una volta il West),4.305555555555555,18,Once Upon a Time in the West (C'era una volta il West) action drama western
17,1221,4.5,1305696752,"Godfather: Part II, The (1974)",crime drama,1974,"Godfather: Part II, The",4.25968992248062,129,"Godfather: Part II, The crime drama"
17,1228,4.5,1326943248,Raging Bull (1980),drama,1980,Raging Bull,4.1875,40,Raging Bull drama
17,1234,4.0,1305696795,"Sting, The (1973)",comedy crime,1973,"Sting, The",3.9765625,64,"Sting, The comedy crime"
17,1375,3.5,1305696232,Star Trek III: The Search for Spock (1984),action adventure sci-fi,1984,Star Trek III: The Search for Spock,3.261904761904762,42,Star Trek III: The Search for Spock action adventure sci-fi
17,2194,4.0,1305696788,"Untouchables, The (1987)",action crime drama,1987,"Untouchables, The",3.9384615384615382,65,"Untouchables, The action crime drama"
17,3039,4.5,1305696285,Trading Places (1983),comedy,1983,Trading Places,3.730769230769231,39,Trading Places comedy
17,3263,4.0,1305696358,White Men Can't Jump (1992),comedy drama,1992,White Men Can't Jump,3.0454545454545454,22,White Men Can't Jump comedy drama
17,3435,3.5,1307262260,Double Indemnity (1944),crime drama film-noir,1944,Double Indemnity,4.323529411764706,17,Double Indemnity crime drama film-noir
17,3681,4.5,1307262300,For a Few Dollars More (Per qualche dollaro in più) (1965),action drama thriller western,1965,For a Few Dollars More (Per qualche dollaro in più),4.151515151515151,33,For a Few Dollars More (Per qualche dollaro in più) action drama thriller western
17,4571,4.0,1305696310,Bill & Ted's Excellent Adventure (1989),adventure comedy sci-fi,1989,Bill & Ted's Excellent Adventure,3.7,45,Bill & Ted's Excellent Adventure adventure comedy sci-fi
17,6016,4.5,1322628668,City of God (Cidade de Deus) (2002),action adventure crime drama thriller,2002,City of God (Cidade de Deus),4.1466666666666665,75,City of God (Cidade de Deus) action adventure crime drama thriller
17,6870,3.5,1322629189,Mystic River (2003),crime drama mystery,2003,Mystic River,3.7115384615384617,52,Mystic River crime drama mystery
17,7482,4.0,1305696864,Enter the Dragon (1973),action crime,1973,Enter the Dragon,4.038461538461538,13,Enter the Dragon action crime
17,31658,4.5,1322629178,Howl's Moving Castle (Hauru no ugoku shiro) (2004),adventure animation fantasy romance,2004,Howl's Moving Castle (Hauru no ugoku shiro),4.075,40,Howl's Moving Castle (Hauru no ugoku shiro) adventure animation fantasy romance
17,64839,3.5,1322629112,"Wrestler, The (2008)",drama,2008,"Wrestler, The",3.735294117647059,34,"Wrestler, The drama"
17,68358,4.5,1322629267,Star Trek (2009),action adventure sci-fi imax,2009,Star Trek,3.864406779661017,59,Star Trek action adventure sci-fi imax
17,80463,4.0,1305696734,"Social Network, The (2010)",drama,2010,"Social Network, The",3.8859649122807016,57,"Social Network, The drama"
17,81932,3.5,1305696681,"Fighter, The (2010)",drama,2010,"Fighter, The",3.760869565217391,23,"Fighter, The drama"
17,82459,4.0,1305696644,True Grit (2010),western,2010,True Grit,3.75,28,True Grit western
18,431,4.0,1462138790,Carlito's Way (1993),crime drama,1993,Carlito's Way,3.738095238095238,42,Carlito's Way crime drama
18,442,3.0,1455748803,Demolition Man (1993),action adventure sci-fi,1993,Demolition Man,3.092592592592593,81,Demolition Man action adventure sci-fi
18,555,4.0,1504907725,True Romance (1993),crime thriller,1993,True Romance,3.8,65,True Romance crime thriller
18,653,3.0,1456955524,Dragonheart (1996),action adventure fantasy,1996,Dragonheart,3.0923076923076924,65,Dragonheart action adventure fantasy
18,778,4.5,1455050179,Trainspotting (1996),comedy crime drama,1996,Trainspotting,4.03921568627451,102,Trainspotting comedy crime drama
18,1020,3.5,1456955800,Cool Runnings (1993),comedy,1993,Cool Runnings,3.081081081081081,37,Cool Runnings comedy
18,1059,3.5,1455735783,William Shakespeare's Romeo + Juliet (1996),drama romance,1996,William Shakespeare's Romeo + Juliet,3.7222222222222223,36,William Shakespeare's Romeo + Juliet drama romance
18,1212,4.5,1455059742,"Third Man, The (1949)",film-noir mystery thriller,1949,"Third Man, The",4.229166666666667,24,"Third Man, The film-noir mystery thriller"
18,1227,4.5,1485097725,Once Upon a Time in America (1984),crime drama,1984,Once Upon a Time in America,4.0625,16,Once Upon a Time in America crime drama
18,1245,4.0,1503000947,Miller's Crossing (1990),crime drama film-noir thriller,1990,Miller's Crossing,4.225,20,Miller's Crossing crime drama film-noir thriller
18,1356,4.5,1455231686,Star Trek: First Contact (1996),action adventure sci-fi thriller,1996,Star Trek: First Contact,3.879120879120879,91,Star Trek: First Contact action adventure sci-fi thriller
18,1374,4.5,1456958429,Star Trek II: The Wrath of Khan (1982),action adventure sci-fi thriller,1982,Star Trek II: The Wrath of Khan,3.766129032258065,62,Star Trek II: The Wrath of Khan action adventure sci-fi thriller
18,1544,3.5,1455735715,"Lost World: Jurassic Park, The (1997)",action adventure sci-fi thriller,1997,"Lost World: Jurassic Park, The",2.753731343283582,67,"Lost World: Jurassic Park, The action adventure sci-fi thriller"
18,1729,4.0,1465468014,Jackie Brown (1997),crime drama thriller,1997,Jackie Brown,3.6979166666666665,48,Jackie Brown crime drama thriller
18,1924,2.5,1456875333,Plan 9 from Outer Space (1959),horror sci-fi,1959,Plan 9 from Outer Space,3.1875,8,Plan 9 from Outer Space horror sci-fi
18,1961,4.0,1455050512,Rain Man (1988),drama,1988,Rain Man,3.8072916666666665,96,Rain Man drama
18,2184,3.0,1512850460,"Trouble with Harry, The (1955)",comedy mystery,1955,"Trouble with Harry, The",3.4166666666666665,6,"Trouble with Harry, The comedy mystery"
18,2409,4.0,1455749696,Rocky II (1979),action drama,1979,Rocky II,3.1923076923076925,26,Rocky II action drama
18,2410,3.5,1456958417,Rocky III (1982),action drama,1982,Rocky III,2.7291666666666665,24,Rocky III action drama
18,2411,3.0,1455749718,Rocky IV (1985),action drama,1985,Rocky IV,2.706896551724138,29,Rocky IV action drama
18,2412,3.0,1456875250,Rocky V (1990),action drama,1990,Rocky V,1.9411764705882355,17,Rocky V action drama
18,2420,4.0,1455749756,"Karate Kid, The (1984)",drama,1984,"Karate Kid, The",3.5657894736842106,38,"Karate Kid, The drama"
18,2422,3.0,1456864794,"Karate Kid, Part III, The (1989)",action adventure children drama,1989,"Karate Kid, Part III, The",1.75,14,"Karate Kid, Part III, The action adventure children drama"
18,2706,3.5,1455231410,American Pie (1999),comedy romance,1999,American Pie,3.378640776699029,103,American Pie comedy romance
18,2918,3.5,1455748728,Ferris Bueller's Day Off (1986),comedy,1986,Ferris Bueller's Day Off,3.839449541284404,109,Ferris Bueller's Day Off comedy
18,2951,4.5,1455735323,"Fistful of Dollars, A (Per un pugno di dollari) (1964)",action western,1964,"Fistful of Dollars, A (Per un pugno di dollari)",3.935897435897436,39,"Fistful of Dollars, A (Per un pugno di dollari) action western"
18,2953,3.0,1456875367,Home Alone 2: Lost in New York (1992),children comedy,1992,Home Alone 2: Lost in New York,2.5161290322580645,31,Home Alone 2: Lost in New York children comedy
18,3081,4.0,1455231488,Sleepy Hollow (1999),fantasy horror mystery romance,1999,Sleepy Hollow,3.475806451612903,62,Sleepy Hollow fantasy horror mystery romance
18,3257,3.0,1456864683,"Bodyguard, The (1992)",drama romance thriller,1992,"Bodyguard, The",2.859375,32,"Bodyguard, The drama romance thriller"
18,3275,4.5,1455617700,"Boondock Saints, The (2000)",action crime drama thriller,2000,"Boondock Saints, The",4.22093023255814,43,"Boondock Saints, The action crime drama thriller"
18,3462,4.0,1476393345,Modern Times (1936),comedy drama romance,1936,Modern Times,3.72,25,Modern Times comedy drama romance
18,3751,3.5,1455529841,Chicken Run (2000),animation children comedy,2000,Chicken Run,3.551282051282051,78,Chicken Run animation children comedy
18,3785,2.0,1455231603,Scary Movie (2000),comedy horror,2000,Scary Movie,2.92,50,Scary Movie comedy horror
18,3896,4.0,1504894830,"Way of the Gun, The (2000)",crime thriller,2000,"Way of the Gun, The",3.125,8,"Way of the Gun, The crime thriller"
18,4007,4.0,1504731757,Wall Street (1987),drama,1987,Wall Street,3.75,20,Wall Street drama
18,4262,4.0,1456772015,Scarface (1983),action crime drama,1983,Scarface,3.9328358208955225,67,Scarface action crime drama
18,4327,4.0,1455735349,"Magnificent Seven, The (1960)",adventure western,1960,"Magnificent Seven, The",3.59375,16,"Magnificent Seven, The adventure western"
18,4383,4.0,1486846015,"Crimson Rivers, The (Rivières pourpres, Les) (2000)",crime drama mystery thriller,2000,"Crimson Rivers, The (Rivières pourpres, Les)",3.5,5,"Crimson Rivers, The (Rivières pourpres, Les) crime drama mystery thriller"
18,4728,3.0,1457005711,Rat Race (2001),comedy,2001,Rat Race,3.055555555555556,18,Rat Race comedy
18,4816,3.0,1456919460,Zoolander (2001),comedy,2001,Zoolander,3.509259259259259,54,Zoolander comedy
18,5008,4.5,1456744749,Witness for the Prosecution (1957),drama mystery thriller,1957,Witness for the Prosecution,4.388888888888889,9,Witness for the Prosecution drama mystery thriller
18,5266,3.5,1455050827,Panic Room (2002),thriller,2002,Panic Room,3.0,37,Panic Room thriller
18,5418,4.0,1455749029,"Bourne Identity, The (2002)",action mystery thriller,2002,"Bourne Identity, The",3.8169642857142856,112,"Bourne Identity, The action mystery thriller"
18,5574,3.5,1455050917,"Transporter, The (2002)",action crime,2002,"Transporter, The",3.519230769230769,26,"Transporter, The action crime"
18,5608,4.0,1455821517,"Das Experiment (Experiment, The) (2001)",drama thriller,2001,"Das Experiment (Experiment, The)",3.863636363636364,11,"Das Experiment (Experiment, The) drama thriller"
18,5669,3.5,1456919349,Bowling for Columbine (2002),documentary,2002,Bowling for Columbine,3.775862068965517,58,Bowling for Columbine documentary
18,5679,4.0,1455617626,"Ring, The (2002)",horror mystery thriller,2002,"Ring, The",3.202127659574468,47,"Ring, The horror mystery thriller"
18,5903,3.5,1456832424,Equilibrium (2002),action sci-fi thriller,2002,Equilibrium,3.875,44,Equilibrium action sci-fi thriller
18,5944,2.5,1455231780,Star Trek: Nemesis (2002),action drama sci-fi thriller,2002,Star Trek: Nemesis,3.1052631578947367,19,Star Trek: Nemesis action drama sci-fi thriller
18,5995,4.5,1455735416,"Pianist, The (2002)",drama war,2002,"Pianist, The",4.108695652173913,46,"Pianist, The drama war"
18,6287,3.0,1455049949,Anger Management (2003),comedy,2003,Anger Management,3.0588235294117645,34,Anger Management comedy
18,6373,3.5,1455049753,Bruce Almighty (2003),comedy drama fantasy romance,2003,Bruce Almighty,3.316901408450704,71,Bruce Almighty comedy drama fantasy romance
18,6378,3.0,1455049758,"Italian Job, The (2003)",action crime,2003,"Italian Job, The",3.6186440677966094,59,"Italian Job, The action crime"
18,6440,4.5,1455617896,Barton Fink (1991),drama thriller,1991,Barton Fink,4.035714285714286,14,Barton Fink drama thriller
18,6548,2.0,1455050951,Bad Boys II (2003),action comedy crime thriller,2003,Bad Boys II,2.8823529411764706,17,Bad Boys II action comedy crime thriller
18,6709,3.0,1456919632,Once Upon a Time in Mexico (2003),action adventure crime thriller,2003,Once Upon a Time in Mexico,3.2142857142857144,14,Once Upon a Time in Mexico action adventure crime thriller
18,6787,4.0,1534020896,All the President's Men (1976),drama thriller,1976,All the President's Men,4.018518518518518,27,All the President's Men drama thriller
18,6807,4.5,1458669199,Monty Python's The Meaning of Life (1983),comedy,1983,Monty Python's The Meaning of Life,3.95,40,Monty Python's The Meaning of Life comedy
18,6888,0.5,1455050979,Scary Movie 3 (2003),comedy horror,2003,Scary Movie 3,2.275,20,Scary Movie 3 comedy horror
18,7018,3.5,1486854151,Presumed Innocent (1990),crime drama thriller,1990,Presumed Innocent,3.9,5,Presumed Innocent crime drama thriller
18,7147,4.5,1455049845,Big Fish (2003),drama fantasy romance,2003,Big Fish,3.8333333333333335,69,Big Fish drama fantasy romance
18,7317,3.0,1455655129,EuroTrip (2004),adventure comedy,2004,EuroTrip,3.1333333333333333,15,EuroTrip adventure comedy
18,7318,2.5,1455050932,"Passion of the Christ, The (2004)",drama,2004,"Passion of the Christ, The",2.6153846153846154,13,"Passion of the Christ, The drama"
18,7323,3.0,1455049931,"Good bye, Lenin! (2003)",comedy drama,2003,"Good bye, Lenin!",3.804347826086957,23,"Good bye, Lenin! comedy drama"
18,7373,3.5,1455049881,Hellboy (2004),action adventure fantasy horror,2004,Hellboy,3.3780487804878048,41,Hellboy action adventure fantasy horror
18,8361,3.0,1455231973,"Day After Tomorrow, The (2004)",action adventure drama sci-fi thriller,2004,"Day After Tomorrow, The",3.05,50,"Day After Tomorrow, The action adventure drama sci-fi thriller"
18,8641,2.5,1455060196,Anchorman: The Legend of Ron Burgundy (2004),comedy,2004,Anchorman: The Legend of Ron Burgundy,3.771929824561404,57,Anchorman: The Legend of Ron Burgundy comedy
18,8784,3.5,1466969253,Garden State (2004),comedy drama romance,2004,Garden State,3.7083333333333335,48,Garden State comedy drama romance
18,8917,3.5,1455049936,Team America: World Police (2004),action adventure animation comedy,2004,Team America: World Police,3.46875,32,Team America: World Police action adventure animation comedy
18,8950,4.0,1455049893,The Machinist (2004),drama mystery thriller,2004,The Machinist,3.986842105263158,38,The Machinist drama mystery thriller
18,26614,3.5,1485297353,"Bourne Identity, The (1988)",action adventure drama mystery thriller,1988,"Bourne Identity, The",3.388888888888889,9,"Bourne Identity, The action adventure drama mystery thriller"
18,27831,3.5,1456958283,Layer Cake (2004),crime drama thriller,2004,Layer Cake,3.8157894736842106,19,Layer Cake crime drama thriller
18,30793,4.0,1455050800,Charlie and the Chocolate Factory (2005),adventure children comedy fantasy imax,2005,Charlie and the Chocolate Factory,3.0,61,Charlie and the Chocolate Factory adventure children comedy fantasy imax
18,33004,3.0,1455050852,"Hitchhiker's Guide to the Galaxy, The (2005)",adventure comedy sci-fi,2005,"Hitchhiker's Guide to the Galaxy, The",3.4204545454545454,44,"Hitchhiker's Guide to the Galaxy, The adventure comedy sci-fi"
18,33615,3.5,1455655026,Madagascar (2005),adventure animation children comedy,2005,Madagascar,3.375,40,Madagascar adventure animation children comedy
18,34150,3.5,1455049954,Fantastic Four (2005),action adventure sci-fi,2005,Fantastic Four,2.763888888888889,36,Fantastic Four action adventure sci-fi
18,34405,3.5,1455231107,Serenity (2005),action adventure sci-fi,2005,Serenity,3.94,50,Serenity action adventure sci-fi
18,36519,3.0,1455051042,Transporter 2 (2005),action crime thriller,2005,Transporter 2,3.21875,16,Transporter 2 action crime thriller
18,36529,4.0,1455231182,Lord of War (2005),action crime drama thriller war,2005,Lord of War,3.7142857142857135,35,Lord of War action crime drama thriller war
18,37386,1.5,1455050989,Aeon Flux (2005),action sci-fi,2005,Aeon Flux,2.761904761904762,21,Aeon Flux action sci-fi
18,37729,4.0,1455049923,Corpse Bride (2005),animation comedy fantasy musical romance,2005,Corpse Bride,3.534090909090909,44,Corpse Bride animation comedy fantasy musical romance
18,37733,4.0,1470061020,"History of Violence, A (2005)",action crime drama thriller,2005,"History of Violence, A",3.5,27,"History of Violence, A action crime drama thriller"
18,38038,4.0,1455049942,Wallace & Gromit in The Curse of the Were-Rabbit (2005),adventure animation children comedy,2005,Wallace & Gromit in The Curse of the Were-Rabbit,3.633333333333333,30,Wallace & Gromit in The Curse of the Were-Rabbit adventure animation children comedy
18,38061,4.0,1458593231,Kiss Kiss Bang Bang (2005),comedy crime mystery thriller,2005,Kiss Kiss Bang Bang,4.071428571428571,35,Kiss Kiss Bang Bang comedy crime mystery thriller
18,44022,3.5,1455749359,Ice Age 2: The Meltdown (2006),adventure animation children comedy,2006,Ice Age 2: The Meltdown,3.217391304347826,23,Ice Age 2: The Meltdown adventure animation children comedy
18,44191,4.5,1455050089,V for Vendetta (2006),action sci-fi thriller imax,2006,V for Vendetta,3.885,100,V for Vendetta action sci-fi thriller imax
18,44199,4.5,1455049886,Inside Man (2006),crime drama thriller,2006,Inside Man,3.8,40,Inside Man crime drama thriller
18,44555,4.0,1485646726,"Lives of Others, The (Das leben der Anderen) (2006)",drama romance thriller,2006,"Lives of Others, The (Das leben der Anderen)",4.117647058823529,34,"Lives of Others, The (Das leben der Anderen) drama romance thriller"
18,44665,4.5,1455049870,Lucky Number Slevin (2006),crime drama mystery,2006,Lucky Number Slevin,3.8552631578947367,38,Lucky Number Slevin crime drama mystery
18,45722,4.0,1455049739,Pirates of the Caribbean: Dead Man's Chest (2006),action adventure fantasy,2006,Pirates of the Caribbean: Dead Man's Chest,3.5069444444444446,72,Pirates of the Caribbean: Dead Man's Chest action adventure fantasy
18,46578,3.5,1455059798,Little Miss Sunshine (2006),adventure comedy drama,2006,Little Miss Sunshine,3.883116883116883,77,Little Miss Sunshine adventure comedy drama
18,46965,1.0,1455749474,Snakes on a Plane (2006),action comedy horror thriller,2006,Snakes on a Plane,2.642857142857143,14,Snakes on a Plane action comedy horror thriller
18,47200,3.0,1455655111,Crank (2006),action thriller,2006,Crank,3.4285714285714284,14,Crank action thriller
18,49651,3.5,1457444465,Rocky Balboa (2006),action drama,2006,Rocky Balboa,3.321428571428572,14,Rocky Balboa action drama
18,51540,4.5,1455821297,Zodiac (2007),crime drama thriller,2007,Zodiac,3.710526315789474,38,Zodiac crime drama thriller
18,52604,4.5,1457650649,Fracture (2007),crime drama mystery thriller,2007,Fracture,3.6666666666666665,12,Fracture crime drama mystery thriller
18,53125,3.5,1455231338,Pirates of the Caribbean: At World's End (2007),action adventure comedy fantasy,2007,Pirates of the Caribbean: At World's End,3.4375,56,Pirates of the Caribbean: At World's End action adventure comedy fantasy
18,53129,3.0,1521323641,Mr. Brooks (2007),crime drama thriller,2007,Mr. Brooks,4.0,7,Mr. Brooks crime drama thriller
18,53464,2.5,1455655099,Fantastic Four: Rise of the Silver Surfer (2007),action adventure sci-fi,2007,Fantastic Four: Rise of the Silver Surfer,2.575,20,Fantastic Four: Rise of the Silver Surfer action adventure sci-fi
18,53972,3.0,1455232038,Live Free or Die Hard (2007),action adventure crime thriller,2007,Live Free or Die Hard,3.40625,32,Live Free or Die Hard action adventure crime thriller
18,53996,3.0,1455749279,Transformers (2007),action sci-fi thriller imax,2007,Transformers,3.3461538461538463,39,Transformers action sci-fi thriller imax
18,54272,3.5,1455232001,"Simpsons Movie, The (2007)",animation comedy,2007,"Simpsons Movie, The",3.619565217391304,46,"Simpsons Movie, The animation comedy"
18,55118,4.5,1469995045,Eastern Promises (2007),crime drama thriller,2007,Eastern Promises,4.026315789473684,19,Eastern Promises crime drama thriller
18,55247,3.5,1455231983,Into the Wild (2007),action adventure drama,2007,Into the Wild,3.902439024390244,41,Into the Wild action adventure drama
18,55276,4.0,1476901520,Michael Clayton (2007),drama thriller,2007,Michael Clayton,3.911764705882353,17,Michael Clayton drama thriller
18,55290,4.5,1482355905,Gone Baby Gone (2007),crime drama mystery,2007,Gone Baby Gone,3.45,20,Gone Baby Gone crime drama mystery
18,55765,4.5,1459363622,American Gangster (2007),crime drama thriller,2007,American Gangster,3.905405405405405,37,American Gangster crime drama thriller
18,56757,4.0,1464994729,Sweeney Todd: The Demon Barber of Fleet Street (2007),drama horror musical thriller,2007,Sweeney Todd: The Demon Barber of Fleet Street,3.716666666666667,30,Sweeney Todd: The Demon Barber of Fleet Street drama horror musical thriller
18,57528,2.5,1456924845,Rambo (Rambo 4) (2008),action drama thriller war,2008,Rambo (Rambo 4),3.2777777777777777,9,Rambo (Rambo 4) action drama thriller war
18,57640,3.5,1455749376,Hellboy II: The Golden Army (2008),action adventure fantasy sci-fi,2008,Hellboy II: The Golden Army,3.8055555555555554,18,Hellboy II: The Golden Army action adventure fantasy sci-fi
18,57669,4.0,1455749164,In Bruges (2008),comedy crime drama thriller,2008,In Bruges,4.158536585365853,41,In Bruges comedy crime drama thriller
18,58295,3.5,1476902377,"Bank Job, The (2008)",action crime thriller,2008,"Bank Job, The",3.615384615384616,13,"Bank Job, The action crime thriller"
18,58299,4.0,1455749828,Horton Hears a Who! (2008),adventure animation children comedy,2008,Horton Hears a Who!,3.4375,8,Horton Hears a Who! adventure animation children comedy
18,59615,2.5,1455231357,Indiana Jones and the Kingdom of the Crystal Skull (2008),action adventure comedy sci-fi,2008,Indiana Jones and the Kingdom of the Crystal Skull,2.833333333333333,39,Indiana Jones and the Kingdom of the Crystal Skull action adventure comedy sci-fi
18,59784,4.0,1455749175,Kung Fu Panda (2008),action animation children comedy imax,2008,Kung Fu Panda,3.4444444444444446,54,Kung Fu Panda action animation children comedy imax
18,60040,3.5,1455529605,"Incredible Hulk, The (2008)",action sci-fi,2008,"Incredible Hulk, The",3.1714285714285717,35,"Incredible Hulk, The action sci-fi"
18,60074,2.5,1455749302,Hancock (2008),action adventure comedy crime fantasy,2008,Hancock,3.034482758620689,29,Hancock action adventure comedy crime fantasy
18,60684,3.5,1455749277,Watchmen (2009),action drama mystery sci-fi thriller imax,2009,Watchmen,3.988372093023256,43,Watchmen action drama mystery sci-fi thriller imax
18,62434,3.5,1455749428,Zack and Miri Make a Porno (2008),comedy drama romance,2008,Zack and Miri Make a Porno,3.523809523809524,21,Zack and Miri Make a Porno comedy drama romance
18,63131,3.5,1455749413,Role Models (2008),comedy,2008,Role Models,3.625,20,Role Models comedy
18,64957,3.5,1455821116,"Curious Case of Benjamin Button, The (2008)",drama fantasy mystery romance,2008,"Curious Case of Benjamin Button, The",3.5945945945945947,37,"Curious Case of Benjamin Button, The drama fantasy mystery romance"
18,66934,4.0,1456924733,Dr. Horrible's Sing-Along Blog (2008),comedy drama musical sci-fi,2008,Dr. Horrible's Sing-Along Blog,3.9166666666666665,24,Dr. Horrible's Sing-Along Blog comedy drama musical sci-fi
18,67255,4.5,1456770605,"Girl with the Dragon Tattoo, The (Män som hatar kvinnor) (2009)",crime drama mystery thriller,2009,"Girl with the Dragon Tattoo, The (Män som hatar kvinnor)",3.94,25,"Girl with the Dragon Tattoo, The (Män som hatar kvinnor) crime drama mystery thriller"
18,68073,4.5,1455749814,Pirate Radio (2009),comedy drama,2009,Pirate Radio,3.4,5,Pirate Radio comedy drama
18,68319,4.0,1455749310,X-Men Origins: Wolverine (2009),action sci-fi thriller,2009,X-Men Origins: Wolverine,2.8653846153846154,26,X-Men Origins: Wolverine action sci-fi thriller
18,69122,3.0,1455529969,"Hangover, The (2009)",comedy crime,2009,"Hangover, The",3.631578947368421,76,"Hangover, The comedy crime"
18,69640,4.0,1456772121,Public Enemies (2009),crime drama thriller,2009,Public Enemies,3.055555555555556,9,Public Enemies crime drama thriller
18,69951,3.5,1455749591,"Imaginarium of Doctor Parnassus, The (2009)",drama fantasy,2009,"Imaginarium of Doctor Parnassus, The",3.8125,16,"Imaginarium of Doctor Parnassus, The drama fantasy"
18,71156,3.0,1455749513,"Men Who Stare at Goats, The (2009)",action comedy drama,2009,"Men Who Stare at Goats, The",3.388888888888889,9,"Men Who Stare at Goats, The action comedy drama"
18,71899,4.5,1455618430,Mary and Max (2009),animation comedy drama,2009,Mary and Max,4.2,10,Mary and Max animation comedy drama
18,73268,3.5,1478632335,Daybreakers (2010),action drama horror thriller,2010,Daybreakers,3.4166666666666665,6,Daybreakers action drama horror thriller
18,73321,3.5,1456750745,"Book of Eli, The (2010)",action adventure drama,2010,"Book of Eli, The",3.28125,16,"Book of Eli, The action adventure drama"
18,73323,4.5,1456770625,"Girl Who Kicked the Hornet's Nest, The (Luftslottet som sprängdes) (2009)",action crime mystery,2009,"Girl Who Kicked the Hornet's Nest, The (Luftslottet som sprängdes)",4.2,5,"Girl Who Kicked the Hornet's Nest, The (Luftslottet som sprängdes) action crime mystery"
18,74789,3.5,1455051099,Alice in Wonderland (2010),adventure fantasy imax,2010,Alice in Wonderland,2.875,28,Alice in Wonderland adventure fantasy imax
18,76077,3.0,1456924816,Hot Tub Time Machine (2010),comedy sci-fi,2010,Hot Tub Time Machine,3.3,15,Hot Tub Time Machine comedy sci-fi
18,76175,2.5,1456924918,Clash of the Titans (2010),action adventure drama fantasy,2010,Clash of the Titans,2.3076923076923075,13,Clash of the Titans action adventure drama fantasy
18,76251,4.5,1455051151,Kick-Ass (2010),action comedy,2010,Kick-Ass,3.651162790697674,43,Kick-Ass action comedy
18,77561,4.0,1455051202,Iron Man 2 (2010),action adventure sci-fi thriller imax,2010,Iron Man 2,3.5106382978723403,47,Iron Man 2 action adventure sci-fi thriller imax
18,78469,3.0,1456750794,"A-Team, The (2010)",action comedy thriller,2010,"A-Team, The",3.147058823529412,17,"A-Team, The action comedy thriller"
18,79293,3.0,1478366123,Salt (2010),action thriller,2010,Salt,2.966666666666667,15,Salt action thriller
18,79592,3.0,1456924960,"Other Guys, The (2010)",action comedy,2010,"Other Guys, The",3.261904761904762,21,"Other Guys, The action comedy"
18,79695,3.5,1455750029,"Expendables, The (2010)",action adventure thriller,2010,"Expendables, The",3.0588235294117645,17,"Expendables, The action adventure thriller"
18,79702,4.0,1455051182,Scott Pilgrim vs. the World (2010),action comedy fantasy musical romance,2010,Scott Pilgrim vs. the World,3.704545454545455,44,Scott Pilgrim vs. the World action comedy fantasy musical romance
18,80219,3.5,1455749571,Machete (2010),action adventure comedy crime thriller,2010,Machete,3.25,12,Machete action adventure comedy crime thriller
18,81788,4.5,1463695521,"Next Three Days, The (2010)",crime drama romance thriller,2010,"Next Three Days, The",3.857142857142857,7,"Next Three Days, The crime drama romance thriller"
18,83349,3.0,1458581624,"Green Hornet, The (2011)",action comedy crime fantasy thriller imax,2011,"Green Hornet, The",3.0,11,"Green Hornet, The action comedy crime fantasy thriller imax"
18,84392,4.5,1459889871,"Lincoln Lawyer, The (2011)",crime drama thriller,2011,"Lincoln Lawyer, The",3.6,10,"Lincoln Lawyer, The crime drama thriller"
18,86190,3.5,1456924897,Hanna (2011),action adventure mystery thriller,2011,Hanna,3.3181818181818183,11,Hanna action adventure mystery thriller
18,86332,3.5,1455051197,Thor (2011),action adventure drama fantasy imax,2011,Thor,3.514705882352941,34,Thor action adventure drama fantasy imax
18,86880,3.0,1455231363,Pirates of the Caribbean: On Stranger Tides (2011),action adventure fantasy imax,2011,Pirates of the Caribbean: On Stranger Tides,3.2291666666666665,24,Pirates of the Caribbean: On Stranger Tides action adventure fantasy imax
18,87232,4.0,1455051166,X-Men: First Class (2011),action adventure sci-fi thriller war,2011,X-Men: First Class,3.7906976744186047,43,X-Men: First Class action adventure sci-fi thriller war
18,88129,3.0,1455051194,Drive (2011),crime drama film-noir thriller,2011,Drive,3.765625,32,Drive crime drama film-noir thriller
18,88140,4.0,1455051109,Captain America: The First Avenger (2011),action adventure sci-fi thriller war,2011,Captain America: The First Avenger,3.546875,32,Captain America: The First Avenger action adventure sci-fi thriller war
18,90600,4.0,1511043515,Headhunters (Hodejegerne) (2011),action crime thriller,2011,Headhunters (Hodejegerne),3.6,5,Headhunters (Hodejegerne) action crime thriller
18,91485,3.5,1489780980,"Expendables 2, The (2012)",action adventure,2012,"Expendables 2, The",3.5,10,"Expendables 2, The action adventure"
18,91542,4.0,1455051101,Sherlock Holmes: A Game of Shadows (2011),action adventure comedy crime mystery thriller,2011,Sherlock Holmes: A Game of Shadows,3.763157894736842,38,Sherlock Holmes: A Game of Shadows action adventure comedy crime mystery thriller
18,95441,2.5,1456750781,Ted (2012),comedy fantasy,2012,Ted,3.2857142857142856,21,Ted comedy fantasy
18,97752,3.5,1455617979,Cloud Atlas (2012),drama sci-fi imax,2012,Cloud Atlas,3.736842105263158,19,Cloud Atlas drama sci-fi imax
18,98124,4.0,1473004465,"Batman: The Dark Knight Returns, Part 1 (2012)",action animation sci-fi,2012,"Batman: The Dark Knight Returns, Part 1",3.928571428571429,7,"Batman: The Dark Knight Returns, Part 1 action animation sci-fi"
18,98585,3.5,1517686559,Hitchcock (2012),drama,2012,Hitchcock,3.5,5,Hitchcock drama
18,98809,4.0,1455051180,"Hobbit: An Unexpected Journey, The (2012)",adventure fantasy imax,2012,"Hobbit: An Unexpected Journey, The",3.8125,40,"Hobbit: An Unexpected Journey, The adventure fantasy imax"
18,99813,4.0,1473004463,"Batman: The Dark Knight Returns, Part 2 (2013)",action animation,2013,"Batman: The Dark Knight Returns, Part 2",3.875,8,"Batman: The Dark Knight Returns, Part 2 action animation"
18,102125,3.5,1457382480,Iron Man 3 (2013),action sci-fi thriller imax,2013,Iron Man 3,3.5625,32,Iron Man 3 action sci-fi thriller imax
18,102445,4.0,1455051113,Star Trek Into Darkness (2013),action adventure sci-fi imax,2013,Star Trek Into Darkness,3.685185185185185,27,Star Trek Into Darkness action adventure sci-fi imax
18,102903,4.0,1513369638,Now You See Me (2013),crime mystery thriller,2013,Now You See Me,3.409090909090909,22,Now You See Me crime mystery thriller
18,103253,3.5,1478381466,Elysium (2013),action drama sci-fi imax,2013,Elysium,3.3125,16,Elysium action drama sci-fi imax
18,103772,4.0,1478632286,"Wolverine, The (2013)",action adventure fantasy sci-fi,2013,"Wolverine, The",3.375,16,"Wolverine, The action adventure fantasy sci-fi"
18,104241,3.0,1458585307,Kick-Ass 2 (2013),action comedy crime,2013,Kick-Ass 2,3.4545454545454546,11,Kick-Ass 2 action comedy crime
18,104879,3.0,1456770932,Prisoners (2013),drama mystery thriller,2013,Prisoners,4.15625,16,Prisoners drama mystery thriller
18,106072,3.5,1478366140,Thor: The Dark World (2013),action adventure fantasy imax,2013,Thor: The Dark World,3.3095238095238093,21,Thor: The Dark World action adventure fantasy imax
18,106487,4.0,1455051107,The Hunger Games: Catching Fire (2013),action adventure sci-fi imax,2013,The Hunger Games: Catching Fire,3.6346153846153846,26,The Hunger Games: Catching Fire action adventure sci-fi imax
18,111362,4.0,1455050010,X-Men: Days of Future Past (2014),action adventure sci-fi,2014,X-Men: Days of Future Past,3.8333333333333335,30,X-Men: Days of Future Past action adventure sci-fi
18,112183,3.5,1466968168,Birdman: Or (The Unexpected Virtue of Ignorance) (2014),comedy drama,2014,Birdman: Or (The Unexpected Virtue of Ignorance),3.3461538461538463,26,Birdman: Or (The Unexpected Virtue of Ignorance) comedy drama
18,116797,4.5,1455050523,The Imitation Game (2014),drama thriller war,2014,The Imitation Game,4.02,50,The Imitation Game drama thriller war
18,116823,3.5,1456910057,The Hunger Games: Mockingjay - Part 1 (2014),adventure sci-fi thriller,2014,The Hunger Games: Mockingjay - Part 1,3.869565217391304,23,The Hunger Games: Mockingjay - Part 1 adventure sci-fi thriller
18,117176,4.0,1473004722,The Theory of Everything (2014),drama romance,2014,The Theory of Everything,3.7058823529411766,17,The Theory of Everything drama romance
18,118900,3.5,1483294684,Wild (2014),drama,2014,Wild,2.9,5,Wild drama
18,122892,3.5,1457382463,Avengers: Age of Ultron (2015),action adventure sci-fi,2015,Avengers: Age of Ultron,3.5185185185185186,27,Avengers: Age of Ultron action adventure sci-fi
18,122900,4.0,1457382458,Ant-Man (2015),action adventure sci-fi,2015,Ant-Man,3.7222222222222223,27,Ant-Man action adventure sci-fi
18,122918,4.0,1510946731,Guardians of the Galaxy 2 (2017),action adventure sci-fi,2017,Guardians of the Galaxy 2,3.925925925925926,27,Guardians of the Galaxy 2 action adventure sci-fi
18,122920,3.0,1468354075,Captain America: Civil War (2016),action sci-fi thriller,2016,Captain America: Civil War,3.613636363636364,22,Captain America: Civil War action sci-fi thriller
18,122926,3.5,1510960358,Untitled Spider-Man Reboot (2017),action adventure fantasy,2017,Untitled Spider-Man Reboot,4.15625,16,Untitled Spider-Man Reboot action adventure fantasy
18,128620,3.5,1502901639,Victoria (2015),crime drama romance,2015,Victoria,3.9,5,Victoria crime drama romance
18,135569,3.5,1477849300,Star Trek Beyond (2016),action adventure sci-fi,2016,Star Trek Beyond,3.466666666666667,15,Star Trek Beyond action adventure sci-fi
18,139385,3.5,1473351954,The Revenant (2015),adventure drama,2015,The Revenant,3.903225806451613,31,The Revenant adventure drama
18,142488,4.5,1486643850,Spotlight (2015),thriller,2015,Spotlight,4.157894736842105,19,Spotlight thriller
18,148626,4.0,1484169587,"Big Short, The (2015)",drama,2015,"Big Short, The",3.9615384615384617,26,"Big Short, The drama"
18,150548,4.0,1455828926,Sherlock: The Abominable Bride (2016),action crime drama mystery thriller,2016,Sherlock: The Abominable Bride,3.85,10,Sherlock: The Abominable Bride action crime drama mystery thriller
18,158238,4.0,1493930228,The Nice Guys (2016),crime mystery thriller,2016,The Nice Guys,3.8333333333333335,15,The Nice Guys crime mystery thriller
18,159093,3.5,1513378355,Now You See Me 2 (2016),action comedy thriller,2016,Now You See Me 2,3.636363636363636,11,Now You See Me 2 action comedy thriller
18,160438,3.0,1473361651,Jason Bourne (2016),action,2016,Jason Bourne,2.7222222222222223,9,Jason Bourne action
18,161582,4.0,1499631585,Hell or High Water (2016),crime drama,2016,Hell or High Water,3.5625,8,Hell or High Water crime drama
18,162350,3.5,1482346781,The Magnificent Seven (2016),action western,2016,The Magnificent Seven,3.583333333333333,6,The Magnificent Seven action western
18,162606,3.5,1493142085,The Accountant (2016),crime drama thriller,2016,The Accountant,3.0,6,The Accountant crime drama thriller
18,164179,3.0,1517508124,Arrival (2016),sci-fi,2016,Arrival,3.980769230769231,26,Arrival sci-fi
18,168252,4.0,1493155981,Logan (2017),action sci-fi,2017,Logan,4.28,25,Logan action sci-fi
18,176101,3.5,1513110715,Kingsman: The Golden Circle (2017),action adventure comedy,2017,Kingsman: The Golden Circle,3.0625,8,Kingsman: The Golden Circle action adventure comedy
18,177593,4.5,1534007386,"Three Billboards Outside Ebbing, Missouri (2017)",crime drama,2017,"Three Billboards Outside Ebbing, Missouri",4.75,8,"Three Billboards Outside Ebbing, Missouri crime drama"
19,12,1.0,965705347,Dracula: Dead and Loving It (1995),comedy horror,1995,Dracula: Dead and Loving It,2.421052631578948,19,Dracula: Dead and Loving It comedy horror
19,48,1.0,965709172,Pocahontas (1995),animation children drama musical romance,1995,Pocahontas,3.147058823529412,68,Pocahontas animation children drama musical romance
19,64,2.0,965708037,Two if by Sea (1996),comedy romance,1996,Two if by Sea,2.2,5,Two if by Sea comedy romance
19,107,2.0,965706886,Muppet Treasure Island (1996),adventure children comedy musical,1996,Muppet Treasure Island,3.326923076923077,26,Muppet Treasure Island adventure children comedy musical
19,173,1.0,965703997,Judge Dredd (1995),action crime sci-fi,1995,Judge Dredd,2.669354838709677,62,Judge Dredd action crime sci-fi
19,325,2.0,965708360,National Lampoon's Senior Trip (1995),comedy,1995,National Lampoon's Senior Trip,2.5,7,National Lampoon's Senior Trip comedy
19,328,2.0,965705076,Tales from the Crypt Presents: Demon Knight (1995),horror thriller,1995,Tales from the Crypt Presents: Demon Knight,3.15,10,Tales from the Crypt Presents: Demon Knight horror thriller
19,338,2.0,965703940,Virtuosity (1995),action sci-fi thriller,1995,Virtuosity,2.8421052631578947,19,Virtuosity action sci-fi thriller
19,372,1.0,965706507,Reality Bites (1994),comedy drama romance,1994,Reality Bites,2.761904761904762,21,Reality Bites comedy drama romance
19,379,2.0,965703885,Timecop (1994),action sci-fi thriller,1994,Timecop,2.5,21,Timecop action sci-fi thriller
19,407,3.0,965705059,In the Mouth of Madness (1995),horror thriller,1995,In the Mouth of Madness,3.4375,8,In the Mouth of Madness horror thriller
19,414,2.0,965706886,"Air Up There, The (1994)",comedy,1994,"Air Up There, The",2.333333333333333,6,"Air Up There, The comedy"
19,420,2.0,965708098,Beverly Hills Cop III (1994),action comedy crime thriller,1994,Beverly Hills Cop III,2.7203389830508478,59,Beverly Hills Cop III action comedy crime thriller
19,422,3.0,965711481,Blink (1994),thriller,1994,Blink,3.2,5,Blink thriller
19,427,3.0,965712068,Boxing Helena (1993),drama mystery romance thriller,1993,Boxing Helena,2.5416666666666665,12,Boxing Helena drama mystery romance thriller
19,551,5.0,965706163,"Nightmare Before Christmas, The (1993)",animation children fantasy musical,1993,"Nightmare Before Christmas, The",3.553763440860215,93,"Nightmare Before Christmas, The animation children fantasy musical"
19,558,2.0,965704355,"Pagemaster, The (1994)",action adventure animation children fantasy,1994,"Pagemaster, The",2.9375,8,"Pagemaster, The action adventure animation children fantasy"
19,610,3.0,965703785,Heavy Metal (1981),action adventure animation horror sci-fi,1981,Heavy Metal,3.5454545454545454,33,Heavy Metal action adventure animation horror sci-fi
19,611,2.0,965704056,Hellraiser: Bloodline (1996),action horror sci-fi,1996,Hellraiser: Bloodline,2.4166666666666665,6,Hellraiser: Bloodline action horror sci-fi
19,671,2.0,965703674,Mystery Science Theater 3000: The Movie (1996),comedy sci-fi,1996,Mystery Science Theater 3000: The Movie,3.486111111111111,36,Mystery Science Theater 3000: The Movie comedy sci-fi
19,674,4.0,965703973,Barbarella (1968),adventure comedy sci-fi,1968,Barbarella,3.1666666666666665,9,Barbarella adventure comedy sci-fi
19,724,4.0,965705076,"Craft, The (1996)",drama fantasy horror thriller,1996,"Craft, The",3.032258064516129,31,"Craft, The drama fantasy horror thriller"
19,742,3.0,965711994,Thinner (1996),horror thriller,1996,Thinner,2.8181818181818183,11,Thinner horror thriller
19,743,2.0,965707137,Spy Hard (1996),comedy,1996,Spy Hard,2.5172413793103448,29,Spy Hard comedy
19,761,3.0,965709832,"Phantom, The (1996)",action adventure,1996,"Phantom, The",2.789473684210526,19,"Phantom, The action adventure"
19,785,2.0,965706209,Kingpin (1996),comedy,1996,Kingpin,3.369047619047619,42,Kingpin comedy
19,788,2.0,965703885,"Nutty Professor, The (1996)",comedy fantasy romance sci-fi,1996,"Nutty Professor, The",2.731707317073171,82,"Nutty Professor, The comedy fantasy romance sci-fi"
19,798,2.0,965710019,Daylight (1996),action adventure drama thriller,1996,Daylight,2.708333333333333,12,Daylight action adventure drama thriller
19,810,1.0,965704375,Kazaam (1996),children comedy fantasy,1996,Kazaam,2.25,12,Kazaam children comedy fantasy
19,829,2.0,965706415,Joe's Apartment (1996),comedy fantasy musical,1996,Joe's Apartment,2.6666666666666665,9,Joe's Apartment comedy fantasy musical
19,832,2.0,965711184,Ransom (1996),crime thriller,1996,Ransom,3.3378378378378377,37,Ransom crime thriller
19,866,2.0,965710781,Bound (1996),crime drama romance thriller,1996,Bound,4.0,23,Bound crime drama romance thriller
19,903,5.0,965710671,Vertigo (1958),drama mystery romance thriller,1958,Vertigo,4.025,60,Vertigo drama mystery romance thriller
19,906,3.0,965711014,Gaslight (1944),drama thriller,1944,Gaslight,4.142857142857143,7,Gaslight drama thriller
19,911,3.0,965705725,Charade (1963),comedy crime mystery romance thriller,1963,Charade,3.807692307692308,13,Charade comedy crime mystery romance thriller
19,915,2.0,965706045,Sabrina (1954),comedy romance,1954,Sabrina,3.7666666666666666,30,Sabrina comedy romance
19,921,3.0,965706068,My Favorite Year (1982),comedy,1982,My Favorite Year,3.388888888888889,9,My Favorite Year comedy
19,931,4.0,965710914,Spellbound (1945),mystery romance thriller,1945,Spellbound,3.8333333333333335,9,Spellbound mystery romance thriller
19,933,4.0,965705982,To Catch a Thief (1955),crime mystery romance thriller,1955,To Catch a Thief,4.217391304347826,23,To Catch a Thief crime mystery romance thriller
19,965,2.0,965710693,"39 Steps, The (1935)",drama mystery thriller,1935,"39 Steps, The",4.045454545454546,11,"39 Steps, The drama mystery thriller"
19,1016,3.0,965706728,"Shaggy Dog, The (1959)",children comedy,1959,"Shaggy Dog, The",2.9,5,"Shaggy Dog, The children comedy"
19,1021,2.0,965707419,Angels in the Outfield (1994),children comedy,1994,Angels in the Outfield,2.333333333333333,27,Angels in the Outfield children comedy
19,1047,3.0,965711308,"Long Kiss Goodnight, The (1996)",action drama thriller,1996,"Long Kiss Goodnight, The",3.3181818181818183,33,"Long Kiss Goodnight, The action drama thriller"
19,1081,2.0,965706389,Victor/Victoria (1982),comedy musical romance,1982,Victor/Victoria,3.5416666666666665,12,Victor/Victoria comedy musical romance
19,1129,3.0,965703727,Escape from New York (1981),action adventure sci-fi thriller,1981,Escape from New York,3.448717948717949,39,Escape from New York action adventure sci-fi thriller
19,1215,3.0,965706068,Army of Darkness (1993),action adventure comedy fantasy horror,1993,Army of Darkness,4.03921568627451,51,Army of Darkness action adventure comedy fantasy horror
19,1238,3.0,965705784,Local Hero (1983),comedy,1983,Local Hero,4.055555555555555,9,Local Hero comedy
19,1257,3.0,965705725,Better Off Dead... (1985),comedy romance,1985,Better Off Dead...,3.685185185185185,27,Better Off Dead... comedy romance
19,1269,4.0,965705942,Arsenic and Old Lace (1944),comedy mystery thriller,1944,Arsenic and Old Lace,3.8793103448275854,29,Arsenic and Old Lace comedy mystery thriller
19,1285,5.0,965706185,Heathers (1989),comedy,1989,Heathers,3.731707317073171,41,Heathers comedy
19,1297,4.0,965706140,Real Genius (1985),comedy,1985,Real Genius,3.675,20,Real Genius comedy
19,1333,3.0,965704881,"Birds, The (1963)",horror thriller,1963,"Birds, The",3.602272727272727,44,"Birds, The horror thriller"
19,1339,2.0,965705040,Dracula (Bram Stoker's Dracula) (1992),fantasy horror romance thriller,1992,Dracula (Bram Stoker's Dracula),3.4655172413793105,29,Dracula (Bram Stoker's Dracula) fantasy horror romance thriller
19,1342,2.0,965704952,Candyman (1992),horror thriller,1992,Candyman,2.5,11,Candyman horror thriller
19,1345,3.0,965704931,Carrie (1976),drama fantasy horror thriller,1976,Carrie,3.3472222222222223,36,Carrie drama fantasy horror thriller
19,1346,2.0,965705137,Cat People (1982),drama fantasy horror,1982,Cat People,2.8125,8,Cat People drama fantasy horror
19,1359,3.0,965707983,Jingle All the Way (1996),children comedy,1996,Jingle All the Way,2.861111111111111,18,Jingle All the Way children comedy
19,1367,1.0,965706615,101 Dalmatians (1996),adventure children comedy,1996,101 Dalmatians,3.074468085106383,47,101 Dalmatians adventure children comedy
19,1372,5.0,965703698,Star Trek VI: The Undiscovered Country (1991),action mystery sci-fi,1991,Star Trek VI: The Undiscovered Country,3.345238095238096,42,Star Trek VI: The Undiscovered Country action mystery sci-fi
19,1373,1.0,965703973,Star Trek V: The Final Frontier (1989),action sci-fi,1989,Star Trek V: The Final Frontier,2.6666666666666665,30,Star Trek V: The Final Frontier action sci-fi
19,1376,4.0,965703698,Star Trek IV: The Voyage Home (1986),adventure comedy sci-fi,1986,Star Trek IV: The Voyage Home,3.476744186046512,43,Star Trek IV: The Voyage Home adventure comedy sci-fi
19,1378,3.0,965707419,Young Guns (1988),action comedy western,1988,Young Guns,3.1,25,Young Guns action comedy western
19,1379,2.0,965707828,Young Guns II (1990),action western,1990,Young Guns II,3.0,11,Young Guns II action western
19,1380,3.0,965706839,Grease (1978),comedy musical romance,1978,Grease,3.139705882352941,68,Grease comedy musical romance
19,1394,3.0,965705619,Raising Arizona (1987),comedy,1987,Raising Arizona,3.9913793103448274,58,Raising Arizona comedy
19,1407,3.0,965704952,Scream (1996),comedy horror mystery thriller,1996,Scream,3.2,70,Scream comedy horror mystery thriller
19,1409,3.0,965707769,Michael (1996),comedy drama fantasy romance,1996,Michael,2.5,23,Michael comedy drama fantasy romance
19,1441,3.0,965706438,Benny & Joon (1993),comedy romance,1993,Benny & Joon,3.473684210526316,19,Benny & Joon comedy romance
19,1457,3.0,965706728,Fools Rush In (1997),comedy drama romance,1997,Fools Rush In,3.083333333333333,12,Fools Rush In comedy drama romance
19,1461,3.0,965707769,Vegas Vacation (National Lampoon's Las Vegas Vacation) (1997),comedy,1997,Vegas Vacation (National Lampoon's Las Vegas Vacation),2.3125,8,Vegas Vacation (National Lampoon's Las Vegas Vacation) comedy
19,1474,2.0,965707137,Jungle2Jungle (a.k.a. Jungle 2 Jungle) (1997),children comedy,1997,Jungle2Jungle (a.k.a. Jungle 2 Jungle),2.136363636363636,11,Jungle2Jungle (a.k.a. Jungle 2 Jungle) children comedy
19,1479,3.0,965711598,"Saint, The (1997)",action romance sci-fi thriller,1997,"Saint, The",3.216666666666667,30,"Saint, The action romance sci-fi thriller"
19,1485,3.0,965707044,Liar Liar (1997),comedy,1997,Liar Liar,3.033783783783784,74,Liar Liar comedy
19,1499,1.0,965711994,Anaconda (1997),action adventure thriller,1997,Anaconda,1.9259259259259256,27,Anaconda action adventure thriller
19,1542,2.0,965706232,Brassed Off (1996),comedy drama romance,1996,Brassed Off,3.7142857142857135,7,Brassed Off comedy drama romance
19,1556,1.0,965712048,Speed 2: Cruise Control (1997),action romance thriller,1997,Speed 2: Cruise Control,1.605263157894737,19,Speed 2: Cruise Control action romance thriller
19,1562,1.0,965710092,Batman & Robin (1997),action adventure fantasy thriller,1997,Batman & Robin,2.2142857142857144,42,Batman & Robin action adventure fantasy thriller
19,1566,4.0,965706297,Hercules (1997),adventure animation children comedy musical,1997,Hercules,3.4516129032258065,31,Hercules adventure animation children comedy musical
19,1569,3.0,965706683,My Best Friend's Wedding (1997),comedy romance,1997,My Best Friend's Wedding,3.5,40,My Best Friend's Wedding comedy romance
19,1588,2.0,965707079,George of the Jungle (1997),children comedy,1997,George of the Jungle,3.075,20,George of the Jungle children comedy
19,1591,2.0,965704079,Spawn (1997),action adventure sci-fi thriller,1997,Spawn,2.6346153846153846,26,Spawn action adventure sci-fi thriller
19,1593,2.0,965708002,Picture Perfect (1997),comedy romance,1997,Picture Perfect,2.833333333333333,6,Picture Perfect comedy romance
19,1603,2.0,965703885,Mimic (1997),horror sci-fi thriller,1997,Mimic,2.4615384615384617,13,Mimic horror sci-fi thriller
19,1614,2.0,965707576,In & Out (1997),comedy,1997,In & Out,2.7884615384615383,26,In & Out comedy
19,1645,2.0,965711014,The Devil's Advocate (1997),drama mystery thriller,1997,The Devil's Advocate,3.411764705882353,51,The Devil's Advocate drama mystery thriller
19,1658,5.0,965711769,"Life Less Ordinary, A (1997)",romance thriller,1997,"Life Less Ordinary, A",3.0625,8,"Life Less Ordinary, A romance thriller"
19,1663,3.0,965705845,Stripes (1981),comedy war,1981,Stripes,3.794117647058824,34,Stripes comedy war
19,1665,1.0,965707552,Bean (1997),comedy,1997,Bean,2.96875,16,Bean comedy
19,1681,3.0,965710220,Mortal Kombat: Annihilation (1997),action adventure fantasy,1997,Mortal Kombat: Annihilation,1.9285714285714288,7,Mortal Kombat: Annihilation action adventure fantasy
19,1688,3.0,965709144,Anastasia (1997),adventure animation children drama musical,1997,Anastasia,3.35,20,Anastasia adventure animation children drama musical
19,1689,2.0,965706967,"Man Who Knew Too Little, The (1997)",comedy crime thriller,1997,"Man Who Knew Too Little, The",2.2142857142857144,7,"Man Who Knew Too Little, The comedy crime thriller"
19,1690,1.0,965703885,Alien: Resurrection (1997),action horror sci-fi,1997,Alien: Resurrection,2.922222222222222,45,Alien: Resurrection action horror sci-fi
19,1702,3.0,965704331,Flubber (1997),children comedy fantasy,1997,Flubber,3.0,16,Flubber children comedy fantasy
19,1717,3.0,965705195,Scream 2 (1997),comedy horror mystery thriller,1997,Scream 2,2.919354838709677,31,Scream 2 comedy horror mystery thriller
19,1722,3.0,965711128,Tomorrow Never Dies (1997),action adventure thriller,1997,Tomorrow Never Dies,3.066666666666667,45,Tomorrow Never Dies action adventure thriller
19,1747,2.0,965706092,Wag the Dog (1997),comedy,1997,Wag the Dog,3.338709677419355,31,Wag the Dog comedy
19,1748,3.0,965703785,Dark City (1998),adventure film-noir sci-fi thriller,1998,Dark City,3.8229166666666665,48,Dark City adventure film-noir sci-fi thriller
19,1754,2.0,965711237,Fallen (1998),crime drama fantasy thriller,1998,Fallen,3.5,15,Fallen crime drama fantasy thriller
19,1779,2.0,965711481,Sphere (1998),sci-fi thriller,1998,Sphere,2.760869565217391,23,Sphere sci-fi thriller
19,1783,1.0,965711649,Palmetto (1998),crime drama mystery romance thriller,1998,Palmetto,2.8,5,Palmetto crime drama mystery romance thriller
19,1806,2.0,965706683,Paulie (1998),adventure children comedy,1998,Paulie,2.3125,8,Paulie adventure children comedy
19,1831,2.0,965704033,Lost in Space (1998),action adventure sci-fi,1998,Lost in Space,2.4482758620689653,29,Lost in Space action adventure sci-fi
19,1845,3.0,965706276,Zero Effect (1998),comedy mystery thriller,1998,Zero Effect,3.966666666666667,15,Zero Effect comedy mystery thriller
19,1848,2.0,965704331,"Borrowers, The (1997)",adventure children comedy fantasy,1997,"Borrowers, The",3.0416666666666665,12,"Borrowers, The adventure children comedy fantasy"
19,1855,2.0,965708132,Krippendorf's Tribe (1998),comedy,1998,Krippendorf's Tribe,2.571428571428572,7,Krippendorf's Tribe comedy
19,1862,1.0,965704079,Species II (1998),horror sci-fi,1998,Species II,1.9444444444444444,9,Species II horror sci-fi
19,1894,2.0,965707487,Six Days Seven Nights (1998),adventure comedy romance,1998,Six Days Seven Nights,2.84375,16,Six Days Seven Nights adventure comedy romance
19,1911,2.0,965707419,Dr. Dolittle (1998),comedy,1998,Dr. Dolittle,2.609375,32,Dr. Dolittle comedy
19,1919,2.0,965705572,Madeline (1998),children comedy,1998,Madeline,2.5,5,Madeline children comedy
19,1921,3.0,965710871,Pi (1998),drama sci-fi thriller,1998,Pi,3.851063829787234,47,Pi drama sci-fi thriller
19,1963,3.0,965705725,Take the Money and Run (1969),comedy crime,1969,Take the Money and Run,3.363636363636364,11,Take the Money and Run comedy crime
19,1970,3.0,965705240,"Nightmare on Elm Street 3: Dream Warriors, A (1987)",horror thriller,1987,"Nightmare on Elm Street 3: Dream Warriors, A",2.9166666666666665,12,"Nightmare on Elm Street 3: Dream Warriors, A horror thriller"
19,1971,3.0,965705347,"Nightmare on Elm Street 4: The Dream Master, A (1988)",horror thriller,1988,"Nightmare on Elm Street 4: The Dream Master, A",2.4285714285714284,7,"Nightmare on Elm Street 4: The Dream Master, A horror thriller"
19,1972,1.0,965705301,"Nightmare on Elm Street 5: The Dream Child, A (1989)",horror,1989,"Nightmare on Elm Street 5: The Dream Child, A",2.142857142857143,7,"Nightmare on Elm Street 5: The Dream Child, A horror"
19,1973,2.0,965705322,"Freddy's Dead: The Final Nightmare (Nightmare on Elm Street Part 6: Freddy's Dead, A) (1991)",horror,1991,"Freddy's Dead: The Final Nightmare (Nightmare on Elm Street Part 6: Freddy's Dead, A)",2.2,5,"Freddy's Dead: The Final Nightmare (Nightmare on Elm Street Part 6: Freddy's Dead, A) horror"
19,1991,2.0,965705195,Child's Play (1988),horror thriller,1988,Child's Play,2.708333333333333,12,Child's Play horror thriller
19,1994,3.0,965710781,Poltergeist (1982),horror thriller,1982,Poltergeist,3.425531914893617,47,Poltergeist horror thriller
19,2003,3.0,965706389,Gremlins (1984),comedy horror,1984,Gremlins,3.3780487804878048,41,Gremlins comedy horror
19,2004,3.0,965705117,Gremlins 2: The New Batch (1990),comedy horror,1990,Gremlins 2: The New Batch,3.333333333333333,15,Gremlins 2: The New Batch comedy horror
19,2014,2.0,965707669,Freaky Friday (1977),children comedy fantasy,1977,Freaky Friday,2.625,8,Freaky Friday children comedy fantasy
19,2015,3.0,965706839,"Absent-Minded Professor, The (1961)",children comedy fantasy,1961,"Absent-Minded Professor, The",3.388888888888889,9,"Absent-Minded Professor, The children comedy fantasy"
19,2034,2.0,965703973,"Black Hole, The (1979)",children sci-fi,1979,"Black Hole, The",2.611111111111111,9,"Black Hole, The children sci-fi"
19,2036,2.0,965708339,Blank Check (1994),children comedy,1994,Blank Check,2.25,6,Blank Check children comedy
19,2040,2.0,965706728,"Computer Wore Tennis Shoes, The (1969)",children comedy,1969,"Computer Wore Tennis Shoes, The",2.857142857142857,7,"Computer Wore Tennis Shoes, The children comedy"
19,2052,2.0,965707576,Hocus Pocus (1993),children comedy fantasy horror,1993,Hocus Pocus,2.760869565217391,23,Hocus Pocus children comedy fantasy horror
19,2053,2.0,965704056,"Honey, I Blew Up the Kid (1992)",children comedy sci-fi,1992,"Honey, I Blew Up the Kid",2.05,20,"Honey, I Blew Up the Kid children comedy sci-fi"
19,2060,3.0,965707769,BASEketball (1998),comedy,1998,BASEketball,3.071428571428572,14,BASEketball comedy
19,2065,2.0,965706045,"Purple Rose of Cairo, The (1985)",comedy drama fantasy romance,1985,"Purple Rose of Cairo, The",3.730769230769231,13,"Purple Rose of Cairo, The comedy drama fantasy romance"
19,2082,3.0,965707487,"Mighty Ducks, The (1992)",children comedy,1992,"Mighty Ducks, The",2.6538461538461537,26,"Mighty Ducks, The children comedy"
19,2088,3.0,965707828,Popeye (1980),adventure comedy musical,1980,Popeye,2.5,18,Popeye adventure comedy musical
19,2092,2.0,965709172,"Return of Jafar, The (1994)",adventure animation children fantasy musical romance,1994,"Return of Jafar, The",2.4166666666666665,6,"Return of Jafar, The adventure animation children fantasy musical romance"
19,2097,3.0,965704904,Something Wicked This Way Comes (1983),children drama fantasy mystery thriller,1983,Something Wicked This Way Comes,2.9,10,Something Wicked This Way Comes children drama fantasy mystery thriller
19,2108,3.0,965706140,L.A. Story (1991),comedy romance,1991,L.A. Story,3.4791666666666665,24,L.A. Story comedy romance
19,2110,3.0,965706250,Dead Men Don't Wear Plaid (1982),comedy crime thriller,1982,Dead Men Don't Wear Plaid,3.305555555555556,18,Dead Men Don't Wear Plaid comedy crime thriller
19,2111,3.0,965706140,"Man with Two Brains, The (1983)",comedy,1983,"Man with Two Brains, The",3.25,10,"Man with Two Brains, The comedy"
19,2118,2.0,965711106,"Dead Zone, The (1983)",thriller,1983,"Dead Zone, The",3.733333333333333,15,"Dead Zone, The thriller"
19,2123,3.0,965709172,All Dogs Go to Heaven (1989),animation children comedy drama fantasy,1989,All Dogs Go to Heaven,2.7,15,All Dogs Go to Heaven animation children comedy drama fantasy
19,2133,3.0,965706484,Adventures in Babysitting (1987),adventure comedy,1987,Adventures in Babysitting,3.325,20,Adventures in Babysitting adventure comedy
19,2134,2.0,965706525,Weird Science (1985),comedy fantasy sci-fi,1985,Weird Science,3.113636363636364,22,Weird Science comedy fantasy sci-fi
19,2140,4.0,965703674,"Dark Crystal, The (1982)",adventure fantasy,1982,"Dark Crystal, The",3.544117647058824,34,"Dark Crystal, The adventure fantasy"
19,2144,3.0,965706297,Sixteen Candles (1984),comedy romance,1984,Sixteen Candles,3.6020408163265305,49,Sixteen Candles comedy romance
19,2148,2.0,965705195,House (1986),comedy fantasy horror,1986,House,3.055555555555556,9,House comedy fantasy horror
19,2153,3.0,965710092,"Avengers, The (1998)",action adventure,1998,"Avengers, The",2.3181818181818183,11,"Avengers, The action adventure"
19,2167,3.0,965704952,Blade (1998),action horror thriller,1998,Blade,3.362068965517241,58,Blade action horror thriller
19,2169,2.0,965707889,Dead Man on Campus (1998),comedy,1998,Dead Man on Campus,2.2857142857142856,7,Dead Man on Campus comedy
19,2171,2.0,965706728,Next Stop Wonderland (1998),comedy drama romance,1998,Next Stop Wonderland,3.3125,8,Next Stop Wonderland comedy drama romance
19,2206,3.0,965711039,Suspicion (1941),film-noir mystery thriller,1941,Suspicion,4.0,5,Suspicion film-noir mystery thriller
19,2232,3.0,965703756,Cube (1997),horror mystery sci-fi thriller,1997,Cube,3.425925925925926,27,Cube horror mystery sci-fi thriller
19,2243,2.0,965706114,Broadcast News (1987),comedy drama romance,1987,Broadcast News,3.4285714285714284,28,Broadcast News comedy drama romance
19,2245,3.0,965706592,Working Girl (1988),comedy drama romance,1988,Working Girl,3.2045454545454546,22,Working Girl comedy drama romance
19,2248,3.0,965705822,Say Anything... (1989),comedy drama romance,1989,Say Anything...,3.923076923076923,39,Say Anything... comedy drama romance
19,2249,3.0,965707637,My Blue Heaven (1990),comedy,1990,My Blue Heaven,3.1818181818181817,11,My Blue Heaven comedy
19,2261,2.0,965706636,One Crazy Summer (1986),comedy,1986,One Crazy Summer,3.0,6,One Crazy Summer comedy
19,2263,2.0,965711529,"Seventh Sign, The (1988)",drama fantasy thriller,1988,"Seventh Sign, The",2.8,5,"Seventh Sign, The drama fantasy thriller"
19,2266,3.0,965707828,"Butcher's Wife, The (1991)",comedy romance,1991,"Butcher's Wife, The",3.1,5,"Butcher's Wife, The comedy romance"
19,2279,2.0,965705219,Urban Legend (1998),horror thriller,1998,Urban Legend,2.4,10,Urban Legend horror thriller
19,2287,3.0,965710914,Them! (1954),horror sci-fi thriller,1954,Them!,3.8,5,Them! horror sci-fi thriller
19,2294,3.0,965709068,Antz (1998),adventure animation children comedy fantasy,1998,Antz,3.2444444444444445,45,Antz adventure animation children comedy fantasy
19,2302,3.0,965706415,My Cousin Vinny (1992),comedy,1992,My Cousin Vinny,3.26271186440678,59,My Cousin Vinny comedy
19,2315,2.0,965705263,Bride of Chucky (Child's Play 4) (1998),comedy horror thriller,1998,Bride of Chucky (Child's Play 4),2.1666666666666665,6,Bride of Chucky (Child's Play 4) comedy horror thriller
19,2320,3.0,965711342,Apt Pupil (1998),drama thriller,1998,Apt Pupil,3.0,9,Apt Pupil drama thriller
19,2321,3.0,965706019,Pleasantville (1998),comedy drama fantasy,1998,Pleasantville,3.4836065573770494,61,Pleasantville comedy drama fantasy
19,2328,2.0,965705347,Vampires (1998),horror western,1998,Vampires,2.4285714285714284,7,Vampires horror western
19,2335,3.0,965707576,"Waterboy, The (1998)",comedy,1998,"Waterboy, The",3.1785714285714284,28,"Waterboy, The comedy"
19,2354,2.0,965707419,"Rugrats Movie, The (1998)",animation children comedy,1998,"Rugrats Movie, The",2.5,7,"Rugrats Movie, The animation children comedy"
19,2355,3.0,965705896,"Bug's Life, A (1998)",adventure animation children comedy,1998,"Bug's Life, A",3.516304347826087,92,"Bug's Life, A adventure animation children comedy"
19,2369,2.0,965707016,Desperately Seeking Susan (1985),comedy drama romance,1985,Desperately Seeking Susan,2.6666666666666665,24,Desperately Seeking Susan comedy drama romance
19,2371,4.0,965706592,Fletch (1985),comedy crime mystery,1985,Fletch,3.083333333333333,24,Fletch comedy crime mystery
19,2372,1.0,965707044,Fletch Lives (1989),comedy,1989,Fletch Lives,2.2222222222222223,9,Fletch Lives comedy
19,2374,2.0,965707518,Gung Ho (1986),comedy drama,1986,Gung Ho,3.1666666666666665,9,Gung Ho comedy drama
19,2375,2.0,965707576,"Money Pit, The (1986)",comedy,1986,"Money Pit, The",2.9285714285714284,21,"Money Pit, The comedy"
19,2393,3.0,965703940,Star Trek: Insurrection (1998),action drama romance sci-fi,1998,Star Trek: Insurrection,3.1515151515151514,33,Star Trek: Insurrection action drama romance sci-fi
19,2394,3.0,965709144,"Prince of Egypt, The (1998)",animation musical,1998,"Prince of Egypt, The",3.5,25,"Prince of Egypt, The animation musical"
19,2396,4.0,965705784,Shakespeare in Love (1998),comedy drama romance,1998,Shakespeare in Love,3.777173913043478,92,Shakespeare in Love comedy drama romance
19,2407,2.0,965706592,Cocoon (1985),comedy sci-fi,1985,Cocoon,3.2674418604651163,43,Cocoon comedy sci-fi
19,2413,3.0,965706548,Clue (1985),comedy crime mystery thriller,1985,Clue,3.388888888888889,18,Clue comedy crime mystery thriller
19,2416,3.0,965706438,Back to School (1986),comedy,1986,Back to School,2.90625,16,Back to School comedy
19,2418,2.0,965707101,Nothing in Common (1986),comedy,1986,Nothing in Common,2.75,6,Nothing in Common comedy
19,2423,4.0,965706337,Christmas Vacation (National Lampoon's Christmas Vacation) (1989),comedy,1989,Christmas Vacation (National Lampoon's Christmas Vacation),3.566666666666667,30,Christmas Vacation (National Lampoon's Christmas Vacation) comedy
19,2428,3.0,965703915,"Faculty, The (1998)",horror sci-fi,1998,"Faculty, The",2.4782608695652173,23,"Faculty, The horror sci-fi"
19,2455,2.0,965703698,"Fly, The (1986)",drama horror sci-fi thriller,1986,"Fly, The",3.383720930232558,43,"Fly, The drama horror sci-fi thriller"
19,2458,2.0,965708098,Armed and Dangerous (1986),comedy crime,1986,Armed and Dangerous,2.75,8,Armed and Dangerous comedy crime
19,2463,2.0,965706209,Ruthless People (1986),comedy,1986,Ruthless People,3.321428571428572,14,Ruthless People comedy
19,2468,2.0,965707724,Jumpin' Jack Flash (1986),action comedy romance thriller,1986,Jumpin' Jack Flash,2.5,15,Jumpin' Jack Flash action comedy romance thriller
19,2491,4.0,965708132,Simply Irresistible (1999),comedy romance,1999,Simply Irresistible,3.6,5,Simply Irresistible comedy romance
19,2496,3.0,965706683,Blast from the Past (1999),comedy romance,1999,Blast from the Past,3.108695652173913,23,Blast from the Past comedy romance
19,2513,1.0,965705195,Pet Sematary (1989),horror,1989,Pet Sematary,2.85,10,Pet Sematary horror
19,2518,2.0,965706728,Night Shift (1982),comedy,1982,Night Shift,3.05,10,Night Shift comedy
19,2539,2.0,965706592,Analyze This (1999),comedy,1999,Analyze This,3.095744680851064,47,Analyze This comedy
19,2548,2.0,965705383,"Rage: Carrie 2, The (1999)",horror,1999,"Rage: Carrie 2, The",1.8333333333333333,6,"Rage: Carrie 2, The horror"
19,2550,3.0,965704904,"Haunting, The (1963)",horror thriller,1963,"Haunting, The",4.0,7,"Haunting, The horror thriller"
19,2558,2.0,965706415,Forces of Nature (1999),comedy romance,1999,Forces of Nature,2.333333333333333,9,Forces of Nature comedy romance
19,2605,2.0,965711649,Entrapment (1999),crime thriller,1999,Entrapment,2.988372093023256,43,Entrapment crime thriller
19,2606,4.0,965705117,Idle Hands (1999),comedy horror,1999,Idle Hands,2.566666666666667,15,Idle Hands comedy horror
19,2622,3.0,965704281,William Shakespeare's A Midsummer Night's Dream (1999),comedy fantasy,1999,William Shakespeare's A Midsummer Night's Dream,3.136363636363636,11,William Shakespeare's A Midsummer Night's Dream comedy fantasy
19,2642,1.0,965704033,Superman III (1983),action adventure sci-fi,1983,Superman III,2.25,22,Superman III action adventure sci-fi
19,2643,1.0,965704127,Superman IV: The Quest for Peace (1987),action adventure sci-fi,1987,Superman IV: The Quest for Peace,1.6875,16,Superman IV: The Quest for Peace action adventure sci-fi
19,2668,2.0,965703853,Swamp Thing (1982),horror sci-fi,1982,Swamp Thing,2.9375,8,Swamp Thing horror sci-fi
19,2672,3.0,965704033,"Thirteenth Floor, The (1999)",drama sci-fi thriller,1999,"Thirteenth Floor, The",2.958333333333333,12,"Thirteenth Floor, The drama sci-fi thriller"
19,2687,2.0,965709025,Tarzan (1999),adventure animation children drama,1999,Tarzan,3.458333333333333,24,Tarzan adventure animation children drama
19,2699,3.0,965703915,Arachnophobia (1990),comedy horror,1990,Arachnophobia,2.811320754716981,53,Arachnophobia comedy horror
19,2709,2.0,965707101,Muppets From Space (1999),children comedy,1999,Muppets From Space,3.1666666666666665,9,Muppets From Space children comedy
19,2710,2.0,965704999,"Blair Witch Project, The (1999)",drama horror thriller,1999,"Blair Witch Project, The",2.796875,64,"Blair Witch Project, The drama horror thriller"
19,2719,2.0,965705383,"Haunting, The (1999)",horror thriller,1999,"Haunting, The",2.1153846153846154,13,"Haunting, The horror thriller"
19,2720,1.0,965708653,Inspector Gadget (1999),action adventure children comedy,1999,Inspector Gadget,2.095238095238096,21,Inspector Gadget action adventure children comedy
19,2722,2.0,965711529,Deep Blue Sea (1999),action horror sci-fi thriller,1999,Deep Blue Sea,2.7758620689655173,29,Deep Blue Sea action horror sci-fi thriller
19,2746,3.0,965704974,Little Shop of Horrors (1986),comedy horror musical,1986,Little Shop of Horrors,3.333333333333333,39,Little Shop of Horrors comedy horror musical
19,2788,2.0,965705822,Monty Python's And Now for Something Completely Different (1971),comedy,1971,Monty Python's And Now for Something Completely Different,4.053571428571429,28,Monty Python's And Now for Something Completely Different comedy
19,2793,2.0,965705301,"American Werewolf in Paris, An (1997)",comedy horror romance thriller,1997,"American Werewolf in Paris, An",2.3,10,"American Werewolf in Paris, An comedy horror romance thriller"
19,2802,3.0,965711413,Tequila Sunrise (1988),action drama romance thriller,1988,Tequila Sunrise,3.0384615384615383,13,Tequila Sunrise action drama romance thriller
19,2804,3.0,965705572,"Christmas Story, A (1983)",children comedy,1983,"Christmas Story, A",3.9727272727272727,55,"Christmas Story, A children comedy"
19,2806,2.0,965706795,Teaching Mrs. Tingle (1999),comedy thriller,1999,Teaching Mrs. Tingle,2.333333333333333,9,Teaching Mrs. Tingle comedy thriller
19,2808,2.0,965701107,Universal Soldier (1992),action sci-fi,1992,Universal Soldier,2.2058823529411766,17,Universal Soldier action sci-fi
19,2822,2.0,965710019,Medicine Man (1992),adventure romance,1992,Medicine Man,3.136363636363636,11,Medicine Man adventure romance
19,2840,2.0,965711793,Stigmata (1999),drama thriller,1999,Stigmata,2.869565217391304,23,Stigmata drama thriller
19,2857,3.0,965709047,Yellow Submarine (1968),adventure animation comedy fantasy musical,1968,Yellow Submarine,3.2857142857142856,14,Yellow Submarine adventure animation comedy fantasy musical
19,2860,2.0,965706684,Blue Streak (1999),comedy,1999,Blue Streak,2.611111111111111,9,Blue Streak comedy
19,2867,3.0,965706185,Fright Night (1985),comedy horror thriller,1985,Fright Night,3.583333333333333,12,Fright Night comedy horror thriller
19,2870,3.0,965706365,Barefoot in the Park (1967),comedy,1967,Barefoot in the Park,3.3125,8,Barefoot in the Park comedy
19,2883,3.0,965706068,Mumford (1999),comedy drama,1999,Mumford,3.2,5,Mumford comedy drama
19,2888,3.0,965707828,Drive Me Crazy (1999),comedy romance,1999,Drive Me Crazy,2.1,5,Drive Me Crazy comedy romance
19,2915,2.0,965706337,Risky Business (1983),comedy,1983,Risky Business,3.4404761904761907,42,Risky Business comedy
19,2936,4.0,965705867,Sullivan's Travels (1941),adventure comedy romance,1941,Sullivan's Travels,4.0,7,Sullivan's Travels adventure comedy romance
19,2968,5.0,965703674,Time Bandits (1981),adventure comedy fantasy sci-fi,1981,Time Bandits,3.731707317073171,41,Time Bandits adventure comedy fantasy sci-fi
19,2995,2.0,965705322,House on Haunted Hill (1999),horror thriller,1999,House on Haunted Hill,2.4285714285714284,14,House on Haunted Hill horror thriller
19,3005,2.0,965711873,"Bone Collector, The (1999)",thriller,1999,"Bone Collector, The",2.84,25,"Bone Collector, The thriller"
19,3016,3.0,965705117,Creepshow (1982),horror,1982,Creepshow,3.071428571428572,14,Creepshow horror
19,3032,3.0,965703727,"Omega Man, The (1971)",action drama sci-fi thriller,1971,"Omega Man, The",3.6666666666666665,6,"Omega Man, The action drama sci-fi thriller"
19,3035,4.0,965705619,Mister Roberts (1955),comedy drama war,1955,Mister Roberts,3.8181818181818175,11,Mister Roberts comedy drama war
19,3040,3.0,965706438,Meatballs (1979),comedy,1979,Meatballs,3.2222222222222223,9,Meatballs comedy
19,3063,2.0,965711769,Poison Ivy (1992),drama thriller,1992,Poison Ivy,2.1666666666666665,6,Poison Ivy drama thriller
19,3070,5.0,965703674,"Adventures of Buckaroo Banzai Across the 8th Dimension, The (1984)",adventure comedy sci-fi,1984,"Adventures of Buckaroo Banzai Across the 8th Dimension, The",3.5476190476190474,21,"Adventures of Buckaroo Banzai Across the 8th Dimension, The adventure comedy sci-fi"
19,3072,2.0,965706045,Moonstruck (1987),comedy romance,1987,Moonstruck,3.555555555555556,27,Moonstruck comedy romance
19,3082,2.0,965703061,"World Is Not Enough, The (1999)",action adventure thriller,1999,"World Is Not Enough, The",3.333333333333333,39,"World Is Not Enough, The action adventure thriller"
19,3087,3.0,965706297,Scrooged (1988),comedy fantasy romance,1988,Scrooged,3.1666666666666665,24,Scrooged comedy fantasy romance
19,3101,1.0,965711014,Fatal Attraction (1987),drama thriller,1987,Fatal Attraction,3.0972222222222223,36,Fatal Attraction drama thriller
19,3104,2.0,965705784,Midnight Run (1988),action comedy crime thriller,1988,Midnight Run,3.636363636363636,22,Midnight Run action comedy crime thriller
19,3113,2.0,965712018,End of Days (1999),action fantasy horror mystery thriller,1999,End of Days,2.7,15,End of Days action fantasy horror mystery thriller
19,3146,1.0,965703084,Deuce Bigalow: Male Gigolo (1999),comedy,1999,Deuce Bigalow: Male Gigolo,2.323529411764706,17,Deuce Bigalow: Male Gigolo comedy
19,3203,2.0,965710957,Dead Calm (1989),thriller,1989,Dead Calm,3.1666666666666665,12,Dead Calm thriller
19,3213,4.0,965708982,Batman: Mask of the Phantasm (1993),animation children,1993,Batman: Mask of the Phantasm,4.115384615384615,13,Batman: Mask of the Phantasm animation children
19,3219,2.0,965711529,Pacific Heights (1990),mystery thriller,1990,Pacific Heights,3.1923076923076925,13,Pacific Heights mystery thriller
19,3238,1.0,965703061,Eye of the Beholder (1999),thriller,1999,Eye of the Beholder,1.5833333333333333,6,Eye of the Beholder thriller
19,3248,2.0,965708339,Sister Act 2: Back in the Habit (1993),comedy,1993,Sister Act 2: Back in the Habit,1.8928571428571428,14,Sister Act 2: Back in the Habit comedy
19,3254,2.0,965706967,Wayne's World 2 (1993),comedy,1993,Wayne's World 2,3.2962962962962963,27,Wayne's World 2 comedy
19,3258,2.0,965706703,Death Becomes Her (1992),comedy fantasy,1992,Death Becomes Her,2.8666666666666667,15,Death Becomes Her comedy fantasy
19,3264,3.0,965705040,Buffy the Vampire Slayer (1992),action comedy horror,1992,Buffy the Vampire Slayer,2.423076923076923,26,Buffy the Vampire Slayer action comedy horror
19,3269,2.0,965703940,Forever Young (1992),drama romance sci-fi,1992,Forever Young,2.851851851851852,27,Forever Young drama romance sci-fi
19,3301,2.0,965703061,"Whole Nine Yards, The (2000)",comedy crime,2000,"Whole Nine Yards, The",3.523809523809524,42,"Whole Nine Yards, The comedy crime"
19,3308,2.0,965706484,"Flamingo Kid, The (1984)",comedy drama,1984,"Flamingo Kid, The",2.857142857142857,7,"Flamingo Kid, The comedy drama"
19,3316,2.0,965703425,Reindeer Games (2000),action thriller,2000,Reindeer Games,2.4615384615384617,13,Reindeer Games action thriller
19,3355,2.0,965703061,"Ninth Gate, The (1999)",fantasy horror mystery thriller,1999,"Ninth Gate, The",3.2,15,"Ninth Gate, The fantasy horror mystery thriller"
19,3361,2.0,965705725,Bull Durham (1988),comedy drama romance,1988,Bull Durham,3.6714285714285713,35,Bull Durham comedy drama romance
19,3387,2.0,965707828,Who's Harry Crumb? (1989),comedy mystery,1989,Who's Harry Crumb?,2.857142857142857,7,Who's Harry Crumb? comedy mystery
19,3394,3.0,965707983,Blind Date (1987),comedy romance,1987,Blind Date,2.357142857142857,7,Blind Date comedy romance
19,3396,5.0,965705896,"Muppet Movie, The (1979)",adventure children comedy musical,1979,"Muppet Movie, The",3.590909090909091,33,"Muppet Movie, The adventure children comedy musical"
19,3397,2.0,965706019,"Great Muppet Caper, The (1981)",children comedy,1981,"Great Muppet Caper, The",3.4545454545454546,11,"Great Muppet Caper, The children comedy"
19,3398,2.0,965706276,"Muppets Take Manhattan, The (1984)",children comedy musical,1984,"Muppets Take Manhattan, The",3.333333333333333,15,"Muppets Take Manhattan, The children comedy musical"
19,3401,2.0,965703973,Baby... Secret of the Lost Legend (1985),adventure sci-fi,1985,Baby... Secret of the Lost Legend,2.2,5,Baby... Secret of the Lost Legend adventure sci-fi
19,3418,3.0,965701125,Thelma & Louise (1991),adventure crime drama,1991,Thelma & Louise,3.463414634146341,41,Thelma & Louise adventure crime drama
19,3421,4.0,965705661,Animal House (1978),comedy,1978,Animal House,3.693548387096774,62,Animal House comedy
19,3424,2.0,965705784,Do the Right Thing (1989),drama,1989,Do the Right Thing,4.037037037037037,27,Do the Right Thing drama
19,3466,2.0,965704331,Heart and Souls (1993),comedy fantasy,1993,Heart and Souls,3.0,8,Heart and Souls comedy fantasy
19,3471,4.0,965703583,Close Encounters of the Third Kind (1977),adventure drama sci-fi,1977,Close Encounters of the Third Kind,3.7416666666666663,60,Close Encounters of the Third Kind adventure drama sci-fi
19,3476,3.0,965704931,Jacob's Ladder (1990),horror mystery,1990,Jacob's Ladder,3.5576923076923075,26,Jacob's Ladder horror mystery
19,3477,5.0,965706839,Empire Records (1995),comedy drama,1995,Empire Records,3.3846153846153846,13,Empire Records comedy drama
19,3483,2.0,965704652,"Road to El Dorado, The (2000)",animation children,2000,"Road to El Dorado, The",3.1153846153846154,13,"Road to El Dorado, The animation children"
19,3484,2.0,965703269,"Skulls, The (2000)",thriller,2000,"Skulls, The",2.75,10,"Skulls, The thriller"
19,3501,2.0,965706548,Murphy's Romance (1985),comedy romance,1985,Murphy's Romance,2.3,5,Murphy's Romance comedy romance
19,3505,3.0,965711106,No Way Out (1987),drama mystery thriller,1987,No Way Out,3.7222222222222223,9,No Way Out drama mystery thriller
19,3515,3.0,965703299,Me Myself I (2000),comedy romance,2000,Me Myself I,3.611111111111111,9,Me Myself I comedy romance
19,3526,2.0,965706019,Parenthood (1989),comedy drama,1989,Parenthood,3.7,15,Parenthood comedy drama
19,3534,2.0,965703269,28 Days (2000),drama,2000,28 Days,3.3,25,28 Days drama
19,3536,2.0,965704618,Keeping the Faith (2000),comedy drama romance,2000,Keeping the Faith,3.452380952380953,21,Keeping the Faith comedy drama romance
19,3548,2.0,965706389,Auntie Mame (1958),comedy drama,1958,Auntie Mame,3.7,5,Auntie Mame comedy drama
19,3550,3.0,965704999,The Hunger (1983),horror,1983,The Hunger,3.6666666666666665,6,The Hunger horror
19,3551,3.0,965710781,Marathon Man (1976),crime drama thriller,1976,Marathon Man,3.4615384615384617,13,Marathon Man crime drama thriller
19,3594,2.0,965702805,Center Stage (2000),drama musical,2000,Center Stage,3.25,6,Center Stage drama musical
19,3608,3.0,965705943,Pee-wee's Big Adventure (1985),adventure comedy,1985,Pee-wee's Big Adventure,2.94,25,Pee-wee's Big Adventure adventure comedy
19,3685,3.0,965702660,Prizzi's Honor (1985),comedy drama romance,1985,Prizzi's Honor,3.7777777777777777,9,Prizzi's Honor comedy drama romance
19,3686,3.0,965711156,Flatliners (1990),horror sci-fi thriller,1990,Flatliners,2.933333333333333,15,Flatliners horror sci-fi thriller
19,3693,2.0,965706728,"Toxic Avenger, The (1985)",comedy horror,1985,"Toxic Avenger, The",2.125,8,"Toxic Avenger, The comedy horror"
19,3698,2.0,965703756,"Running Man, The (1987)",action sci-fi,1987,"Running Man, The",3.2205882352941178,34,"Running Man, The action sci-fi"
19,3699,2.0,965703811,Starman (1984),adventure drama romance sci-fi,1984,Starman,3.1538461538461537,13,Starman adventure drama romance sci-fi
19,3701,2.0,965703756,Alien Nation (1988),crime drama sci-fi thriller,1988,Alien Nation,3.1153846153846154,13,Alien Nation crime drama sci-fi thriller
19,3704,2.0,965703756,Mad Max Beyond Thunderdome (1985),action adventure sci-fi,1985,Mad Max Beyond Thunderdome,3.270833333333333,24,Mad Max Beyond Thunderdome action adventure sci-fi
19,3705,2.0,965710092,Bird on a Wire (1990),action comedy romance,1990,Bird on a Wire,2.3125,8,Bird on a Wire action comedy romance
19,3706,3.0,965711128,Angel Heart (1987),film-noir horror mystery thriller,1987,Angel Heart,3.0,8,Angel Heart film-noir horror mystery thriller
19,3708,2.0,965711769,Firestarter (1984),horror thriller,1984,Firestarter,3.05,10,Firestarter horror thriller
19,3745,4.0,965702776,Titan A.E. (2000),action adventure animation children sci-fi,2000,Titan A.E.,3.413793103448276,29,Titan A.E. action adventure animation children sci-fi
19,3752,3.0,965702843,"Me, Myself & Irene (2000)",adventure comedy,2000,"Me, Myself & Irene",3.0869565217391304,46,"Me, Myself & Irene adventure comedy"
19,3754,4.0,965702777,"Adventures of Rocky and Bullwinkle, The (2000)",adventure animation children comedy fantasy,2000,"Adventures of Rocky and Bullwinkle, The",2.2222222222222223,9,"Adventures of Rocky and Bullwinkle, The adventure animation children comedy fantasy"
19,3763,3.0,965711184,F/X (1986),action crime thriller,1986,F/X,3.21875,16,F/X action crime thriller
19,3770,2.0,965703915,Dreamscape (1984),horror sci-fi thriller,1984,Dreamscape,2.6666666666666665,6,Dreamscape horror sci-fi thriller
19,3784,2.0,965702923,"Kid, The (2000)",comedy fantasy,2000,"Kid, The",2.590909090909091,11,"Kid, The comedy fantasy"
19,3825,3.0,965702777,Coyote Ugly (2000),comedy drama romance,2000,Coyote Ugly,2.7413793103448274,29,Coyote Ugly comedy drama romance
19,3826,1.0,965702843,Hollow Man (2000),horror sci-fi thriller,2000,Hollow Man,2.2948717948717947,39,Hollow Man horror sci-fi thriller
19,3835,2.0,965711413,"Crush, The (1993)",thriller,1993,"Crush, The",2.1666666666666665,6,"Crush, The thriller"
20,1010,3.0,1054038376,"Love Bug, The (1969)",children comedy,1969,"Love Bug, The",3.055555555555556,9,"Love Bug, The children comedy"
20,1012,4.0,1054038180,Old Yeller (1957),children drama,1957,Old Yeller,3.4444444444444446,9,Old Yeller children drama
20,1013,4.0,1054038219,"Parent Trap, The (1961)",children comedy romance,1961,"Parent Trap, The",3.208333333333333,12,"Parent Trap, The children comedy romance"
20,1015,3.5,1054038254,Homeward Bound: The Incredible Journey (1993),adventure children drama,1993,Homeward Bound: The Incredible Journey,2.95,20,Homeward Bound: The Incredible Journey adventure children drama
20,1018,3.5,1054038336,That Darn Cat! (1965),children comedy mystery,1965,That Darn Cat!,2.4166666666666665,6,That Darn Cat! children comedy mystery
20,1022,4.5,1054038135,Cinderella (1950),animation children fantasy musical romance,1950,Cinderella,3.488095238095238,42,Cinderella animation children fantasy musical romance
20,1035,4.5,1054147359,"Sound of Music, The (1965)",musical romance,1965,"Sound of Music, The",3.9375,64,"Sound of Music, The musical romance"
20,2006,2.0,1054036200,"Mask of Zorro, The (1998)",action comedy romance,1998,"Mask of Zorro, The",3.1,60,"Mask of Zorro, The action comedy romance"
20,2059,3.5,1054038343,"Parent Trap, The (1998)",children comedy romance,1998,"Parent Trap, The",3.0,15,"Parent Trap, The children comedy romance"
20,2083,5.0,1054038103,"Muppet Christmas Carol, The (1992)",children comedy musical,1992,"Muppet Christmas Carol, The",3.736842105263158,19,"Muppet Christmas Carol, The children comedy musical"
20,2087,4.5,1054038136,Peter Pan (1953),animation children fantasy musical,1953,Peter Pan,3.573170731707317,41,Peter Pan animation children fantasy musical
20,2089,4.5,1054038249,"Rescuers Down Under, The (1990)",adventure animation children,1990,"Rescuers Down Under, The",3.5,10,"Rescuers Down Under, The adventure animation children"
20,2135,5.0,1054147519,Doctor Dolittle (1967),adventure children musical,1967,Doctor Dolittle,3.772727272727273,11,Doctor Dolittle adventure children musical
20,2430,2.0,1054038297,Mighty Joe Young (1949),adventure children drama,1949,Mighty Joe Young,2.833333333333333,6,Mighty Joe Young adventure children drama
20,2565,3.5,1054147376,"King and I, The (1956)",drama musical romance,1956,"King and I, The",4.166666666666667,12,"King and I, The drama musical romance"
20,2941,4.0,1054147411,South Pacific (1958),musical romance war,1958,South Pacific,3.7777777777777777,9,South Pacific musical romance war
20,3157,3.0,1054038435,Stuart Little (1999),children comedy fantasy,1999,Stuart Little,2.8421052631578947,19,Stuart Little children comedy fantasy
20,3159,5.0,1054038115,Fantasia 2000 (1999),animation children musical imax,1999,Fantasia 2000,3.8333333333333335,15,Fantasia 2000 animation children musical imax
20,3189,3.5,1054037310,My Dog Skip (1999),children drama,1999,My Dog Skip,3.5454545454545454,11,My Dog Skip children drama
20,3438,4.0,1054038460,Teenage Mutant Ninja Turtles (1990),action children comedy fantasy sci-fi,1990,Teenage Mutant Ninja Turtles,3.0,25,Teenage Mutant Ninja Turtles action children comedy fantasy sci-fi
20,3512,3.0,1054037253,Return to Me (2000),drama romance,2000,Return to Me,3.5625,8,Return to Me drama romance
20,3549,5.0,1054147384,Guys and Dolls (1955),comedy musical romance,1955,Guys and Dolls,3.9375,8,Guys and Dolls comedy musical romance
20,3565,3.0,1054037706,Where the Heart Is (2000),comedy drama,2000,Where the Heart Is,3.5,7,Where the Heart Is comedy drama
20,3615,2.5,1054037838,Dinosaur (2000),adventure animation children,2000,Dinosaur,3.107142857142857,14,Dinosaur adventure animation children
20,3755,4.5,1054147193,"Perfect Storm, The (2000)",drama thriller,2000,"Perfect Storm, The",3.1704545454545454,44,"Perfect Storm, The drama thriller"
20,3852,4.0,1054037964,"Tao of Steve, The (2000)",comedy,2000,"Tao of Steve, The",3.3846153846153846,13,"Tao of Steve, The comedy"
20,3948,3.5,1054037203,Meet the Parents (2000),comedy,2000,Meet the Parents,3.417582417582417,91,Meet the Parents comedy
20,3972,3.0,1054147174,"Legend of Drunken Master, The (Jui kuen II) (1994)",action comedy,1994,"Legend of Drunken Master, The (Jui kuen II)",4.125,16,"Legend of Drunken Master, The (Jui kuen II) action comedy"
20,3986,2.5,1054037622,"6th Day, The (2000)",action sci-fi thriller,2000,"6th Day, The",2.8,20,"6th Day, The action sci-fi thriller"
20,3988,3.5,1054037831,How the Grinch Stole Christmas (a.k.a. The Grinch) (2000),children comedy fantasy,2000,How the Grinch Stole Christmas (a.k.a. The Grinch),3.0454545454545454,33,How the Grinch Stole Christmas (a.k.a. The Grinch) children comedy fantasy
20,3999,2.0,1054147273,Vertical Limit (2000),action adventure,2000,Vertical Limit,2.607142857142857,14,Vertical Limit action adventure
20,4016,4.5,1054037249,"Emperor's New Groove, The (2000)",adventure animation children comedy fantasy,2000,"Emperor's New Groove, The",3.716216216216216,37,"Emperor's New Groove, The adventure animation children comedy fantasy"
20,4019,4.0,1054037081,Finding Forrester (2000),drama,2000,Finding Forrester,3.7142857142857135,28,Finding Forrester drama
20,4025,3.5,1054147190,Miss Congeniality (2000),comedy crime,2000,Miss Congeniality,3.0546875,64,Miss Congeniality comedy crime
20,4039,5.0,1054147453,Annie (1982),children musical,1982,Annie,3.125,16,Annie children musical
20,4054,2.5,1054037695,Save the Last Dance (2001),drama romance,2001,Save the Last Dance,2.84375,16,Save the Last Dance drama romance
20,4090,3.5,1054038271,"Brave Little Toaster, The (1987)",animation children,1987,"Brave Little Toaster, The",3.5625,8,"Brave Little Toaster, The animation children"
20,4161,3.5,1054147312,"Mexican, The (2001)",action comedy,2001,"Mexican, The",3.347826086956522,23,"Mexican, The action comedy"
20,4232,0.5,1054037511,Spy Kids (2001),action adventure children comedy,2001,Spy Kids,2.946428571428572,28,Spy Kids action adventure children comedy
20,4270,0.5,1054147293,"Mummy Returns, The (2001)",action adventure comedy thriller,2001,"Mummy Returns, The",3.088888888888889,45,"Mummy Returns, The action adventure comedy thriller"
20,4299,3.5,1054147230,"Knight's Tale, A (2001)",action comedy romance,2001,"Knight's Tale, A",3.341463414634146,41,"Knight's Tale, A action comedy romance"
20,4344,3.5,1054147210,Swordfish (2001),action crime drama,2001,Swordfish,3.1029411764705883,34,Swordfish action crime drama
20,4366,1.5,1054038539,Atlantis: The Lost Empire (2001),adventure animation children fantasy,2001,Atlantis: The Lost Empire,3.3421052631578947,19,Atlantis: The Lost Empire adventure animation children fantasy
20,4367,0.5,1054147289,Lara Croft: Tomb Raider (2001),action adventure,2001,Lara Croft: Tomb Raider,2.9,40,Lara Croft: Tomb Raider action adventure
20,4369,2.0,1054037557,"Fast and the Furious, The (2001)",action crime thriller,2001,"Fast and the Furious, The",3.066666666666667,45,"Fast and the Furious, The action crime thriller"
20,4378,3.5,1054037158,Sexy Beast (2000),crime drama,2000,Sexy Beast,3.7142857142857135,14,Sexy Beast crime drama
20,4446,3.5,1054037907,Final Fantasy: The Spirits Within (2001),adventure animation fantasy sci-fi,2001,Final Fantasy: The Spirits Within,3.3548387096774195,31,Final Fantasy: The Spirits Within adventure animation fantasy sci-fi
20,4519,3.5,1054038247,"Land Before Time, The (1988)",adventure animation children fantasy,1988,"Land Before Time, The",3.333333333333333,9,"Land Before Time, The adventure animation children fantasy"
20,4638,1.5,1054147250,Jurassic Park III (2001),action adventure sci-fi thriller,2001,Jurassic Park III,2.8472222222222223,36,Jurassic Park III action adventure sci-fi thriller
20,4718,3.0,1054037502,American Pie 2 (2001),comedy,2001,American Pie 2,3.066666666666667,45,American Pie 2 comedy
20,4734,1.0,1054037534,Jay and Silent Bob Strike Back (2001),adventure comedy,2001,Jay and Silent Bob Strike Back,3.161764705882353,34,Jay and Silent Bob Strike Back adventure comedy
20,4776,3.5,1054037390,Training Day (2001),crime drama thriller,2001,Training Day,3.794117647058824,51,Training Day crime drama thriller
20,4821,0.5,1054037528,Joy Ride (2001),adventure thriller,2001,Joy Ride,3.1,5,Joy Ride adventure thriller
20,4846,2.5,1054037303,Iron Monkey (Siu nin Wong Fei-hung ji: Tit Ma Lau) (1993),action comedy,1993,Iron Monkey (Siu nin Wong Fei-hung ji: Tit Ma Lau),3.5,5,Iron Monkey (Siu nin Wong Fei-hung ji: Tit Ma Lau) action comedy
20,4848,1.5,1054037367,Mulholland Drive (2001),crime drama film-noir mystery thriller,2001,Mulholland Drive,3.843137254901961,51,Mulholland Drive crime drama film-noir mystery thriller
20,4865,3.0,1054037653,From Hell (2001),crime horror mystery thriller,2001,From Hell,3.65,20,From Hell crime horror mystery thriller
20,4901,3.5,1054037324,Spy Game (2001),action crime drama thriller,2001,Spy Game,3.4814814814814814,27,Spy Game action crime drama thriller
20,4979,4.0,1054037364,"Royal Tenenbaums, The (2001)",comedy drama,2001,"Royal Tenenbaums, The",3.683823529411765,68,"Royal Tenenbaums, The comedy drama"
20,4990,4.0,1054037593,Jimmy Neutron: Boy Genius (2001),adventure animation children comedy,2001,Jimmy Neutron: Boy Genius,3.2,5,Jimmy Neutron: Boy Genius adventure animation children comedy
20,5013,4.5,1054037401,Gosford Park (2001),comedy drama mystery,2001,Gosford Park,3.703703703703704,27,Gosford Park comedy drama mystery
20,5014,4.0,1054037384,I Am Sam (2001),drama,2001,I Am Sam,3.764705882352941,17,I Am Sam drama
20,5015,4.0,1054037122,Monster's Ball (2001),drama romance,2001,Monster's Ball,3.305555555555556,18,Monster's Ball drama romance
20,5103,4.0,1054038111,"Sandlot, The (1993)",children comedy drama,1993,"Sandlot, The",3.4375,24,"Sandlot, The children comedy drama"
20,5110,3.0,1054037644,Super Troopers (2001),comedy crime mystery,2001,Super Troopers,3.6041666666666665,24,Super Troopers comedy crime mystery
20,5171,2.0,1054037913,"Time Machine, The (2002)",action adventure sci-fi,2002,"Time Machine, The",2.863636363636364,22,"Time Machine, The action adventure sci-fi"
20,5254,3.0,1054147243,Blade II (2002),action horror thriller,2002,Blade II,3.2058823529411766,34,Blade II action horror thriller
20,5293,3.5,1054037273,Changing Lanes (2002),drama thriller,2002,Changing Lanes,3.333333333333333,9,Changing Lanes drama thriller
20,5299,4.0,1054037084,My Big Fat Greek Wedding (2002),comedy romance,2002,My Big Fat Greek Wedding,3.2666666666666666,60,My Big Fat Greek Wedding comedy romance
20,5313,0.5,1054147317,The Scorpion King (2002),action adventure fantasy thriller,2002,The Scorpion King,2.2954545454545454,22,The Scorpion King action adventure fantasy thriller
20,5364,4.0,1054037333,Unfaithful (2002),drama thriller,2002,Unfaithful,3.5,7,Unfaithful drama thriller
20,5388,4.0,1054037110,Insomnia (2002),action crime drama mystery thriller,2002,Insomnia,3.303030303030303,33,Insomnia action crime drama mystery thriller
20,5419,0.5,1054037857,Scooby-Doo (2002),adventure children comedy fantasy mystery,2002,Scooby-Doo,2.8529411764705883,17,Scooby-Doo adventure children comedy fantasy mystery
20,5463,2.0,1054147287,Reign of Fire (2002),action adventure fantasy,2002,Reign of Fire,2.7222222222222223,18,Reign of Fire action adventure fantasy
20,5504,0.5,1054037842,Spy Kids 2: The Island of Lost Dreams (2002),adventure children,2002,Spy Kids 2: The Island of Lost Dreams,2.2142857142857144,7,Spy Kids 2: The Island of Lost Dreams adventure children
20,5630,3.5,1054037295,Red Dragon (2002),crime mystery thriller,2002,Red Dragon,3.435483870967742,31,Red Dragon crime mystery thriller
20,5693,4.0,1054147413,Saturday Night Fever (1977),comedy drama romance,1977,Saturday Night Fever,3.3181818181818183,11,Saturday Night Fever comedy drama romance
20,5785,4.0,1054037720,Jackass: The Movie (2002),action comedy documentary,2002,Jackass: The Movie,3.5,17,Jackass: The Movie action comedy documentary
20,6156,3.0,1054036804,Shanghai Knights (2003),action adventure comedy,2003,Shanghai Knights,3.210526315789474,19,Shanghai Knights action adventure comedy
20,6157,2.0,1054036811,Daredevil (2003),action crime,2003,Daredevil,2.5,32,Daredevil action crime
20,6166,1.5,1054036794,Dennis the Menace (1993),comedy,1993,Dennis the Menace,1.8125,8,Dennis the Menace comedy
20,6297,4.0,1054036670,Holes (2003),adventure children comedy mystery,2003,Holes,3.425,20,Holes adventure children comedy mystery
21,2376,4.5,1376823423,"View to a Kill, A (1985)",action adventure thriller,1985,"View to a Kill, A",3.2142857142857144,21,"View to a Kill, A action adventure thriller"
21,2378,2.5,1376822727,Police Academy (1984),comedy crime,1984,Police Academy,3.022727272727273,22,Police Academy comedy crime
21,2402,3.0,1418847038,Rambo: First Blood Part II (1985),action adventure thriller,1985,Rambo: First Blood Part II,2.6578947368421053,19,Rambo: First Blood Part II action adventure thriller
21,2403,2.5,1441393000,First Blood (Rambo: First Blood) (1982),action adventure drama thriller,1982,First Blood (Rambo: First Blood),3.55,30,First Blood (Rambo: First Blood) action adventure drama thriller
21,2724,3.0,1376823007,Runaway Bride (1999),comedy romance,1999,Runaway Bride,2.833333333333333,42,Runaway Bride comedy romance
21,2989,4.5,1403459790,For Your Eyes Only (1981),action adventure thriller,1981,For Your Eyes Only,3.5476190476190474,21,For Your Eyes Only action adventure thriller
21,2990,4.5,1403459797,Licence to Kill (1989),action adventure thriller,1989,Licence to Kill,3.325,20,Licence to Kill action adventure thriller
21,3633,4.5,1403460850,On Her Majesty's Secret Service (1969),action adventure romance thriller,1969,On Her Majesty's Secret Service,3.264705882352941,17,On Her Majesty's Secret Service action adventure romance thriller
21,3635,4.5,1403459821,"Spy Who Loved Me, The (1977)",action adventure thriller,1977,"Spy Who Loved Me, The",3.4444444444444446,18,"Spy Who Loved Me, The action adventure thriller"
21,3638,4.5,1403459801,Moonraker (1979),action adventure sci-fi thriller,1979,Moonraker,3.1346153846153846,26,Moonraker action adventure sci-fi thriller
21,3697,2.5,1468113456,Predator 2 (1990),action sci-fi thriller,1990,Predator 2,2.9047619047619047,21,Predator 2 action sci-fi thriller
21,3868,4.0,1403460977,"Naked Gun: From the Files of Police Squad!, The (1988)",action comedy crime romance,1988,"Naked Gun: From the Files of Police Squad!, The",3.4047619047619047,42,"Naked Gun: From the Files of Police Squad!, The action comedy crime romance"
21,3984,4.5,1403460840,Diamonds Are Forever (1971),action adventure thriller,1971,Diamonds Are Forever,3.5,21,Diamonds Are Forever action adventure thriller
21,4005,4.0,1403460891,"Living Daylights, The (1987)",action adventure thriller,1987,"Living Daylights, The",3.2916666666666665,12,"Living Daylights, The action adventure thriller"
21,4040,2.5,1419794718,Don't Tell Mom the Babysitter's Dead (1991),comedy,1991,Don't Tell Mom the Babysitter's Dead,2.3461538461538463,13,Don't Tell Mom the Babysitter's Dead comedy
21,4085,3.5,1441826878,Beverly Hills Cop (1984),action comedy crime drama,1984,Beverly Hills Cop,3.402173913043478,46,Beverly Hills Cop action comedy crime drama
21,4489,4.5,1441393840,Coming to America (1988),comedy romance,1988,Coming to America,3.458333333333333,24,Coming to America comedy romance
21,4545,4.0,1419025398,Short Circuit (1986),comedy sci-fi,1986,Short Circuit,3.275,20,Short Circuit comedy sci-fi
21,4621,2.5,1419794704,Look Who's Talking (1989),comedy romance,1989,Look Who's Talking,2.388888888888889,18,Look Who's Talking comedy romance
21,4701,3.5,1403459884,Rush Hour 2 (2001),action comedy,2001,Rush Hour 2,3.370967741935484,31,Rush Hour 2 action comedy
21,5219,3.0,1468113409,Resident Evil (2002),action horror sci-fi thriller,2002,Resident Evil,3.083333333333333,30,Resident Evil action horror sci-fi thriller
21,5796,2.0,1403460925,Casino Royale (1967),action adventure comedy,1967,Casino Royale,2.5,5,Casino Royale action adventure comedy
21,6503,3.5,1376823470,Charlie's Angels: Full Throttle (2003),action adventure comedy crime thriller,2003,Charlie's Angels: Full Throttle,2.3703703703703702,27,Charlie's Angels: Full Throttle action adventure comedy crime thriller
21,7569,4.5,1403460592,You Only Live Twice (1967),action adventure sci-fi thriller,1967,You Only Live Twice,3.8333333333333335,12,You Only Live Twice action adventure sci-fi thriller
21,7570,4.5,1403459807,Octopussy (1983),action adventure thriller,1983,Octopussy,3.3125,8,Octopussy action adventure thriller
21,7573,5.0,1403459786,Never Say Never Again (1983),action adventure thriller,1983,Never Say Never Again,3.125,8,Never Say Never Again action adventure thriller
21,7701,2.5,1419794804,Look Who's Talking Too (1990),comedy romance,1990,Look Who's Talking Too,1.7857142857142858,7,Look Who's Talking Too comedy romance
21,30825,3.5,1421521760,Meet the Fockers (2004),comedy,2004,Meet the Fockers,3.106060606060606,33,Meet the Fockers comedy
21,34162,3.0,1407617697,Wedding Crashers (2005),comedy romance,2005,Wedding Crashers,3.5086206896551726,58,Wedding Crashers comedy romance
21,39715,2.5,1376823734,American Pie Presents: Band Camp (American Pie 4: Band Camp) (2005),comedy,2005,American Pie Presents: Band Camp (American Pie 4: Band Camp),2.142857142857143,7,American Pie Presents: Band Camp (American Pie 4: Band Camp) comedy
21,40815,4.0,1403460886,Harry Potter and the Goblet of Fire (2005),adventure fantasy thriller imax,2005,Harry Potter and the Goblet of Fire,3.816901408450704,71,Harry Potter and the Goblet of Fire adventure fantasy thriller imax
21,41566,3.0,1468113305,"Chronicles of Narnia: The Lion, the Witch and the Wardrobe, The (2005)",adventure children fantasy,2005,"Chronicles of Narnia: The Lion, the Witch and the Wardrobe, The",3.443548387096774,62,"Chronicles of Narnia: The Lion, the Witch and the Wardrobe, The adventure children fantasy"
21,45186,3.5,1423422539,Mission: Impossible III (2006),action adventure thriller,2006,Mission: Impossible III,3.5892857142857144,28,Mission: Impossible III action adventure thriller
21,45447,3.5,1428775459,"Da Vinci Code, The (2006)",drama mystery thriller,2006,"Da Vinci Code, The",3.122448979591837,49,"Da Vinci Code, The drama mystery thriller"
21,45672,3.0,1419794605,Click (2006),adventure comedy drama fantasy romance,2006,Click,2.9782608695652173,23,Click adventure comedy drama fantasy romance
21,46972,3.5,1419794505,Night at the Museum (2006),action comedy fantasy imax,2006,Night at the Museum,3.239130434782609,23,Night at the Museum action comedy fantasy imax
21,47997,5.0,1500701943,Idiocracy (2006),adventure comedy sci-fi thriller,2006,Idiocracy,3.7222222222222223,18,Idiocracy adventure comedy sci-fi thriller
21,51084,3.5,1417378446,Music and Lyrics (2007),comedy romance,2007,Music and Lyrics,3.1,10,Music and Lyrics comedy romance
21,52973,3.5,1418846853,Knocked Up (2007),comedy drama romance,2007,Knocked Up,3.6538461538461537,52,Knocked Up comedy drama romance
21,53121,4.5,1403460883,Shrek the Third (2007),adventure animation children comedy fantasy,2007,Shrek the Third,3.023809523809524,21,Shrek the Third adventure animation children comedy fantasy
21,53322,4.5,1403637459,Ocean's Thirteen (2007),crime thriller,2007,Ocean's Thirteen,3.484848484848485,33,Ocean's Thirteen crime thriller
21,56775,3.5,1427558186,National Treasure: Book of Secrets (2007),action adventure,2007,National Treasure: Book of Secrets,3.0416666666666665,24,National Treasure: Book of Secrets action adventure
21,58025,2.0,1468113562,Jumper (2008),action adventure drama sci-fi thriller,2008,Jumper,3.0,18,Jumper action adventure drama sci-fi thriller
21,58998,4.5,1441393230,Forgetting Sarah Marshall (2008),comedy romance,2008,Forgetting Sarah Marshall,3.769230769230769,39,Forgetting Sarah Marshall comedy romance
21,59369,3.0,1419025209,Taken (2008),action crime drama thriller,2008,Taken,3.619047619047619,42,Taken action crime drama thriller
21,59900,3.0,1427558545,You Don't Mess with the Zohan (2008),comedy,2008,You Don't Mess with the Zohan,2.8666666666666667,15,You Don't Mess with the Zohan comedy
21,61160,1.0,1468113607,Star Wars: The Clone Wars (2008),action adventure animation sci-fi,2008,Star Wars: The Clone Wars,2.357142857142857,7,Star Wars: The Clone Wars action adventure animation sci-fi
21,63082,3.5,1468113389,Slumdog Millionaire (2008),crime drama romance,2008,Slumdog Millionaire,3.8098591549295775,71,Slumdog Millionaire crime drama romance
21,68791,3.5,1468113374,Terminator Salvation (2009),action adventure sci-fi thriller,2009,Terminator Salvation,3.25,18,Terminator Salvation action adventure sci-fi thriller
21,68793,3.5,1419794523,Night at the Museum: Battle of the Smithsonian (2009),action comedy imax,2009,Night at the Museum: Battle of the Smithsonian,3.1,10,Night at the Museum: Battle of the Smithsonian action comedy imax
21,69526,3.5,1468113535,Transformers: Revenge of the Fallen (2009),action adventure sci-fi imax,2009,Transformers: Revenge of the Fallen,2.425,20,Transformers: Revenge of the Fallen action adventure sci-fi imax
21,69644,4.0,1419025406,Ice Age: Dawn of the Dinosaurs (2009),action adventure animation children comedy romance,2009,Ice Age: Dawn of the Dinosaurs,2.607142857142857,14,Ice Age: Dawn of the Dinosaurs action adventure animation children comedy romance
21,72641,3.0,1452051960,"Blind Side, The (2009)",drama,2009,"Blind Side, The",3.6774193548387095,31,"Blind Side, The drama"
21,73319,3.0,1419794924,Leap Year (2010),comedy romance,2010,Leap Year,2.4,5,Leap Year comedy romance
21,76093,3.5,1419795323,How to Train Your Dragon (2010),adventure animation children fantasy imax,2010,How to Train Your Dragon,3.943396226415094,53,How to Train Your Dragon adventure animation children fantasy imax
21,78637,4.5,1419025376,Shrek Forever After (a.k.a. Shrek: The Final Chapter) (2010),adventure animation children comedy fantasy imax,2010,Shrek Forever After (a.k.a. Shrek: The Final Chapter),3.571428571428572,7,Shrek Forever After (a.k.a. Shrek: The Final Chapter) adventure animation children comedy fantasy imax
21,79134,2.0,1419794777,Grown Ups (2010),comedy,2010,Grown Ups,3.45,10,Grown Ups comedy
21,79185,4.0,1427558538,Knight and Day (2010),action comedy romance,2010,Knight and Day,3.4166666666666665,6,Knight and Day action comedy romance
21,80166,3.0,1418926532,"Switch, The (2010)",comedy romance,2010,"Switch, The",2.6666666666666665,6,"Switch, The comedy romance"
21,81229,3.5,1419795367,Red (2010),action comedy,2010,Red,3.5,20,Red action comedy
21,81564,2.5,1419794453,Megamind (2010),action animation children comedy sci-fi imax,2010,Megamind,3.6,20,Megamind action animation children comedy sci-fi imax
21,81591,1.0,1418846850,Black Swan (2010),drama thriller,2010,Black Swan,3.630952380952381,42,Black Swan drama thriller
21,81834,3.0,1427558206,Harry Potter and the Deathly Hallows: Part 1 (2010),action adventure fantasy imax,2010,Harry Potter and the Deathly Hallows: Part 1,3.98936170212766,47,Harry Potter and the Deathly Hallows: Part 1 action adventure fantasy imax
21,82202,4.0,1427558240,"Tourist, The (2010)",drama thriller,2010,"Tourist, The",2.7142857142857144,7,"Tourist, The drama thriller"
21,87520,3.5,1468113498,Transformers: Dark of the Moon (2011),action adventure sci-fi war imax,2011,Transformers: Dark of the Moon,2.363636363636364,11,Transformers: Dark of the Moon action adventure sci-fi war imax
21,88125,4.0,1412967987,Harry Potter and the Deathly Hallows: Part 2 (2011),action adventure drama fantasy mystery imax,2011,Harry Potter and the Deathly Hallows: Part 2,3.91,50,Harry Potter and the Deathly Hallows: Part 2 action adventure drama fantasy mystery imax
21,88405,2.5,1418926552,Friends with Benefits (2011),comedy romance,2011,Friends with Benefits,3.05,20,Friends with Benefits comedy romance
21,88744,3.0,1441393053,Rise of the Planet of the Apes (2011),action drama sci-fi thriller,2011,Rise of the Planet of the Apes,3.462962962962963,27,Rise of the Planet of the Apes action drama sci-fi thriller
21,90249,3.5,1468113329,Real Steel (2011),action drama sci-fi imax,2011,Real Steel,3.0,6,Real Steel action drama sci-fi imax
21,91535,3.5,1468113336,"Bourne Legacy, The (2012)",action adventure drama thriller imax,2012,"Bourne Legacy, The",3.138888888888889,18,"Bourne Legacy, The action adventure drama thriller imax"
21,91630,4.0,1423422327,Mission: Impossible - Ghost Protocol (2011),action adventure thriller imax,2011,Mission: Impossible - Ghost Protocol,3.659090909090909,22,Mission: Impossible - Ghost Protocol action adventure thriller imax
21,93510,3.0,1468114339,21 Jump Street (2012),action comedy crime,2012,21 Jump Street,3.865384615384616,26,21 Jump Street action comedy crime
21,94677,4.0,1427558669,"Dictator, The (2012)",comedy,2012,"Dictator, The",3.5588235294117645,17,"Dictator, The comedy"
21,94777,4.0,1423422377,Men in Black III (M.III.B.) (M.I.B.³) (2012),action comedy sci-fi imax,2012,Men in Black III (M.III.B.) (M.I.B.³),3.2777777777777777,18,Men in Black III (M.III.B.) (M.I.B.³) action comedy sci-fi imax
21,96588,3.5,1500701958,Pitch Perfect (2012),comedy musical,2012,Pitch Perfect,3.625,20,Pitch Perfect comedy musical
21,97913,2.0,1468114333,Wreck-It Ralph (2012),animation comedy,2012,Wreck-It Ralph,3.75,22,Wreck-It Ralph animation comedy
21,102481,4.0,1376823593,"Internship, The (2013)",comedy,2013,"Internship, The",3.55,10,"Internship, The comedy"
21,102716,3.0,1376823571,"Fast & Furious 6 (Fast and the Furious 6, The) (2013)",action crime thriller imax,2013,"Fast & Furious 6 (Fast and the Furious 6, The)",3.357142857142857,7,"Fast & Furious 6 (Fast and the Furious 6, The) action crime thriller imax"
21,103141,4.0,1418932178,Monsters University (2013),adventure animation comedy,2013,Monsters University,3.875,16,Monsters University adventure animation comedy
21,103228,3.5,1403460734,Pacific Rim (2013),action adventure sci-fi imax,2013,Pacific Rim,3.607142857142857,14,Pacific Rim action adventure sci-fi imax
21,103372,3.5,1403461849,"Heat, The (2013)",action comedy crime,2013,"Heat, The",3.4166666666666665,6,"Heat, The action comedy crime"
21,103384,4.0,1403460773,"Lone Ranger, The (2013)",action adventure western imax,2013,"Lone Ranger, The",2.7857142857142856,7,"Lone Ranger, The action adventure western imax"
21,103810,3.5,1403460755,Red 2 (2013),action comedy crime thriller,2013,Red 2,3.2,5,Red 2 action comedy crime thriller
21,104211,4.0,1403460713,We're the Millers (2013),comedy crime,2013,We're the Millers,3.738095238095238,21,We're the Millers comedy crime
21,105213,2.0,1403460712,Don Jon (2013),comedy drama romance,2013,Don Jon,3.125,8,Don Jon comedy drama romance
21,105844,2.0,1403460491,12 Years a Slave (2013),drama,2013,12 Years a Slave,3.625,16,12 Years a Slave drama
21,106491,3.5,1403460183,47 Ronin (2013),action adventure fantasy,2013,47 Ronin,2.642857142857143,7,47 Ronin action adventure fantasy
21,106916,3.0,1403460691,American Hustle (2013),crime drama,2013,American Hustle,3.25,16,American Hustle crime drama
21,106918,3.5,1403459951,"Secret Life of Walter Mitty, The (2013)",adventure comedy drama,2013,"Secret Life of Walter Mitty, The",4.0,20,"Secret Life of Walter Mitty, The adventure comedy drama"
21,106920,2.5,1418846877,Her (2013),drama romance sci-fi,2013,Her,3.92,25,Her drama romance sci-fi
21,108156,3.0,1403460188,Ride Along (2014),action comedy,2014,Ride Along,3.1666666666666665,6,Ride Along action comedy
21,108190,3.5,1500701759,Divergent (2014),adventure romance sci-fi imax,2014,Divergent,3.0,18,Divergent adventure romance sci-fi imax
21,108932,1.0,1468113609,The Lego Movie (2014),action adventure animation children comedy fantasy,2014,The Lego Movie,3.870967741935484,31,The Lego Movie action adventure animation children comedy fantasy
21,108945,3.0,1403461870,RoboCop (2014),action crime sci-fi imax,2014,RoboCop,2.333333333333333,6,RoboCop action crime sci-fi imax
21,110553,3.0,1468113465,The Amazing Spider-Man 2 (2014),action sci-fi imax,2014,The Amazing Spider-Man 2,2.636363636363636,11,The Amazing Spider-Man 2 action sci-fi imax
21,111113,2.5,1407617738,Neighbors (2014),comedy,2014,Neighbors,3.2916666666666665,12,Neighbors comedy
21,111617,4.0,1403460536,Blended (2014),comedy,2014,Blended,3.8125,8,Blended comedy
21,111743,3.5,1403460530,A Million Ways to Die in the West (2014),comedy western,2014,A Million Ways to Die in the West,2.958333333333333,12,A Million Ways to Die in the West comedy western
21,111781,4.5,1439751899,Mission: Impossible - Rogue Nation (2015),action adventure thriller,2015,Mission: Impossible - Rogue Nation,3.647058823529412,17,Mission: Impossible - Rogue Nation action adventure thriller
21,112138,3.5,1500701849,22 Jump Street (2014),action comedy crime,2014,22 Jump Street,3.684210526315789,19,22 Jump Street action comedy crime
21,112175,3.5,1418063384,How to Train Your Dragon 2 (2014),action adventure animation,2014,How to Train Your Dragon 2,3.7666666666666666,15,How to Train Your Dragon 2 action adventure animation
21,114180,3.5,1468113309,"Maze Runner, The (2014)",action mystery sci-fi,2014,"Maze Runner, The",2.9375,16,"Maze Runner, The action mystery sci-fi"
21,115617,4.0,1441393075,Big Hero 6 (2014),action animation comedy,2014,Big Hero 6,3.8536585365853657,41,Big Hero 6 action animation comedy
21,117529,4.0,1468113298,Jurassic World (2015),action adventure drama sci-fi thriller,2015,Jurassic World,3.260869565217391,23,Jurassic World action adventure drama sci-fi thriller
21,117590,3.5,1419794206,Horrible Bosses 2 (2014),comedy crime,2014,Horrible Bosses 2,3.636363636363636,11,Horrible Bosses 2 comedy crime
21,117851,3.0,1419794218,Penguins of Madagascar (2014),adventure animation children comedy,2014,Penguins of Madagascar,3.7,5,Penguins of Madagascar adventure animation children comedy
21,119141,0.5,1419793939,The Interview (2014),action comedy,2014,The Interview,3.458333333333333,12,The Interview action comedy
21,119155,3.5,1419794090,Night at the Museum: Secret of the Tomb (2014),adventure children comedy fantasy,2014,Night at the Museum: Secret of the Tomb,3.5,6,Night at the Museum: Secret of the Tomb adventure children comedy fantasy
21,122896,4.0,1452052163,Pirates of the Caribbean: Dead Men Tell No Tales (2017),(no genres listed),2017,Pirates of the Caribbean: Dead Men Tell No Tales,3.7857142857142856,7,Pirates of the Caribbean: Dead Men Tell No Tales (no genres listed)
21,126548,3.0,1500701836,The DUFF (2015),comedy,2015,The DUFF,3.25,6,The DUFF comedy
21,133419,3.0,1436989597,Pitch Perfect 2 (2015),comedy,2015,Pitch Perfect 2,3.4444444444444446,9,Pitch Perfect 2 comedy
21,134368,3.5,1436989206,Spy (2015),action comedy crime,2015,Spy,3.6875,16,Spy action comedy crime
21,134393,2.5,1439752061,Trainwreck (2015),comedy romance,2015,Trainwreck,3.2,10,Trainwreck comedy romance
21,135133,3.5,1452051811,The Hunger Games: Mockingjay - Part 2 (2015),adventure sci-fi,2015,The Hunger Games: Mockingjay - Part 2,3.7,10,The Hunger Games: Mockingjay - Part 2 adventure sci-fi
21,135536,3.5,1500701506,Suicide Squad (2016),action crime sci-fi,2016,Suicide Squad,2.9166666666666665,12,Suicide Squad action crime sci-fi
21,135861,0.5,1436989145,Ted 2 (2015),comedy,2015,Ted 2,2.7777777777777777,9,Ted 2 comedy
21,135887,4.5,1436989124,Minions (2015),adventure animation children comedy,2015,Minions,3.1666666666666665,15,Minions adventure animation children comedy
21,138036,3.5,1500701931,The Man from U.N.C.L.E. (2015),action adventure comedy,2015,The Man from U.N.C.L.E.,3.4722222222222223,18,The Man from U.N.C.L.E. action adventure comedy
21,139642,0.5,1441394002,Southpaw (2015),action drama,2015,Southpaw,2.833333333333333,6,Southpaw action drama
21,164909,3.5,1500702132,La La Land (2016),comedy drama romance,2016,La La Land,3.388888888888889,9,La La Land comedy drama romance
21,168248,3.5,1500701525,John Wick: Chapter Two (2017),action crime thriller,2017,John Wick: Chapter Two,4.142857142857143,7,John Wick: Chapter Two action crime thriller
22,1952,5.0,1268330620,Midnight Cowboy (1969),drama,1969,Midnight Cowboy,3.954545454545455,22,Midnight Cowboy drama
22,1953,4.5,1268726043,"French Connection, The (1971)",action crime thriller,1971,"French Connection, The",3.871794871794872,39,"French Connection, The action crime thriller"
22,2160,4.0,1268330584,Rosemary's Baby (1968),drama horror thriller,1968,Rosemary's Baby,4.171875,32,Rosemary's Baby drama horror thriller
22,3006,4.0,1268726047,"Insider, The (1999)",drama thriller,1999,"Insider, The",3.741935483870968,31,"Insider, The drama thriller"
22,4017,4.0,1268727100,Pollock (2000),drama,2000,Pollock,3.5357142857142856,14,Pollock drama
22,4036,4.5,1268727180,Shadow of the Vampire (2000),drama horror,2000,Shadow of the Vampire,3.136363636363636,11,Shadow of the Vampire drama horror
22,4903,4.0,1268727442,In the Bedroom (2001),drama,2001,In the Bedroom,3.0,10,In the Bedroom drama
22,5617,3.5,1268726826,Secretary (2002),comedy drama romance,2002,Secretary,3.9,25,Secretary comedy drama romance
22,5673,0.5,1268727068,Punch-Drunk Love (2002),comedy drama romance,2002,Punch-Drunk Love,3.621212121212121,33,Punch-Drunk Love comedy drama romance
22,6711,4.0,1268726851,Lost in Translation (2003),comedy drama romance,2003,Lost in Translation,4.033783783783784,74,Lost in Translation comedy drama romance
22,8464,0.5,1268726944,Super Size Me (2004),comedy documentary drama,2004,Super Size Me,3.51,50,Super Size Me comedy documentary drama
22,8622,0.5,1268727113,Fahrenheit 9/11 (2004),documentary,2004,Fahrenheit 9/11,3.4864864864864864,37,Fahrenheit 9/11 documentary
22,30707,2.0,1268726686,Million Dollar Baby (2004),drama,2004,Million Dollar Baby,3.8461538461538463,52,Million Dollar Baby drama
22,31410,1.0,1268726502,"Downfall (Untergang, Der) (2004)",drama war,2004,"Downfall (Untergang, Der)",3.875,20,"Downfall (Untergang, Der) drama war"
22,34437,3.0,1268726958,Broken Flowers (2005),comedy drama,2005,Broken Flowers,3.4761904761904763,21,Broken Flowers comedy drama
22,39183,2.5,1268726935,Brokeback Mountain (2005),drama romance,2005,Brokeback Mountain,3.5588235294117645,34,Brokeback Mountain drama romance
22,41997,3.0,1268726734,Munich (2005),action crime drama thriller,2005,Munich,3.809523809523809,21,Munich action crime drama thriller
22,46976,1.0,1268726712,Stranger than Fiction (2006),comedy drama fantasy romance,2006,Stranger than Fiction,3.6931818181818175,44,Stranger than Fiction comedy drama fantasy romance
22,52281,0.5,1268726845,Grindhouse (2007),action crime horror sci-fi thriller,2007,Grindhouse,3.425925925925926,27,Grindhouse action crime horror sci-fi thriller
22,53519,0.5,1268727137,Death Proof (2007),action adventure crime horror thriller,2007,Death Proof,3.1346153846153846,26,Death Proof action adventure crime horror thriller
22,54503,3.5,1268727474,Superbad (2007),comedy,2007,Superbad,3.863636363636364,55,Superbad comedy
22,55820,4.0,1268726559,No Country for Old Men (2007),crime drama,2007,No Country for Old Men,3.8984375,64,No Country for Old Men crime drama
22,56171,0.5,1268726349,"Golden Compass, The (2007)",adventure children fantasy,2007,"Golden Compass, The",3.111111111111111,18,"Golden Compass, The adventure children fantasy"
22,56782,4.0,1268726640,There Will Be Blood (2007),drama western,2007,There Will Be Blood,4.142857142857143,28,There Will Be Blood drama western
22,56788,1.0,1268726902,Charlie Wilson's War (2007),comedy drama war,2007,Charlie Wilson's War,3.375,8,Charlie Wilson's War comedy drama war
22,60766,0.5,1268726579,Man on Wire (2008),documentary,2008,Man on Wire,3.6875,8,Man on Wire documentary
22,61323,0.5,1268727079,Burn After Reading (2008),comedy crime drama,2008,Burn After Reading,3.4871794871794872,39,Burn After Reading comedy crime drama
22,64575,3.5,1268726672,Doubt (2008),drama mystery,2008,Doubt,3.357142857142857,7,Doubt drama mystery
22,66097,2.0,1268726278,Coraline (2009),animation fantasy thriller,2009,Coraline,3.7,35,Coraline animation fantasy thriller
22,71464,0.5,1268727107,"Serious Man, A (2009)",comedy drama,2009,"Serious Man, A",3.227272727272727,11,"Serious Man, A comedy drama"
23,29,4.0,1107341574,"City of Lost Children, The (Cité des enfants perdus, La) (1995)",adventure drama fantasy mystery sci-fi,1995,"City of Lost Children, The (Cité des enfants perdus, La)",4.0131578947368425,38,"City of Lost Children, The (Cité des enfants perdus, La) adventure drama fantasy mystery sci-fi"
23,175,3.0,1107162721,Kids (1995),drama,1995,Kids,3.975,20,Kids drama
23,272,4.0,1107162524,"Madness of King George, The (1994)",comedy drama,1994,"Madness of King George, The",3.758064516129033,31,"Madness of King George, The comedy drama"
23,334,4.0,1107164085,Vanya on 42nd Street (1994),drama,1994,Vanya on 42nd Street,4.2,5,Vanya on 42nd Street drama
23,741,4.0,1107341586,Ghost in the Shell (Kôkaku kidôtai) (1995),animation sci-fi,1995,Ghost in the Shell (Kôkaku kidôtai),4.148148148148148,27,Ghost in the Shell (Kôkaku kidôtai) animation sci-fi
23,1050,3.5,1107164077,Looking for Richard (1996),documentary drama,1996,Looking for Richard,3.9,5,Looking for Richard documentary drama
23,1175,4.0,1107163646,Delicatessen (1991),comedy drama romance,1991,Delicatessen,3.8333333333333335,21,Delicatessen comedy drama romance
23,1217,3.5,1107341647,Ran (1985),drama war,1985,Ran,4.433333333333334,15,Ran drama war
23,1218,3.5,1107164383,"Killer, The (Die xue shuang xiong) (1989)",action crime drama thriller,1989,"Killer, The (Die xue shuang xiong)",4.0,11,"Killer, The (Die xue shuang xiong) action crime drama thriller"
23,1232,5.0,1107163618,Stalker (1979),drama mystery sci-fi,1979,Stalker,3.625,8,Stalker drama mystery sci-fi
23,1233,5.0,1107162927,"Boot, Das (Boat, The) (1981)",action drama war,1981,"Boot, Das (Boat, The)",4.2125,40,"Boot, Das (Boat, The) action drama war"
23,1237,4.0,1107162947,"Seventh Seal, The (Sjunde inseglet, Det) (1957)",drama,1957,"Seventh Seal, The (Sjunde inseglet, Det)",4.222222222222222,18,"Seventh Seal, The (Sjunde inseglet, Det) drama"
23,1243,3.5,1107341801,Rosencrantz and Guildenstern Are Dead (1990),comedy drama,1990,Rosencrantz and Guildenstern Are Dead,3.96875,16,Rosencrantz and Guildenstern Are Dead comedy drama
23,1248,3.0,1107162687,Touch of Evil (1958),crime film-noir thriller,1958,Touch of Evil,4.264705882352941,17,Touch of Evil crime film-noir thriller
23,1249,3.5,1107341734,"Femme Nikita, La (Nikita) (1990)",action crime romance thriller,1990,"Femme Nikita, La (Nikita)",4.071428571428571,35,"Femme Nikita, La (Nikita) action crime romance thriller"
23,1274,4.0,1107163495,Akira (1988),action adventure animation sci-fi,1988,Akira,3.743589743589744,39,Akira action adventure animation sci-fi
23,1284,5.0,1107162632,"Big Sleep, The (1946)",crime film-noir mystery,1946,"Big Sleep, The",4.142857142857143,14,"Big Sleep, The crime film-noir mystery"
23,1425,3.0,1107342166,Fierce Creatures (1997),comedy,1997,Fierce Creatures,3.0,8,Fierce Creatures comedy
23,1464,4.0,1107163869,Lost Highway (1997),crime drama fantasy film-noir mystery romance,1997,Lost Highway,3.264705882352941,17,Lost Highway crime drama fantasy film-noir mystery romance
23,1711,4.0,1107162645,Midnight in the Garden of Good and Evil (1997),crime drama mystery,1997,Midnight in the Garden of Good and Evil,3.1041666666666665,24,Midnight in the Garden of Good and Evil crime drama mystery
23,1809,3.5,1107163578,Fireworks (Hana-bi) (1997),crime drama,1997,Fireworks (Hana-bi),4.0,6,Fireworks (Hana-bi) crime drama
23,1884,3.0,1107162759,Fear and Loathing in Las Vegas (1998),adventure comedy drama,1998,Fear and Loathing in Las Vegas,3.967391304347826,46,Fear and Loathing in Las Vegas adventure comedy drama
23,1960,3.0,1107162960,"Last Emperor, The (1987)",drama,1987,"Last Emperor, The",3.692307692307693,26,"Last Emperor, The drama"
23,2579,4.0,1107163393,Following (1998),crime mystery thriller,1998,Following,3.8333333333333335,6,Following crime mystery thriller
23,2686,4.0,1107164093,"Red Violin, The (Violon rouge, Le) (1998)",drama mystery,1998,"Red Violin, The (Violon rouge, Le)",4.026315789473684,19,"Red Violin, The (Violon rouge, Le) drama mystery"
23,2726,4.0,1108703148,"Killing, The (1956)",crime film-noir,1956,"Killing, The",4.055555555555555,9,"Killing, The crime film-noir"
23,2730,2.0,1107164153,Barry Lyndon (1975),drama romance war,1975,Barry Lyndon,3.7142857142857135,7,Barry Lyndon drama romance war
23,2912,3.5,1107162744,"Limey, The (1999)",crime drama thriller,1999,"Limey, The",3.892857142857143,14,"Limey, The crime drama thriller"
23,3030,3.0,1107164365,Yojimbo (1961),action adventure,1961,Yojimbo,4.230769230769231,13,Yojimbo action adventure
23,3181,3.5,1107164248,Titus (1999),drama,1999,Titus,3.9166666666666665,6,Titus drama
23,3265,4.5,1107163724,Hard-Boiled (Lat sau san taam) (1992),action crime drama thriller,1992,Hard-Boiled (Lat sau san taam),4.0,9,Hard-Boiled (Lat sau san taam) action crime drama thriller
23,4235,4.0,1107164493,Amores Perros (Love's a Bitch) (2000),drama thriller,2000,Amores Perros (Love's a Bitch),3.934782608695652,23,Amores Perros (Love's a Bitch) drama thriller
23,6721,3.0,1107341613,Once Upon a Time in China (Wong Fei Hung) (1991),action adventure drama,1991,Once Upon a Time in China (Wong Fei Hung),3.357142857142857,7,Once Upon a Time in China (Wong Fei Hung) action adventure drama
23,6773,4.5,1107164874,"Triplets of Belleville, The (Les triplettes de Belleville) (2003)",animation comedy fantasy,2003,"Triplets of Belleville, The (Les triplettes de Belleville)",3.704545454545455,22,"Triplets of Belleville, The (Les triplettes de Belleville) animation comedy fantasy"
23,6857,3.5,1107163501,Ninja Scroll (Jûbei ninpûchô) (1995),action adventure animation fantasy,1995,Ninja Scroll (Jûbei ninpûchô),3.769230769230769,13,Ninja Scroll (Jûbei ninpûchô) action adventure animation fantasy
23,7064,3.5,1107164411,Beauty and the Beast (La belle et la bête) (1946),drama fantasy,1946,Beauty and the Beast (La belle et la bête),3.25,6,Beauty and the Beast (La belle et la bête) drama fantasy
23,7123,4.5,1107164119,Naked Lunch (1991),drama fantasy mystery sci-fi,1991,Naked Lunch,3.4444444444444446,9,Naked Lunch drama fantasy mystery sci-fi
23,8228,4.0,1107162877,"Maltese Falcon, The (a.k.a. Dangerous Female) (1931)",mystery,1931,"Maltese Falcon, The (a.k.a. Dangerous Female)",3.6176470588235294,17,"Maltese Falcon, The (a.k.a. Dangerous Female) mystery"
23,8370,4.0,1107163825,"Blind Swordsman: Zatoichi, The (Zatôichi) (2003)",action comedy crime drama,2003,"Blind Swordsman: Zatoichi, The (Zatôichi)",3.9583333333333335,12,"Blind Swordsman: Zatoichi, The (Zatôichi) action comedy crime drama"
24,2405,2.5,1458941272,"Jewel of the Nile, The (1985)",action adventure comedy romance,1985,"Jewel of the Nile, The",2.8095238095238093,21,"Jewel of the Nile, The action adventure comedy romance"
24,3556,2.0,1458941220,"Virgin Suicides, The (1999)",drama romance,1999,"Virgin Suicides, The",3.769230769230769,26,"Virgin Suicides, The drama romance"
24,4855,4.0,1458941759,Dirty Harry (1971),action crime thriller,1971,Dirty Harry,3.775,20,Dirty Harry action crime thriller
24,5064,4.5,1458941650,The Count of Monte Cristo (2002),action adventure drama thriller,2002,The Count of Monte Cristo,3.828125,32,The Count of Monte Cristo action adventure drama thriller
24,5791,4.0,1458944146,Frida (2002),drama romance,2002,Frida,3.78125,16,Frida drama romance
24,31696,3.0,1458941958,Constantine (2005),action fantasy horror thriller,2005,Constantine,3.4714285714285715,35,Constantine action fantasy horror thriller
24,35836,4.0,1458941084,"40-Year-Old Virgin, The (2005)",comedy romance,2005,"40-Year-Old Virgin, The",3.5472972972972974,74,"40-Year-Old Virgin, The comedy romance"
24,47610,3.0,1458941035,"Illusionist, The (2006)",drama fantasy mystery romance,2006,"Illusionist, The",3.779069767441861,43,"Illusionist, The drama fantasy mystery romance"
24,57368,3.5,1458941859,Cloverfield (2008),action mystery sci-fi thriller,2008,Cloverfield,3.351851851851852,27,Cloverfield action mystery sci-fi thriller
24,61024,3.5,1458941725,Pineapple Express (2008),action comedy crime,2008,Pineapple Express,3.6774193548387095,31,Pineapple Express action comedy crime
24,61132,3.0,1458941827,Tropic Thunder (2008),action adventure comedy war,2008,Tropic Thunder,3.5,33,Tropic Thunder action adventure comedy war
24,86882,4.0,1458944025,Midnight in Paris (2011),comedy fantasy romance,2011,Midnight in Paris,3.56,25,Midnight in Paris comedy fantasy romance
24,102407,3.5,1458941328,"Great Gatsby, The (2013)",drama,2013,"Great Gatsby, The",3.375,20,"Great Gatsby, The drama"
25,122912,5.0,1535470461,Avengers: Infinity War - Part I (2018),action adventure sci-fi,2018,Avengers: Infinity War - Part I,4.0,13,Avengers: Infinity War - Part I action adventure sci-fi
25,122916,4.5,1535470504,Thor: Ragnarok (2017),action adventure sci-fi,2017,Thor: Ragnarok,4.025,20,Thor: Ragnarok action adventure sci-fi
25,176371,4.0,1535470469,Blade Runner 2049 (2017),sci-fi,2017,Blade Runner 2049,3.8055555555555554,18,Blade Runner 2049 sci-fi
25,187593,5.0,1535470534,Deadpool 2 (2018),action comedy sci-fi,2018,Deadpool 2,3.875,12,Deadpool 2 action comedy sci-fi
27,421,3.0,962685262,Black Beauty (1994),adventure children drama,1994,Black Beauty,3.208333333333333,12,Black Beauty adventure children drama
27,969,4.0,965149694,"African Queen, The (1951)",adventure comedy romance war,1951,"African Queen, The",3.9705882352941178,34,"African Queen, The adventure comedy romance war"
27,1083,4.0,965149552,"Great Race, The (1965)",comedy musical,1965,"Great Race, The",3.333333333333333,6,"Great Race, The comedy musical"
27,1262,5.0,962686386,"Great Escape, The (1963)",action adventure drama war,1963,"Great Escape, The",4.127906976744186,43,"Great Escape, The action adventure drama war"
27,1287,5.0,965149756,Ben-Hur (1959),action adventure drama,1959,Ben-Hur,3.941176470588236,34,Ben-Hur action adventure drama
27,1387,2.0,962686343,Jaws (1975),action horror,1975,Jaws,4.0054945054945055,91,Jaws action horror
27,2142,3.0,962685569,"American Tail: Fievel Goes West, An (1991)",adventure animation children musical western,1991,"American Tail: Fievel Goes West, An",2.7,10,"American Tail: Fievel Goes West, An adventure animation children musical western"
27,2151,5.0,965150942,"Gods Must Be Crazy II, The (1989)",comedy,1989,"Gods Must Be Crazy II, The",3.75,6,"Gods Must Be Crazy II, The comedy"
27,2311,2.0,965151086,2010: The Year We Make Contact (1984),sci-fi,1984,2010: The Year We Make Contact,3.588235294117647,17,2010: The Year We Make Contact sci-fi
27,2530,3.0,965151252,Beneath the Planet of the Apes (1970),action sci-fi,1970,Beneath the Planet of the Apes,2.7777777777777777,18,Beneath the Planet of the Apes action sci-fi
27,2532,3.0,965151214,Conquest of the Planet of the Apes (1972),action sci-fi,1972,Conquest of the Planet of the Apes,2.7916666666666665,12,Conquest of the Planet of the Apes action sci-fi
27,3037,4.0,965150115,Little Big Man (1970),western,1970,Little Big Man,4.145833333333333,24,Little Big Man western
27,3451,5.0,965149512,Guess Who's Coming to Dinner (1967),drama,1967,Guess Who's Coming to Dinner,4.545454545454546,11,Guess Who's Coming to Dinner drama
27,3519,3.0,965149901,Force 10 from Navarone (1978),action drama war,1978,Force 10 from Navarone,2.9166666666666665,6,Force 10 from Navarone action drama war
27,3654,4.0,962686529,"Guns of Navarone, The (1961)",action adventure drama war,1961,"Guns of Navarone, The",3.769230769230769,13,"Guns of Navarone, The action adventure drama war"
27,3791,3.0,965149357,Footloose (1984),drama,1984,Footloose,3.1875,16,Footloose drama
27,3836,4.0,965149368,Kelly's Heroes (1970),action comedy war,1970,Kelly's Heroes,4.133333333333334,15,Kelly's Heroes action comedy war
28,23,1.5,1242290862,Assassins (1995),action crime thriller,1995,Assassins,3.125,16,Assassins action crime thriller
28,147,2.5,1242289858,"Basketball Diaries, The (1995)",drama,1995,"Basketball Diaries, The",3.466666666666667,15,"Basketball Diaries, The drama"
28,428,2.5,1240817486,"Bronx Tale, A (1993)",drama,1993,"Bronx Tale, A",3.7222222222222223,18,"Bronx Tale, A drama"
28,481,3.0,1242290652,Kalifornia (1993),drama thriller,1993,Kalifornia,3.1578947368421053,19,Kalifornia drama thriller
28,507,4.0,1242032956,"Perfect World, A (1993)",crime drama thriller,1993,"Perfect World, A",3.3846153846153846,13,"Perfect World, A crime drama thriller"
28,714,3.5,1234570614,Dead Man (1995),drama mystery western,1995,Dead Man,3.966666666666667,15,Dead Man drama mystery western
28,851,2.0,1242033023,Basquiat (1996),drama,1996,Basquiat,2.833333333333333,6,Basquiat drama
28,1120,3.0,1234334932,"People vs. Larry Flynt, The (1996)",comedy drama,1996,"People vs. Larry Flynt, The",3.537037037037037,27,"People vs. Larry Flynt, The comedy drama"
28,1171,3.0,1243837744,Bob Roberts (1992),comedy,1992,Bob Roberts,3.3529411764705883,17,Bob Roberts comedy
28,1253,3.5,1277001848,"Day the Earth Stood Still, The (1951)",drama sci-fi thriller,1951,"Day the Earth Stood Still, The",3.82,25,"Day the Earth Stood Still, The drama sci-fi thriller"
28,1271,2.0,1234334960,Fried Green Tomatoes (1991),comedy crime drama,1991,Fried Green Tomatoes,3.5,30,Fried Green Tomatoes comedy crime drama
28,1303,3.0,1235805655,"Man Who Would Be King, The (1975)",adventure drama,1975,"Man Who Would Be King, The",4.029411764705882,17,"Man Who Would Be King, The adventure drama"
28,1459,2.5,1242290702,Absolute Power (1997),mystery thriller,1997,Absolute Power,2.6666666666666665,12,Absolute Power mystery thriller
28,1480,3.0,1277002141,Smilla's Sense of Snow (1997),drama thriller,1997,Smilla's Sense of Snow,3.363636363636364,11,Smilla's Sense of Snow drama thriller
28,1678,2.0,1242289781,"Joy Luck Club, The (1993)",drama romance,1993,"Joy Luck Club, The",3.5,10,"Joy Luck Club, The drama romance"
28,1785,3.5,1242032383,King of New York (1990),crime thriller,1990,King of New York,3.9,5,King of New York crime thriller
28,2021,5.0,1234334942,Dune (1984),adventure sci-fi,1984,Dune,3.4324324324324325,37,Dune adventure sci-fi
28,2231,2.5,1242288296,Rounders (1998),drama,1998,Rounders,3.861111111111111,36,Rounders drama
28,2618,3.0,1242287649,"Castle, The (1997)",comedy,1997,"Castle, The",3.4,5,"Castle, The comedy"
28,2841,2.5,1242289152,Stir of Echoes (1999),horror mystery thriller,1999,Stir of Echoes,3.5277777777777777,18,Stir of Echoes horror mystery thriller
28,2908,3.0,1242288232,Boys Don't Cry (1999),drama,1999,Boys Don't Cry,3.551282051282051,39,Boys Don't Cry drama
28,2952,2.5,1242106555,Sydney (Hard Eight) (1996),crime drama thriller,1996,Sydney (Hard Eight),3.5416666666666665,12,Sydney (Hard Eight) crime drama thriller
28,3020,3.0,1242032934,Falling Down (1993),action drama,1993,Falling Down,3.5294117647058822,17,Falling Down action drama
28,3100,4.0,1242032411,"River Runs Through It, A (1992)",drama,1992,"River Runs Through It, A",3.9318181818181817,22,"River Runs Through It, A drama"
28,3105,2.5,1242031396,Awakenings (1990),drama mystery,1990,Awakenings,3.6818181818181817,22,Awakenings drama mystery
28,3107,2.0,1242290922,Backdraft (1991),action drama,1991,Backdraft,3.3043478260869565,23,Backdraft action drama
28,3169,2.5,1234337236,The Falcon and the Snowman (1985),crime drama thriller,1985,The Falcon and the Snowman,3.3,5,The Falcon and the Snowman crime drama thriller
28,3178,2.5,1242031255,"Hurricane, The (1999)",drama,1999,"Hurricane, The",3.53125,16,"Hurricane, The drama"
28,3198,3.0,1235805650,Papillon (1973),crime drama,1973,Papillon,3.928571428571429,14,Papillon crime drama
28,3246,2.5,1234570524,Malcolm X (1992),drama,1992,Malcolm X,4.166666666666667,15,Malcolm X drama
28,3250,4.0,1242033046,Alive (1993),drama,1993,Alive,3.1666666666666665,9,Alive drama
28,3252,3.0,1242032417,Scent of a Woman (1992),drama,1992,Scent of a Woman,3.592592592592593,27,Scent of a Woman drama
28,3256,2.5,1242289707,Patriot Games (1992),action crime drama thriller,1992,Patriot Games,3.5161290322580645,31,Patriot Games action crime drama thriller
28,3260,3.0,1242289079,Howards End (1992),drama,1992,Howards End,4.0,12,Howards End drama
28,3271,3.0,1234569650,Of Mice and Men (1992),drama,1992,Of Mice and Men,3.676470588235294,17,Of Mice and Men drama
28,3272,4.0,1242290937,Bad Lieutenant (1992),crime drama,1992,Bad Lieutenant,3.4375,8,Bad Lieutenant crime drama
28,3360,4.0,1234571883,Hoosiers (a.k.a. Best Shot) (1986),drama romance,1986,Hoosiers (a.k.a. Best Shot),3.704545454545455,22,Hoosiers (a.k.a. Best Shot) drama romance
28,3543,2.5,1243837349,Diner (1982),comedy drama,1982,Diner,3.75,14,Diner comedy drama
28,3783,4.0,1236313787,Croupier (1998),crime drama,1998,Croupier,3.954545454545455,11,Croupier crime drama
28,3950,3.0,1236315133,Tigerland (2000),drama,2000,Tigerland,3.5625,8,Tigerland drama
28,3980,3.0,1242290171,Men of Honor (2000),drama,2000,Men of Honor,3.392857142857143,14,Men of Honor drama
28,4047,3.5,1242031374,Gettysburg (1993),drama war,1993,Gettysburg,3.6666666666666665,9,Gettysburg drama war
28,4211,2.0,1235976182,Reversal of Fortune (1990),drama,1990,Reversal of Fortune,3.75,6,Reversal of Fortune drama
28,4238,2.5,1242290762,Along Came a Spider (2001),action crime mystery thriller,2001,Along Came a Spider,3.147058823529412,17,Along Came a Spider action crime mystery thriller
28,4343,2.5,1277002280,Evolution (2001),comedy sci-fi,2001,Evolution,3.037037037037037,27,Evolution comedy sci-fi
28,4787,2.0,1242289083,Little Man Tate (1991),drama,1991,Little Man Tate,3.35,10,Little Man Tate drama
28,5009,2.5,1242290723,Ali (2001),drama,2001,Ali,3.0,8,Ali drama
28,5010,4.5,1234340468,Black Hawk Down (2001),action drama war,2001,Black Hawk Down,3.81,50,Black Hawk Down action drama war
28,5055,2.5,1242289767,Dragon: The Bruce Lee Story (1993),action drama,1993,Dragon: The Bruce Lee Story,2.8125,8,Dragon: The Bruce Lee Story action drama
28,5152,4.5,1234340571,We Were Soldiers (2002),action drama war,2002,We Were Soldiers,3.333333333333333,18,We Were Soldiers action drama war
28,5267,3.0,1242289147,"Rookie, The (2002)",drama,2002,"Rookie, The",3.2916666666666665,12,"Rookie, The drama"
28,5292,3.5,1243837736,Slap Shot (1977),comedy,1977,Slap Shot,3.857142857142857,7,Slap Shot comedy
28,5329,3.0,1242288954,"Salton Sea, The (2002)",crime drama thriller,2002,"Salton Sea, The",3.35,10,"Salton Sea, The crime drama thriller"
28,5446,3.0,1237619224,Rabbit-Proof Fence (2002),adventure drama,2002,Rabbit-Proof Fence,3.642857142857143,7,Rabbit-Proof Fence adventure drama
28,5577,2.0,1242289900,Igby Goes Down (2002),comedy drama,2002,Igby Goes Down,3.6666666666666665,12,Igby Goes Down comedy drama
28,5632,3.0,1234515119,Bloody Sunday (2002),drama,2002,Bloody Sunday,3.6,5,Bloody Sunday drama
28,5747,3.5,1234338175,Gallipoli (1981),drama war,1981,Gallipoli,4.285714285714286,7,Gallipoli drama war
28,5945,3.0,1242290271,About Schmidt (2002),comedy drama,2002,About Schmidt,3.173076923076923,26,About Schmidt comedy drama
28,5955,3.0,1236319971,Antwone Fisher (2002),drama,2002,Antwone Fisher,3.555555555555556,9,Antwone Fisher drama
28,6281,1.5,1242290481,Phone Booth (2002),drama thriller,2002,Phone Booth,3.140625,32,Phone Booth drama thriller
28,6537,4.0,1234516415,Terminator 3: Rise of the Machines (2003),action adventure sci-fi,2003,Terminator 3: Rise of the Machines,3.0444444444444443,45,Terminator 3: Rise of the Machines action adventure sci-fi
28,6552,2.5,1237619395,Dirty Pretty Things (2002),crime drama thriller,2002,Dirty Pretty Things,3.625,12,Dirty Pretty Things crime drama thriller
28,6565,3.5,1242288458,Seabiscuit (2003),drama,2003,Seabiscuit,3.6944444444444446,18,Seabiscuit drama
28,6617,4.0,1242032404,Open Range (2003),western,2003,Open Range,3.9444444444444446,9,Open Range western
28,6796,2.0,1240817387,Boyz N the Hood (1991),crime drama,1991,Boyz N the Hood,3.7222222222222223,18,Boyz N the Hood crime drama
28,6867,4.0,1240211660,"Station Agent, The (2003)",comedy drama,2003,"Station Agent, The",3.583333333333333,12,"Station Agent, The comedy drama"
28,6947,3.5,1234515870,Master and Commander: The Far Side of the World (2003),adventure drama war,2003,Master and Commander: The Far Side of the World,3.638888888888889,36,Master and Commander: The Far Side of the World adventure drama war
28,6953,3.0,1236313576,21 Grams (2003),crime drama mystery romance thriller,2003,21 Grams,3.3,25,21 Grams crime drama mystery romance thriller
28,6957,3.0,1242290204,Bad Santa (2003),comedy crime,2003,Bad Santa,3.3653846153846154,26,Bad Santa comedy crime
28,6974,3.0,1242033113,"Freshman, The (1990)",comedy crime,1990,"Freshman, The",3.0,6,"Freshman, The comedy crime"
28,6993,1.5,1243837374,Hannah and Her Sisters (1986),comedy drama romance,1986,Hannah and Her Sisters,3.769230769230769,13,Hannah and Her Sisters comedy drama romance
28,7090,2.0,1236314730,Hero (Ying xiong) (2002),action adventure drama,2002,Hero (Ying xiong),3.9210526315789473,38,Hero (Ying xiong) action adventure drama
28,7263,3.0,1240211839,Miracle (2004),drama,2004,Miracle,3.35,10,Miracle drama
28,7649,2.0,1235976155,Babylon 5: In the Beginning (1998),adventure sci-fi,1998,Babylon 5: In the Beginning,2.8,5,Babylon 5: In the Beginning adventure sci-fi
28,8132,4.0,1234570622,Gladiator (1992),action drama,1992,Gladiator,4.333333333333333,9,Gladiator action drama
28,8493,3.0,1237619403,Memphis Belle (1990),action drama war,1990,Memphis Belle,3.083333333333333,6,Memphis Belle action drama war
28,8633,4.5,1234337791,"Last Starfighter, The (1984)",action adventure comedy sci-fi,1984,"Last Starfighter, The",3.571428571428572,7,"Last Starfighter, The action adventure comedy sci-fi"
28,8810,3.0,1234516426,AVP: Alien vs. Predator (2004),action horror sci-fi thriller,2004,AVP: Alien vs. Predator,2.823529411764706,17,AVP: Alien vs. Predator action horror sci-fi thriller
28,8874,2.0,1243837559,Shaun of the Dead (2004),comedy horror,2004,Shaun of the Dead,4.0064935064935066,77,Shaun of the Dead comedy horror
28,8914,2.0,1234337380,Primer (2004),drama sci-fi,2004,Primer,3.794117647058824,17,Primer drama sci-fi
28,8937,2.5,1242289874,Friday Night Lights (2004),action drama,2004,Friday Night Lights,3.5625,8,Friday Night Lights action drama
28,8977,2.5,1234516433,Alexander (2004),action adventure drama war,2004,Alexander,2.2,10,Alexander action adventure drama war
28,8983,2.0,1234515866,House of Flying Daggers (Shi mian mai fu) (2004),action drama romance,2004,House of Flying Daggers (Shi mian mai fu),3.52,25,House of Flying Daggers (Shi mian mai fu) action drama romance
28,27788,1.0,1242290224,"Jacket, The (2005)",drama mystery sci-fi thriller,2005,"Jacket, The",3.0,8,"Jacket, The drama mystery sci-fi thriller"
28,31225,3.0,1242288487,Coach Carter (2005),drama,2005,Coach Carter,3.071428571428572,7,Coach Carter drama
28,31420,2.5,1242290865,Assault on Precinct 13 (2005),action crime drama thriller,2005,Assault on Precinct 13,3.1875,8,Assault on Precinct 13 action crime drama thriller
28,33166,2.0,1236313784,Crash (2004),crime drama,2004,Crash,3.89,50,Crash crime drama
28,33660,4.0,1234341077,Cinderella Man (2005),drama romance,2005,Cinderella Man,4.088235294117647,17,Cinderella Man drama romance
28,36517,2.5,1236314245,"Constant Gardener, The (2005)",drama thriller,2005,"Constant Gardener, The",3.4615384615384617,13,"Constant Gardener, The drama thriller"
28,36527,3.0,1242033038,Proof (2005),drama,2005,Proof,3.571428571428572,7,Proof drama
28,37731,2.5,1234570516,Green Street Hooligans (a.k.a. Hooligans) (2005),crime drama,2005,Green Street Hooligans (a.k.a. Hooligans),3.7222222222222223,9,Green Street Hooligans (a.k.a. Hooligans) crime drama
28,37739,3.0,1235806532,"Greatest Game Ever Played, The (2005)",drama,2005,"Greatest Game Ever Played, The",3.3,5,"Greatest Game Ever Played, The drama"
28,38886,2.0,1236313815,"Squid and the Whale, The (2005)",comedy drama,2005,"Squid and the Whale, The",3.4444444444444446,9,"Squid and the Whale, The comedy drama"
28,39381,3.5,1234338567,"Proposition, The (2005)",crime drama western,2005,"Proposition, The",3.5625,8,"Proposition, The crime drama western"
28,39444,3.5,1242290492,"Weather Man, The (2005)",comedy drama,2005,"Weather Man, The",3.388888888888889,9,"Weather Man, The comedy drama"
28,40278,3.0,1242289778,Jarhead (2005),action drama war,2005,Jarhead,3.676470588235294,17,Jarhead action drama war
28,40414,3.0,1240816043,Joyeux Noël (Merry Christmas) (2005),drama war,2005,Joyeux Noël (Merry Christmas),3.7,5,Joyeux Noël (Merry Christmas) drama war
28,40583,2.5,1242288972,Syriana (2005),drama thriller,2005,Syriana,3.53125,16,Syriana drama thriller
28,41569,2.5,1242290573,King Kong (2005),action adventure drama fantasy thriller,2005,King Kong,3.4,40,King Kong action adventure drama fantasy thriller
28,41863,4.5,1234341471,"Three Burials of Melquiades Estrada, The (2006)",adventure crime drama,2006,"Three Burials of Melquiades Estrada, The",4.0,5,"Three Burials of Melquiades Estrada, The adventure crime drama"
28,42004,2.5,1234340470,Transamerica (2005),adventure comedy drama,2005,Transamerica,3.5,6,Transamerica adventure comedy drama
28,43396,4.0,1234341071,"World's Fastest Indian, The (2005)",drama,2005,"World's Fastest Indian, The",3.7857142857142856,7,"World's Fastest Indian, The drama"
28,43921,3.0,1242033072,Running Scared (2006),action crime thriller,2006,Running Scared,3.3,5,Running Scared action crime thriller
28,43928,3.0,1277002331,Ultraviolet (2006),action fantasy sci-fi thriller,2006,Ultraviolet,1.9230769230769231,13,Ultraviolet action fantasy sci-fi thriller
28,43936,2.5,1242290327,16 Blocks (2006),crime thriller,2006,16 Blocks,3.0,9,16 Blocks crime thriller
28,44195,4.5,1234338584,Thank You for Smoking (2006),comedy drama,2006,Thank You for Smoking,4.027777777777778,36,Thank You for Smoking comedy drama
28,44761,2.0,1234337337,Brick (2005),crime drama film-noir mystery,2005,Brick,3.875,12,Brick crime drama film-noir mystery
28,46723,2.5,1236319973,Babel (2006),drama thriller,2006,Babel,3.5,31,Babel drama thriller
28,47629,2.0,1234570360,The Queen (2006),drama,2006,The Queen,3.730769230769231,13,The Queen drama
28,47644,3.0,1236314716,Invincible (2006),drama,2006,Invincible,3.0,7,Invincible drama
28,48385,4.0,1242290334,Borat: Cultural Learnings of America for Make Benefit Glorious Nation of Kazakhstan (2006),comedy,2006,Borat: Cultural Learnings of America for Make Benefit Glorious Nation of Kazakhstan,3.3461538461538463,65,Borat: Cultural Learnings of America for Make Benefit Glorious Nation of Kazakhstan comedy
28,48738,3.0,1234338028,"Last King of Scotland, The (2006)",drama thriller,2006,"Last King of Scotland, The",3.975,20,"Last King of Scotland, The drama thriller"
28,49530,4.5,1234337638,Blood Diamond (2006),action adventure crime drama thriller war,2006,Blood Diamond,3.7641509433962255,53,Blood Diamond action adventure crime drama thriller war
28,49822,3.0,1242289880,"Good Shepherd, The (2006)",drama thriller,2006,"Good Shepherd, The",3.142857142857143,7,"Good Shepherd, The drama thriller"
28,50068,3.0,1234337590,Letters from Iwo Jima (2006),drama war,2006,Letters from Iwo Jima,3.7058823529411766,17,Letters from Iwo Jima drama war
28,50442,2.0,1242290759,Alpha Dog (2007),crime drama,2007,Alpha Dog,3.125,8,Alpha Dog crime drama
28,51080,2.0,1242109122,Breach (2007),drama thriller,2007,Breach,3.5625,8,Breach drama thriller
28,51255,1.0,1234338068,Hot Fuzz (2007),action comedy crime mystery,2007,Hot Fuzz,4.0,61,Hot Fuzz action comedy crime mystery
28,51935,2.5,1242289917,Shooter (2007),action drama thriller,2007,Shooter,3.86,25,Shooter action drama thriller
28,52241,2.0,1236313504,"Lookout, The (2007)",crime drama thriller,2007,"Lookout, The",3.25,6,"Lookout, The crime drama thriller"
28,52328,2.5,1234572127,Sunshine (2007),adventure drama sci-fi thriller,2007,Sunshine,3.642857142857143,14,Sunshine adventure drama sci-fi thriller
28,52952,3.5,1234338058,This Is England (2006),drama,2006,This Is England,4.0,8,This Is England drama
28,53123,5.0,1234341270,Once (2006),drama musical romance,2006,Once,3.9444444444444446,9,Once drama musical romance
28,53953,1.0,1234335379,1408 (2007),drama horror thriller,2007,1408,3.16,25,1408 drama horror thriller
28,54736,2.5,1234340486,"Kingdom, The (2007)",action drama thriller,2007,"Kingdom, The",3.8125,8,"Kingdom, The action drama thriller"
28,54997,3.5,1234338456,3:10 to Yuma (2007),action crime drama western,2007,3:10 to Yuma,4.06,25,3:10 to Yuma action crime drama western
28,55363,3.0,1236315140,"Assassination of Jesse James by the Coward Robert Ford, The (2007)",crime drama western,2007,"Assassination of Jesse James by the Coward Robert Ford, The",4.1,10,"Assassination of Jesse James by the Coward Robert Ford, The crime drama western"
28,55721,3.5,1234340956,Elite Squad (Tropa de Elite) (2007),action crime drama thriller,2007,Elite Squad (Tropa de Elite),4.3,10,Elite Squad (Tropa de Elite) action crime drama thriller
28,55908,3.5,1234338625,"Man from Earth, The (2007)",drama sci-fi,2007,"Man from Earth, The",4.1875,8,"Man from Earth, The drama sci-fi"
28,56145,1.0,1242032944,"Mist, The (2007)",horror sci-fi,2007,"Mist, The",3.4285714285714284,14,"Mist, The horror sci-fi"
28,56587,3.0,1242289053,"Bucket List, The (2007)",comedy drama,2007,"Bucket List, The",3.230769230769231,13,"Bucket List, The comedy drama"
28,56921,2.0,1235805913,Battlestar Galactica: Razor (2007),action drama sci-fi thriller,2007,Battlestar Galactica: Razor,3.8,5,Battlestar Galactica: Razor action drama sci-fi thriller
28,58293,0.5,1234335308,"10,000 BC (2008)",adventure romance thriller,2008,"10,000 BC",2.7058823529411766,17,"10,000 BC adventure romance thriller"
28,58803,3.0,1242290671,21 (2008),crime drama romance thriller,2008,21,3.75,18,21 crime drama romance thriller
28,59387,2.0,1235975904,"Fall, The (2006)",adventure drama fantasy,2006,"Fall, The",3.954545454545455,11,"Fall, The adventure drama fantasy"
28,61236,2.5,1234338142,Waltz with Bashir (Vals im Bashir) (2008),animation documentary drama war,2008,Waltz with Bashir (Vals im Bashir),3.0,5,Waltz with Bashir (Vals im Bashir) animation documentary drama war
28,61248,2.0,1234854175,Death Race (2008),action adventure sci-fi thriller,2008,Death Race,3.2222222222222223,9,Death Race action adventure sci-fi thriller
28,62374,2.5,1234338810,Body of Lies (2008),action drama thriller,2008,Body of Lies,3.772727272727273,11,Body of Lies action drama thriller
28,62849,3.5,1234853223,RocknRolla (2008),action crime,2008,RocknRolla,3.769230769230769,13,RocknRolla action crime
28,63062,3.0,1242107787,Changeling (2008),crime drama mystery,2008,Changeling,3.4375,8,Changeling crime drama mystery
28,64030,3.5,1234340334,Transporter 3 (2008),action adventure crime thriller,2008,Transporter 3,2.6666666666666665,6,Transporter 3 action adventure crime thriller
28,64497,3.0,1234850172,"Day the Earth Stood Still, The (2008)",drama sci-fi thriller imax,2008,"Day the Earth Stood Still, The",2.7857142857142856,7,"Day the Earth Stood Still, The drama sci-fi thriller imax"
28,64716,4.0,1234850141,Seven Pounds (2008),drama,2008,Seven Pounds,4.136363636363637,11,Seven Pounds drama
28,64983,2.5,1242288321,Valkyrie (2008),drama thriller war,2008,Valkyrie,3.409090909090909,11,Valkyrie drama thriller war
28,65216,3.5,1234850034,Defiance (2008),drama thriller war,2008,Defiance,3.928571428571429,7,Defiance drama thriller war
28,65682,2.5,1234340341,Underworld: Rise of the Lycans (2009),action fantasy horror thriller,2009,Underworld: Rise of the Lycans,3.642857142857143,7,Underworld: Rise of the Lycans action fantasy horror thriller
28,68205,3.0,1242883383,Crank: High Voltage (2009),action comedy crime,2009,Crank: High Voltage,2.9375,8,Crank: High Voltage action comedy crime
28,70336,1.5,1277002289,G.I. Joe: The Rise of Cobra (2009),action adventure sci-fi thriller,2009,G.I. Joe: The Rise of Cobra,2.625,8,G.I. Joe: The Rise of Cobra action adventure sci-fi thriller
28,71106,2.5,1277001836,Frequently Asked Questions About Time Travel (2009),comedy sci-fi,2009,Frequently Asked Questions About Time Travel,3.6,5,Frequently Asked Questions About Time Travel comedy sci-fi
28,71135,3.5,1277001895,Pandorum (2009),horror sci-fi thriller,2009,Pandorum,3.4,5,Pandorum horror sci-fi thriller
29,953,5.0,1307906372,It's a Wonderful Life (1946),children drama fantasy romance,1946,It's a Wonderful Life,4.0344827586206895,58,It's a Wonderful Life children drama fantasy romance
29,1204,4.5,1308084015,Lawrence of Arabia (1962),adventure drama war,1962,Lawrence of Arabia,4.3,45,Lawrence of Arabia adventure drama war
29,1242,4.0,1307908267,Glory (1989),drama war,1989,Glory,4.170731707317073,41,Glory drama war
29,1772,1.5,1307906072,Blues Brothers 2000 (1998),action comedy musical,1998,Blues Brothers 2000,2.708333333333333,12,Blues Brothers 2000 action comedy musical
29,1792,3.0,1307905957,U.S. Marshals (1998),action crime thriller,1998,U.S. Marshals,3.0217391304347827,23,U.S. Marshals action crime thriller
29,1939,4.0,1362016593,"Best Years of Our Lives, The (1946)",drama war,1946,"Best Years of Our Lives, The",4.0625,8,"Best Years of Our Lives, The drama war"
29,1945,4.5,1307905911,On the Waterfront (1954),crime drama,1954,On the Waterfront,4.1875,24,On the Waterfront crime drama
29,2301,4.0,1307905970,History of the World: Part I (1981),comedy musical,1981,History of the World: Part I,3.625,16,History of the World: Part I comedy musical
29,3363,4.5,1362016600,American Graffiti (1973),comedy drama,1973,American Graffiti,3.8488372093023258,43,American Graffiti comedy drama
29,4980,2.0,1307906020,Bill & Ted's Bogus Journey (1991),adventure comedy fantasy sci-fi,1991,Bill & Ted's Bogus Journey,3.075,20,Bill & Ted's Bogus Journey adventure comedy fantasy sci-fi
29,7156,4.5,1307906727,"Fog of War: Eleven Lessons from the Life of Robert S. McNamara, The (2003)",documentary war,2003,"Fog of War: Eleven Lessons from the Life of Robert S. McNamara, The",4.307692307692308,13,"Fog of War: Eleven Lessons from the Life of Robert S. McNamara, The documentary war"
29,7379,3.5,1311834931,The Alamo (2004),drama war western,2004,The Alamo,3.5,6,The Alamo drama war western
29,26729,4.0,1308138832,Hearts of Darkness: A Filmmakers Apocalypse (1991),documentary,1991,Hearts of Darkness: A Filmmakers Apocalypse,3.8,5,Hearts of Darkness: A Filmmakers Apocalypse documentary
29,64620,4.5,1310804277,Frost/Nixon (2008),drama,2008,Frost/Nixon,3.9444444444444446,9,Frost/Nixon drama
29,87306,4.5,1309585079,Super 8 (2011),mystery sci-fi thriller imax,2011,Super 8,3.595238095238096,21,Super 8 mystery sci-fi thriller imax
29,98961,4.5,1362016565,Zero Dark Thirty (2012),action drama thriller,2012,Zero Dark Thirty,4.107142857142857,14,Zero Dark Thirty action drama thriller
30,96821,5.0,1500370373,"Perks of Being a Wallflower, The (2012)",drama romance,2012,"Perks of Being a Wallflower, The",3.825,20,"Perks of Being a Wallflower, The drama romance"
31,605,4.0,852207559,One Fine Day (1996),drama romance,1996,One Fine Day,3.0,10,One Fine Day drama romance
31,612,3.0,852208599,"Pallbearer, The (1996)",comedy,1996,"Pallbearer, The",2.5,6,"Pallbearer, The comedy"
31,1231,3.0,850467468,"Right Stuff, The (1983)",drama,1983,"Right Stuff, The",3.863636363636364,22,"Right Stuff, The drama"
31,1361,5.0,850466810,Paradise Lost: The Child Murders at Robin Hood Hills (1996),documentary,1996,Paradise Lost: The Child Murders at Robin Hood Hills,4.083333333333333,6,Paradise Lost: The Child Murders at Robin Hood Hills documentary
31,1363,5.0,850466810,"Preacher's Wife, The (1996)",drama,1996,"Preacher's Wife, The",3.5,5,"Preacher's Wife, The drama"
31,1393,3.0,852207084,Jerry Maguire (1996),drama romance,1996,Jerry Maguire,3.594117647058824,85,Jerry Maguire drama romance
32,74,4.0,856736316,Bed of Roses (1996),drama romance,1996,Bed of Roses,4.0,8,Bed of Roses drama romance
32,194,5.0,856737270,Smoke (1995),comedy drama,1995,Smoke,3.6666666666666665,18,Smoke comedy drama
32,203,4.0,856737166,"To Wong Foo, Thanks for Everything! Julie Newmar (1995)",comedy,1995,"To Wong Foo, Thanks for Everything! Julie Newmar",3.4318181818181817,22,"To Wong Foo, Thanks for Everything! Julie Newmar comedy"
32,246,4.0,856737338,Hoop Dreams (1994),documentary,1994,Hoop Dreams,4.293103448275862,29,Hoop Dreams documentary
32,471,3.0,856737165,"Hudsucker Proxy, The (1994)",comedy,1994,"Hudsucker Proxy, The",3.55,40,"Hudsucker Proxy, The comedy"
32,786,3.0,856736173,Eraser (1996),action drama thriller,1996,Eraser,3.109375,64,Eraser action drama thriller
32,1104,5.0,856737082,"Streetcar Named Desire, A (1951)",drama,1951,"Streetcar Named Desire, A",4.475,20,"Streetcar Named Desire, A drama"
32,1429,4.0,856736579,First Strike (Police Story 4: First Strike) (Ging chaat goo si 4: Ji gaan daan yam mo) (1996),action adventure comedy thriller,1996,First Strike (Police Story 4: First Strike) (Ging chaat goo si 4: Ji gaan daan yam mo),3.575,20,First Strike (Police Story 4: First Strike) (Ging chaat goo si 4: Ji gaan daan yam mo) action adventure comedy thriller
33,28,5.0,939654815,Persuasion (1995),drama romance,1995,Persuasion,4.227272727272728,11,Persuasion drama romance
33,94,4.0,939716218,Beautiful Girls (1996),comedy drama romance,1996,Beautiful Girls,3.95,10,Beautiful Girls comedy drama romance
33,249,3.0,939716778,Immortal Beloved (1994),drama romance,1994,Immortal Beloved,3.7222222222222223,18,Immortal Beloved drama romance
33,307,5.0,939715286,Three Colors: Blue (Trois couleurs: Bleu) (1993),drama,1993,Three Colors: Blue (Trois couleurs: Bleu),3.8958333333333335,24,Three Colors: Blue (Trois couleurs: Bleu) drama
33,308,4.0,939716559,Three Colors: White (Trzy kolory: Bialy) (1994),comedy drama,1994,Three Colors: White (Trzy kolory: Bialy),4.025,20,Three Colors: White (Trzy kolory: Bialy) comedy drama
33,322,2.0,939716829,Swimming with Sharks (1995),comedy drama,1995,Swimming with Sharks,3.55,10,Swimming with Sharks comedy drama
33,446,5.0,939716559,Farewell My Concubine (Ba wang bie ji) (1993),drama romance,1993,Farewell My Concubine (Ba wang bie ji),3.8333333333333335,9,Farewell My Concubine (Ba wang bie ji) drama romance
33,562,5.0,939715485,Welcome to the Dollhouse (1995),comedy drama,1995,Welcome to the Dollhouse,3.5434782608695654,23,Welcome to the Dollhouse comedy drama
33,580,1.0,939715414,Princess Caraboo (1994),drama,1994,Princess Caraboo,2.8,5,Princess Caraboo drama
33,613,5.0,939715859,Jane Eyre (1996),drama romance,1996,Jane Eyre,3.1875,8,Jane Eyre drama romance
33,805,1.0,939716819,"Time to Kill, A (1996)",drama thriller,1996,"Time to Kill, A",3.657142857142857,35,"Time to Kill, A drama thriller"
33,994,5.0,939646939,Big Night (1996),comedy drama,1996,Big Night,4.181818181818182,11,Big Night comedy drama
33,1027,3.0,939716819,Robin Hood: Prince of Thieves (1991),adventure drama,1991,Robin Hood: Prince of Thieves,3.017857142857143,28,Robin Hood: Prince of Thieves adventure drama
33,1056,4.0,939715955,Jude (1996),drama,1996,Jude,3.071428571428572,7,Jude drama
33,1177,3.0,939715369,Enchanted April (1992),drama romance,1992,Enchanted April,4.0,6,Enchanted April drama romance
33,1280,5.0,939716738,Raise the Red Lantern (Da hong deng long gao gao gua) (1991),drama,1991,Raise the Red Lantern (Da hong deng long gao gao gua),4.333333333333333,9,Raise the Red Lantern (Da hong deng long gao gao gua) drama
33,1365,3.0,939715749,Ridicule (1996),drama,1996,Ridicule,3.583333333333333,6,Ridicule drama
33,1399,2.0,939716472,Marvin's Room (1996),drama,1996,Marvin's Room,3.1,5,Marvin's Room drama
33,1446,5.0,939648134,Kolya (Kolja) (1996),comedy drama,1996,Kolya (Kolja),4.428571428571429,7,Kolya (Kolja) comedy drama
33,1476,3.0,939715749,Private Parts (1997),comedy drama,1997,Private Parts,3.5384615384615383,26,Private Parts comedy drama
33,1487,3.0,939716855,Selena (1997),drama musical,1997,Selena,3.0,5,Selena drama musical
33,1537,4.0,939646982,Shall We Dance? (Shall We Dansu?) (1996),comedy drama romance,1996,Shall We Dance? (Shall We Dansu?),3.807692307692308,13,Shall We Dance? (Shall We Dansu?) comedy drama romance
33,1633,4.0,939715591,Ulee's Gold (1997),drama,1997,Ulee's Gold,4.0,5,Ulee's Gold drama
33,1643,3.0,939654896,"Mrs. Brown (a.k.a. Her Majesty, Mrs. Brown) (1997)",drama romance,1997,"Mrs. Brown (a.k.a. Her Majesty, Mrs. Brown)",3.8,5,"Mrs. Brown (a.k.a. Her Majesty, Mrs. Brown) drama romance"
33,1672,3.0,939715620,"Rainmaker, The (1997)",drama,1997,"Rainmaker, The",3.375,12,"Rainmaker, The drama"
33,1673,5.0,939715448,Boogie Nights (1997),drama,1997,Boogie Nights,4.076923076923077,39,Boogie Nights drama
33,1799,3.0,939715380,Suicide Kings (1997),comedy crime drama mystery thriller,1997,Suicide Kings,3.423076923076923,13,Suicide Kings comedy crime drama mystery thriller
33,1801,4.0,939715955,"Man in the Iron Mask, The (1998)",action adventure drama,1998,"Man in the Iron Mask, The",3.5,25,"Man in the Iron Mask, The action adventure drama"
33,2112,3.0,939716739,Grand Canyon (1991),crime drama,1991,Grand Canyon,3.1875,8,Grand Canyon crime drama
33,2357,5.0,939654747,Central Station (Central do Brasil) (1998),drama,1998,Central Station (Central do Brasil),4.416666666666667,6,Central Station (Central do Brasil) drama
33,2391,2.0,939646982,"Simple Plan, A (1998)",crime drama thriller,1998,"Simple Plan, A",3.7954545454545454,22,"Simple Plan, A crime drama thriller"
33,2443,3.0,939654747,Playing by Heart (1998),drama romance,1998,Playing by Heart,3.375,8,Playing by Heart drama romance
33,2501,2.0,939646784,October Sky (1999),drama,1999,October Sky,3.75,30,October Sky drama
33,2690,4.0,939718916,"Ideal Husband, An (1999)",comedy romance,1999,"Ideal Husband, An",3.7,10,"Ideal Husband, An comedy romance"
33,2875,4.0,939716738,Sommersby (1993),drama mystery romance,1993,Sommersby,2.95,10,Sommersby drama mystery romance
34,3997,2.0,1162050228,Dungeons & Dragons (2000),action adventure comedy fantasy,2000,Dungeons & Dragons,1.8333333333333333,12,Dungeons & Dragons action adventure comedy fantasy
34,5146,3.0,1163954882,Vampire Hunter D: Bloodlust (Banpaia hantâ D) (2000),animation fantasy horror sci-fi,2000,Vampire Hunter D: Bloodlust (Banpaia hantâ D),3.111111111111111,9,Vampire Hunter D: Bloodlust (Banpaia hantâ D) animation fantasy horror sci-fi
34,5449,2.0,1162050159,Mr. Deeds (2002),comedy romance,2002,Mr. Deeds,2.909090909090909,22,Mr. Deeds comedy romance
34,6242,3.5,1168811107,Ringu (Ring) (1998),horror mystery thriller,1998,Ringu (Ring),3.4545454545454546,11,Ringu (Ring) horror mystery thriller
34,6618,5.0,1166463958,Shaolin Soccer (Siu lam juk kau) (2001),action comedy,2001,Shaolin Soccer (Siu lam juk kau),3.823529411764706,17,Shaolin Soccer (Siu lam juk kau) action comedy
34,27801,5.0,1166463947,Ong-Bak: The Thai Warrior (Ong Bak) (2003),action thriller,2003,Ong-Bak: The Thai Warrior (Ong Bak),4.0,12,Ong-Bak: The Thai Warrior (Ong Bak) action thriller
34,44974,4.5,1166463868,Hard Candy (2005),drama thriller,2005,Hard Candy,3.5,12,Hard Candy drama thriller
36,544,3.0,1100803734,Striking Distance (1993),action crime,1993,Striking Distance,2.4375,8,Striking Distance action crime
36,2269,3.0,1100803893,Indecent Proposal (1993),drama romance,1993,Indecent Proposal,3.0,8,Indecent Proposal drama romance
36,2735,2.0,1100803683,"Golden Child, The (1986)",action adventure comedy fantasy mystery,1986,"Golden Child, The",2.71875,16,"Golden Child, The action adventure comedy fantasy mystery"
36,2794,3.0,1100803678,European Vacation (aka National Lampoon's European Vacation) (1985),adventure comedy romance,1985,European Vacation (aka National Lampoon's European Vacation),2.6333333333333333,15,European Vacation (aka National Lampoon's European Vacation) adventure comedy romance
36,3066,3.5,1100803882,Tora! Tora! Tora! (1970),action drama war,1970,Tora! Tora! Tora!,3.928571428571429,7,Tora! Tora! Tora! action drama war
36,3270,1.5,1100803853,"Cutting Edge, The (1992)",comedy drama romance,1992,"Cutting Edge, The",2.7916666666666665,12,"Cutting Edge, The comedy drama romance"
36,3347,4.5,1100803989,Never Cry Wolf (1983),adventure drama,1983,Never Cry Wolf,4.166666666666667,9,Never Cry Wolf adventure drama
36,3362,2.5,1100803617,Dog Day Afternoon (1975),crime drama,1975,Dog Day Afternoon,3.934210526315789,38,Dog Day Afternoon crime drama
36,3766,2.0,1100803862,Missing in Action (1984),action war,1984,Missing in Action,2.083333333333333,6,Missing in Action action war
36,3861,2.0,1100803848,"Replacements, The (2000)",comedy,2000,"Replacements, The",2.6842105263157894,19,"Replacements, The comedy"
36,4220,2.0,1100803825,"Longest Yard, The (1974)",comedy,1974,"Longest Yard, The",3.4,5,"Longest Yard, The comedy"
36,5093,2.5,1100803813,Collateral Damage (2002),action thriller,2002,Collateral Damage,2.7777777777777777,9,Collateral Damage action thriller
36,5312,4.0,1100803807,Murder by Numbers (2002),crime thriller,2002,Murder by Numbers,2.857142857142857,7,Murder by Numbers crime thriller
36,6662,3.0,1100803749,"Pink Panther, The (1963)",comedy crime,1963,"Pink Panther, The",3.4545454545454546,11,"Pink Panther, The comedy crime"
38,585,3.0,841341570,"Brady Bunch Movie, The (1995)",comedy,1995,"Brady Bunch Movie, The",2.736111111111111,36,"Brady Bunch Movie, The comedy"
39,3019,5.0,974787139,Drugstore Cowboy (1989),crime drama,1989,Drugstore Cowboy,4.15,10,Drugstore Cowboy crime drama
40,82,5.0,832060151,Antonia's Line (Antonia) (1995),comedy drama,1995,Antonia's Line (Antonia),3.875,8,Antonia's Line (Antonia) comedy drama
40,306,5.0,832059622,Three Colors: Red (Trois couleurs: Rouge) (1994),drama,1994,Three Colors: Red (Trois couleurs: Rouge),4.21875,16,Three Colors: Red (Trois couleurs: Rouge) drama
40,514,5.0,832060128,"Ref, The (1994)",comedy,1994,"Ref, The",3.4166666666666665,18,"Ref, The comedy"
41,3285,4.0,1458940228,"Beach, The (2000)",adventure drama,2000,"Beach, The",3.0625,32,"Beach, The adventure drama"
41,3968,4.0,1459368601,Bedazzled (2000),comedy,2000,Bedazzled,3.074074074074074,27,Bedazzled comedy
41,4890,3.0,1458940253,Shallow Hal (2001),comedy fantasy romance,2001,Shallow Hal,3.032258064516129,31,Shallow Hal comedy fantasy romance
41,6708,3.0,1459367590,Matchstick Men (2003),comedy crime drama,2003,Matchstick Men,3.7205882352941178,34,Matchstick Men comedy crime drama
41,6763,5.0,1459369045,Duplex (2003),comedy crime,2003,Duplex,2.4285714285714284,7,Duplex comedy crime
41,7173,5.0,1459368536,Along Came Polly (2004),comedy romance,2004,Along Came Polly,3.0416666666666665,24,Along Came Polly comedy romance
41,7444,2.5,1458940235,13 Going on 30 (2004),comedy fantasy romance,2004,13 Going on 30,3.1904761904761907,21,13 Going on 30 comedy fantasy romance
41,8981,4.0,1458943785,Closer (2004),drama romance,2004,Closer,3.71875,16,Closer drama romance
41,54001,0.5,1458939744,Harry Potter and the Order of the Phoenix (2007),adventure drama fantasy imax,2007,Harry Potter and the Order of the Phoenix,3.8620689655172415,58,Harry Potter and the Order of the Phoenix adventure drama fantasy imax
41,55280,4.0,1458939161,Lars and the Real Girl (2007),comedy drama,2007,Lars and the Real Girl,3.5625,8,Lars and the Real Girl comedy drama
41,56941,3.5,1458943261,P.S. I Love You (2007),comedy drama romance,2007,P.S. I Love You,3.090909090909091,11,P.S. I Love You comedy drama romance
41,59725,3.0,1458939414,Sex and the City (2008),comedy romance,2008,Sex and the City,2.409090909090909,11,Sex and the City comedy romance
41,61240,4.0,1458938969,Let the Right One In (Låt den rätte komma in) (2008),drama fantasy horror romance,2008,Let the Right One In (Låt den rätte komma in),3.911764705882353,17,Let the Right One In (Låt den rätte komma in) drama fantasy horror romance
41,65230,3.5,1458939371,Marley & Me (2008),comedy drama,2008,Marley & Me,3.142857142857143,14,Marley & Me comedy drama
41,71033,4.0,1459367490,"Secret in Their Eyes, The (El secreto de sus ojos) (2009)",crime drama mystery romance thriller,2009,"Secret in Their Eyes, The (El secreto de sus ojos)",3.857142857142857,7,"Secret in Their Eyes, The (El secreto de sus ojos) crime drama mystery romance thriller"
41,85774,1.0,1459367512,Senna (2010),documentary,2010,Senna,3.75,6,Senna documentary
41,86781,4.0,1459367523,Incendies (2010),drama mystery war,2010,Incendies,4.4,5,Incendies drama mystery war
41,87869,5.0,1459367663,Horrible Bosses (2011),comedy crime,2011,Horrible Bosses,3.4375,24,Horrible Bosses comedy crime
41,93840,2.0,1458943554,"Cabin in the Woods, The (2012)",comedy horror sci-fi thriller,2012,"Cabin in the Woods, The",4.0227272727272725,22,"Cabin in the Woods, The comedy horror sci-fi thriller"
41,96829,4.0,1458943201,"Hunt, The (Jagten) (2012)",drama,2012,"Hunt, The (Jagten)",4.3,10,"Hunt, The (Jagten) drama"
41,97921,4.0,1458939770,Silver Linings Playbook (2012),comedy drama,2012,Silver Linings Playbook,3.716666666666667,30,Silver Linings Playbook comedy drama
41,101525,3.0,1459368708,"Place Beyond the Pines, The (2012)",crime drama,2012,"Place Beyond the Pines, The",3.5,5,"Place Beyond the Pines, The crime drama"
41,111659,1.0,1458940199,Maleficent (2014),action adventure children imax,2014,Maleficent,2.75,16,Maleficent action adventure children imax
41,111921,4.0,1458938979,The Fault in Our Stars (2014),drama romance,2014,The Fault in Our Stars,3.388888888888889,9,The Fault in Our Stars drama romance
41,112290,3.5,1458943362,Boyhood (2014),drama,2014,Boyhood,3.823529411764706,17,Boyhood drama
41,115569,4.0,1458939768,Nightcrawler (2014),crime drama thriller,2014,Nightcrawler,4.166666666666667,18,Nightcrawler crime drama thriller
41,116897,5.0,1459367741,Wild Tales (2014),comedy drama thriller,2014,Wild Tales,4.25,10,Wild Tales comedy drama thriller
41,128360,4.0,1459367507,The Hateful Eight (2015),western,2015,The Hateful Eight,3.75,18,The Hateful Eight western
41,136864,0.5,1459367339,Batman v Superman: Dawn of Justice (2016),action adventure fantasy sci-fi,2016,Batman v Superman: Dawn of Justice,2.34375,16,Batman v Superman: Dawn of Justice action adventure fantasy sci-fi
42,122,3.0,996221451,Boomerang (1992),comedy romance,1992,Boomerang,2.65625,16,Boomerang comedy romance
42,144,4.0,996220026,"Brothers McMullen, The (1995)",comedy,1995,"Brothers McMullen, The",3.333333333333333,12,"Brothers McMullen, The comedy"
42,227,4.0,996221233,Drop Zone (1994),action thriller,1994,Drop Zone,2.863636363636364,22,Drop Zone action thriller
42,413,2.0,996221492,Airheads (1994),comedy,1994,Airheads,2.7884615384615383,26,Airheads comedy
42,433,4.0,996221323,Clean Slate (1994),comedy,1994,Clean Slate,2.75,8,Clean Slate comedy
42,436,4.0,996220726,Color of Night (1994),drama thriller,1994,Color of Night,2.571428571428572,7,Color of Night drama thriller
42,459,3.0,996220584,"Getaway, The (1994)",action adventure crime drama romance thriller,1994,"Getaway, The",2.25,6,"Getaway, The action adventure crime drama romance thriller"
42,550,5.0,996216357,Threesome (1994),comedy romance,1994,Threesome,3.4,5,Threesome comedy romance
42,782,3.0,996256258,"Fan, The (1996)",drama thriller,1996,"Fan, The",3.0,8,"Fan, The drama thriller"
42,1191,4.0,996220487,Madonna: Truth or Dare (1991),documentary musical,1991,Madonna: Truth or Dare,3.5,6,Madonna: Truth or Dare documentary musical
42,1343,3.0,996218222,Cape Fear (1991),thriller,1991,Cape Fear,3.78,25,Cape Fear thriller
42,1431,2.0,996215096,Beverly Hills Ninja (1997),action comedy,1997,Beverly Hills Ninja,2.46875,16,Beverly Hills Ninja action comedy
42,1468,2.0,996220933,Booty Call (1997),comedy romance,1997,Booty Call,2.6,5,Booty Call comedy romance
42,1488,4.0,996221045,"Devil's Own, The (1997)",action drama thriller,1997,"Devil's Own, The",2.833333333333333,15,"Devil's Own, The action drama thriller"
42,1513,3.0,996262592,Romy and Michele's High School Reunion (1997),comedy,1997,Romy and Michele's High School Reunion,2.9655172413793105,29,Romy and Michele's High School Reunion comedy
42,1667,2.0,996221092,Mad City (1997),action drama,1997,Mad City,2.1,5,Mad City action drama
42,1726,2.0,996221012,"Postman, The (1997)",action adventure drama sci-fi,1997,"Postman, The",2.6923076923076925,13,"Postman, The action adventure drama sci-fi"
42,1810,3.0,996220026,Primary Colors (1998),comedy drama,1998,Primary Colors,3.5,11,Primary Colors comedy drama
42,1835,4.0,996220726,City of Angels (1998),drama fantasy romance,1998,City of Angels,3.3823529411764706,17,City of Angels drama fantasy romance
42,1975,2.0,996260407,Friday the 13th Part 2 (1981),horror,1981,Friday the 13th Part 2,2.5,7,Friday the 13th Part 2 horror
42,1976,2.0,996260489,Friday the 13th Part 3: 3D (1982),horror,1982,Friday the 13th Part 3: 3D,2.2142857142857144,7,Friday the 13th Part 3: 3D horror
42,2146,4.0,996258824,St. Elmo's Fire (1985),drama romance,1985,St. Elmo's Fire,3.21875,16,St. Elmo's Fire drama romance
42,2155,3.0,996215096,"Slums of Beverly Hills, The (1998)",comedy drama,1998,"Slums of Beverly Hills, The",3.625,8,"Slums of Beverly Hills, The comedy drama"
42,2236,3.0,996218404,Simon Birch (1998),drama,1998,Simon Birch,3.0,9,Simon Birch drama
42,2297,4.0,996221323,What Dreams May Come (1998),adventure drama fantasy romance,1998,What Dreams May Come,3.642857142857143,14,What Dreams May Come adventure drama fantasy romance
42,2306,3.0,996256541,Holy Man (1998),comedy,1998,Holy Man,2.583333333333333,6,Holy Man comedy
42,2352,4.0,996258165,"Big Chill, The (1983)",comedy drama,1983,"Big Chill, The",3.84,25,"Big Chill, The comedy drama"
42,2404,2.0,996260446,Rambo III (1988),action adventure thriller war,1988,Rambo III,1.9166666666666667,12,Rambo III action adventure thriller war
42,2433,3.0,996220225,"Civil Action, A (1998)",drama,1998,"Civil Action, A",3.0454545454545454,11,"Civil Action, A drama"
42,2497,4.0,996221544,Message in a Bottle (1999),romance,1999,Message in a Bottle,2.9166666666666665,6,Message in a Bottle romance
42,2500,2.0,996221208,Jawbreaker (1999),comedy,1999,Jawbreaker,2.0,7,Jawbreaker comedy
42,2505,4.0,996255934,8MM (1999),drama mystery thriller,1999,8MM,2.9444444444444446,18,8MM drama mystery thriller
42,2568,4.0,996256809,"Mod Squad, The (1999)",action crime,1999,"Mod Squad, The",3.1875,8,"Mod Squad, The action crime"
42,2574,3.0,996256541,"Out-of-Towners, The (1999)",comedy,1999,"Out-of-Towners, The",2.0,6,"Out-of-Towners, The comedy"
42,2598,4.0,996221045,Pushing Tin (1999),comedy,1999,Pushing Tin,2.84,25,Pushing Tin comedy
42,2702,4.0,996213977,Summer of Sam (1999),drama,1999,Summer of Sam,3.4,15,Summer of Sam drama
42,2713,3.0,996262416,Lake Placid (1999),horror thriller,1999,Lake Placid,2.6666666666666665,12,Lake Placid horror thriller
42,2795,4.0,996258339,National Lampoon's Vacation (1983),comedy,1983,National Lampoon's Vacation,3.6538461538461537,26,National Lampoon's Vacation comedy
42,2796,4.0,996259372,Funny Farm (1988),comedy,1988,Funny Farm,2.590909090909091,11,Funny Farm comedy
42,2805,4.0,996262478,Mickey Blue Eyes (1999),comedy romance,1999,Mickey Blue Eyes,3.0,23,Mickey Blue Eyes comedy romance
42,2827,3.0,996262104,"Astronaut's Wife, The (1999)",horror sci-fi thriller,1999,"Astronaut's Wife, The",2.272727272727273,11,"Astronaut's Wife, The horror sci-fi thriller"
42,2861,4.0,996262322,For Love of the Game (1999),comedy drama,1999,For Love of the Game,3.375,8,For Love of the Game comedy drama
42,2871,5.0,996213931,Deliverance (1972),adventure drama thriller,1972,Deliverance,3.9,30,Deliverance adventure drama thriller
42,2890,4.0,996218615,Three Kings (1999),action adventure comedy drama war,1999,Three Kings,3.7111111111111112,45,Three Kings action adventure comedy drama war
42,2906,4.0,996256228,Random Hearts (1999),drama romance,1999,Random Hearts,2.571428571428572,7,Random Hearts drama romance
42,3098,4.0,996258272,"Natural, The (1984)",drama,1984,"Natural, The",3.6458333333333335,24,"Natural, The drama"
42,3177,2.0,996216613,Next Friday (2000),comedy,2000,Next Friday,3.25,6,Next Friday comedy
42,3186,4.0,996219899,"Girl, Interrupted (1999)",drama,1999,"Girl, Interrupted",3.4642857142857144,28,"Girl, Interrupted drama"
42,3208,2.0,996220162,Loaded Weapon 1 (National Lampoon's Loaded Weapon 1) (1993),action comedy,1993,Loaded Weapon 1 (National Lampoon's Loaded Weapon 1),2.1875,8,Loaded Weapon 1 (National Lampoon's Loaded Weapon 1) action comedy
42,3259,4.0,996219440,Far and Away (1992),adventure drama romance,1992,Far and Away,3.136363636363636,11,Far and Away adventure drama romance
42,3261,2.0,996218816,Singles (1992),comedy drama romance,1992,Singles,3.1818181818181817,11,Singles comedy drama romance
42,3298,4.0,996212969,Boiler Room (2000),crime drama thriller,2000,Boiler Room,3.7142857142857135,21,Boiler Room crime drama thriller
42,3552,4.0,996258468,Caddyshack (1980),comedy,1980,Caddyshack,3.826923076923077,52,Caddyshack comedy
42,3646,3.0,996213160,Big Momma's House (2000),comedy,2000,Big Momma's House,2.176470588235294,17,Big Momma's House comedy
42,3764,2.0,996221356,F/X2 (a.k.a. F/X 2 - The Deadly Art of Illusion) (1991),action crime thriller,1991,F/X2 (a.k.a. F/X 2 - The Deadly Art of Illusion),2.3,5,F/X2 (a.k.a. F/X 2 - The Deadly Art of Illusion) action crime thriller
42,3824,2.0,996217683,Autumn in New York (2000),drama romance,2000,Autumn in New York,2.409090909090909,11,Autumn in New York drama romance
42,3841,5.0,996256206,Air America (1990),action comedy,1990,Air America,2.833333333333333,6,Air America action comedy
42,3946,4.0,996217599,Get Carter (2000),action drama thriller,2000,Get Carter,2.5,5,Get Carter action drama thriller
42,3987,2.0,996217514,Bounce (2000),drama romance,2000,Bounce,2.4166666666666665,6,Bounce drama romance
42,4008,4.0,996258942,Born on the Fourth of July (1989),drama war,1989,Born on the Fourth of July,3.5384615384615383,13,Born on the Fourth of July drama war
42,4041,5.0,996258581,"Officer and a Gentleman, An (1982)",drama romance,1982,"Officer and a Gentleman, An",3.642857142857143,14,"Officer and a Gentleman, An drama romance"
42,4062,4.0,996258958,Mystic Pizza (1988),comedy drama romance,1988,Mystic Pizza,3.375,8,Mystic Pizza comedy drama romance
42,4084,4.0,996215096,Beverly Hills Cop II (1987),action comedy crime thriller,1987,Beverly Hills Cop II,2.8684210526315788,19,Beverly Hills Cop II action comedy crime thriller
42,4102,5.0,996258715,Eddie Murphy Raw (1987),comedy documentary,1987,Eddie Murphy Raw,3.5,6,Eddie Murphy Raw comedy documentary
42,4132,3.0,996260241,Mannequin (1987),comedy romance,1987,Mannequin,2.625,8,Mannequin comedy romance
42,4153,3.0,996216406,Down to Earth (2001),comedy fantasy romance,2001,Down to Earth,2.4166666666666665,12,Down to Earth comedy fantasy romance
42,4155,3.0,996216820,Sweet November (2001),drama romance,2001,Sweet November,3.3125,8,Sweet November drama romance
42,4280,4.0,996258536,"World According to Garp, The (1982)",comedy drama romance,1982,"World According to Garp, The",3.555555555555556,9,"World According to Garp, The comedy drama romance"
42,4321,5.0,996214645,City Slickers (1991),comedy western,1991,City Slickers,3.370967741935484,31,City Slickers comedy western
42,4322,4.0,996258299,Eight Men Out (1988),drama,1988,Eight Men Out,3.75,10,Eight Men Out drama
42,4333,1.0,996216379,Throw Momma from the Train (1987),comedy crime,1987,Throw Momma from the Train,3.2,10,Throw Momma from the Train comedy crime
42,4349,4.0,996216316,Catch-22 (1970),comedy war,1970,Catch-22,3.75,8,Catch-22 comedy war
42,4351,5.0,996214779,Point Break (1991),action crime thriller,1991,Point Break,3.25,16,Point Break action crime thriller
42,4359,4.0,996216210,"Seven Year Itch, The (1955)",comedy,1955,"Seven Year Itch, The",3.375,8,"Seven Year Itch, The comedy"
42,4361,3.0,996216063,Tootsie (1982),comedy romance,1982,Tootsie,3.421875,32,Tootsie comedy romance
42,4396,4.0,996259528,"Cannonball Run, The (1981)",action comedy,1981,"Cannonball Run, The",2.75,10,"Cannonball Run, The action comedy"
42,4477,2.0,996260446,Big Top Pee-Wee (1988),adventure children comedy,1988,Big Top Pee-Wee,1.9375,8,Big Top Pee-Wee adventure children comedy
42,4487,4.0,996260366,Cocktail (1988),drama romance,1988,Cocktail,2.9545454545454546,11,Cocktail drama romance
42,4509,5.0,996259334,"Great Outdoors, The (1988)",comedy,1988,"Great Outdoors, The",2.9,5,"Great Outdoors, The comedy"
42,4564,5.0,996258623,Always (1989),drama fantasy romance,1989,Always,2.833333333333333,6,Always drama fantasy romance
42,4623,4.0,996258272,Major League (1989),comedy,1989,Major League,3.575,20,Major League comedy
42,4654,3.0,996260295,Road House (1989),action drama,1989,Road House,2.7857142857142856,7,Road House action drama
42,4679,4.0,996258824,Uncle Buck (1989),comedy,1989,Uncle Buck,2.8846153846153846,13,Uncle Buck comedy
43,57,5.0,848994678,Home for the Holidays (1995),drama,1995,Home for the Holidays,3.0625,8,Home for the Holidays drama
43,259,4.0,848994678,Kiss of Death (1995),crime drama thriller,1995,Kiss of Death,3.2,5,Kiss of Death crime drama thriller
43,519,5.0,848994479,RoboCop 3 (1993),action crime drama sci-fi thriller,1993,RoboCop 3,2.4047619047619047,21,RoboCop 3 action crime drama sci-fi thriller
43,828,5.0,848995086,"Adventures of Pinocchio, The (1996)",adventure children,1996,"Adventures of Pinocchio, The",3.333333333333333,6,"Adventures of Pinocchio, The adventure children"
44,18,4.0,869252115,Four Rooms (1995),comedy,1995,Four Rooms,3.7,20,Four Rooms comedy
44,663,4.0,869252142,Kids in the Hall: Brain Candy (1996),comedy,1996,Kids in the Hall: Brain Candy,3.2916666666666665,12,Kids in the Hall: Brain Candy comedy
44,737,5.0,869252012,Barb Wire (1996),action sci-fi,1996,Barb Wire,2.65,20,Barb Wire action sci-fi
44,833,2.0,869252237,High School High (1996),comedy,1996,High School High,2.0,6,High School High comedy
44,836,3.0,869252163,Chain Reaction (1996),action adventure thriller,1996,Chain Reaction,2.8823529411764706,17,Chain Reaction action adventure thriller
45,69,3.0,951170141,Friday (1995),comedy,1995,Friday,3.775,20,Friday comedy
45,934,3.0,950724757,Father of the Bride (1950),comedy,1950,Father of the Bride,3.25,12,Father of the Bride comedy
45,1005,2.0,951170710,D3: The Mighty Ducks (1996),children comedy,1996,D3: The Mighty Ducks,2.1875,8,D3: The Mighty Ducks children comedy
45,1033,4.0,959625102,"Fox and the Hound, The (1981)",animation children drama,1981,"Fox and the Hound, The",3.575,20,"Fox and the Hound, The animation children drama"
45,1390,2.0,951170422,My Fellow Americans (1996),comedy,1996,My Fellow Americans,2.6666666666666665,9,My Fellow Americans comedy
45,1442,4.0,1021412164,Prefontaine (1997),drama,1997,Prefontaine,3.5,5,Prefontaine drama
45,1615,3.0,950740452,"Edge, The (1997)",adventure drama,1997,"Edge, The",3.0,11,"Edge, The adventure drama"
45,1753,4.0,950724820,Half Baked (1998),comedy,1998,Half Baked,3.59375,16,Half Baked comedy
45,1769,3.0,1020803185,"Replacement Killers, The (1998)",action crime thriller,1998,"Replacement Killers, The",2.9285714285714284,14,"Replacement Killers, The action crime thriller"
45,1863,2.0,959625167,Major League: Back to the Minors (1998),comedy,1998,Major League: Back to the Minors,2.4285714285714284,7,Major League: Back to the Minors comedy
45,1866,5.0,1020803145,"Big Hit, The (1998)",action comedy crime,1998,"Big Hit, The",2.9285714285714284,7,"Big Hit, The action comedy crime"
45,2042,3.0,951170693,D2: The Mighty Ducks (1994),children comedy,1994,D2: The Mighty Ducks,2.583333333333333,6,D2: The Mighty Ducks children comedy
45,2064,4.0,1020802309,Roger & Me (1989),documentary,1989,Roger & Me,3.838709677419355,31,Roger & Me documentary
45,2106,5.0,1034343884,Swing Kids (1993),drama war,1993,Swing Kids,3.7,5,Swing Kids drama war
45,2124,4.0,951170445,"Addams Family, The (1991)",children comedy fantasy,1991,"Addams Family, The",3.289473684210526,38,"Addams Family, The children comedy fantasy"
45,2195,4.0,951170509,Dirty Work (1998),comedy,1998,Dirty Work,3.2142857142857144,7,Dirty Work comedy
45,2431,5.0,951170595,Patch Adams (1998),comedy drama,1998,Patch Adams,3.3703703703703702,27,Patch Adams comedy drama
45,2504,4.0,951170710,200 Cigarettes (1999),comedy drama,1999,200 Cigarettes,3.1666666666666665,6,200 Cigarettes comedy drama
45,2718,3.0,1007995016,Drop Dead Gorgeous (1999),comedy,1999,Drop Dead Gorgeous,3.2,10,Drop Dead Gorgeous comedy
45,2731,4.0,950723478,"400 Blows, The (Les quatre cents coups) (1959)",crime drama,1959,"400 Blows, The (Les quatre cents coups)",4.0,12,"400 Blows, The (Les quatre cents coups) crime drama"
45,3004,3.0,1020803365,"Bachelor, The (1999)",comedy romance,1999,"Bachelor, The",2.5454545454545454,11,"Bachelor, The comedy romance"
45,3196,4.0,1021412195,Stalag 17 (1953),drama war,1953,Stalag 17,3.7222222222222223,9,Stalag 17 drama war
45,3249,3.0,950740266,"Hand That Rocks the Cradle, The (1992)",drama thriller,1992,"Hand That Rocks the Cradle, The",3.111111111111111,9,"Hand That Rocks the Cradle, The drama thriller"
45,3268,1.0,950740376,Stop! Or My Mom Will Shoot (1992),action comedy,1992,Stop! Or My Mom Will Shoot,1.7727272727272727,11,Stop! Or My Mom Will Shoot action comedy
45,3274,3.0,950740361,Single White Female (1992),drama thriller,1992,Single White Female,3.375,12,Single White Female drama thriller
45,3385,2.0,959625116,Volunteers (1985),comedy,1985,Volunteers,2.8125,8,Volunteers comedy
45,4104,1.0,1034344018,Ernest Goes to Camp (1987),comedy,1987,Ernest Goes to Camp,1.4,5,Ernest Goes to Camp comedy
45,4958,4.0,1057007334,Behind Enemy Lines (2001),action drama war,2001,Behind Enemy Lines,3.25,20,Behind Enemy Lines action drama war
45,4974,4.0,1021412001,Not Another Teen Movie (2001),comedy,2001,Not Another Teen Movie,2.571428571428572,14,Not Another Teen Movie comedy
45,5151,4.0,1020802436,40 Days and 40 Nights (2002),comedy romance,2002,40 Days and 40 Nights,3.0,18,40 Days and 40 Nights comedy romance
45,5220,2.0,1091306318,Showtime (2002),action comedy,2002,Showtime,2.4,10,Showtime action comedy
45,5283,5.0,1020802436,National Lampoon's Van Wilder (2002),comedy,2002,National Lampoon's Van Wilder,2.909090909090909,22,National Lampoon's Van Wilder comedy
45,5308,3.0,1020802747,Three Men and a Baby (1987),comedy,1987,Three Men and a Baby,2.8157894736842106,19,Three Men and a Baby comedy
45,5500,5.0,1034343884,Top Secret! (1984),comedy,1984,Top Secret!,4.2,10,Top Secret! comedy
45,5528,5.0,1034343599,One Hour Photo (2002),drama thriller,2002,One Hour Photo,3.473684210526316,19,One Hour Photo drama thriller
45,5568,2.0,1034343884,Johnny Dangerously (1984),comedy,1984,Johnny Dangerously,2.857142857142857,7,Johnny Dangerously comedy
45,5582,3.0,1034344038,Captain Ron (1992),adventure comedy,1992,Captain Ron,2.6875,8,Captain Ron adventure comedy
45,5585,1.0,1034344038,Ernest Scared Stupid (1991),comedy,1991,Ernest Scared Stupid,2.083333333333333,6,Ernest Scared Stupid comedy
45,33495,3.0,1121724217,Kicking & Screaming (2005),comedy,2005,Kicking & Screaming,2.642857142857143,7,Kicking & Screaming comedy
45,53993,4.5,1193288839,Evan Almighty (2007),comedy fantasy,2007,Evan Almighty,2.5384615384615383,13,Evan Almighty comedy fantasy
47,2121,2.5,1496206299,Cujo (1983),horror thriller,1983,Cujo,2.2142857142857144,7,Cujo horror thriller
47,2942,2.5,1496205903,Flashdance (1983),drama romance,1983,Flashdance,2.875,16,Flashdance drama romance
47,3844,4.0,1496206137,Steel Magnolias (1989),drama,1989,Steel Magnolias,3.333333333333333,9,Steel Magnolias drama
47,3969,3.5,1496209586,Pay It Forward (2000),drama,2000,Pay It Forward,3.4423076923076925,26,Pay It Forward drama
47,4474,3.5,1496210466,Beaches (1988),comedy drama musical,1988,Beaches,2.9,5,Beaches comedy drama musical
47,4975,3.0,1496212057,Vanilla Sky (2001),mystery romance sci-fi thriller,2001,Vanilla Sky,3.4204545454545454,44,Vanilla Sky mystery romance sci-fi thriller
47,5108,4.0,1496209895,John Q (2002),crime drama thriller,2002,John Q,2.909090909090909,11,John Q crime drama thriller
47,6765,3.0,1496210188,Under the Tuscan Sun (2003),comedy drama romance,2003,Under the Tuscan Sun,3.2777777777777777,9,Under the Tuscan Sun comedy drama romance
47,7160,3.0,1496209397,Monster (2003),crime drama,2003,Monster,3.5294117647058822,17,Monster crime drama
47,8966,4.0,1496206531,Kinsey (2004),drama,2004,Kinsey,3.125,8,Kinsey drama
47,45950,3.0,1496206910,"Inconvenient Truth, An (2006)",documentary,2006,"Inconvenient Truth, An",3.576923076923077,13,"Inconvenient Truth, An documentary"
47,47423,5.0,1496205761,Half Nelson (2006),drama,2006,Half Nelson,4.0,5,Half Nelson drama
47,51931,5.0,1496205747,Reign Over Me (2007),drama,2007,Reign Over Me,4.1,5,Reign Over Me drama
47,53894,3.5,1496206905,Sicko (2007),documentary drama,2007,Sicko,3.7142857142857135,14,Sicko documentary drama
47,63876,3.0,1496205658,Milk (2008),drama,2008,Milk,3.5454545454545454,11,Milk drama
47,79242,3.0,1496209581,"Kids Are All Right, The (2010)",comedy drama,2010,"Kids Are All Right, The",2.9166666666666665,6,"Kids Are All Right, The comedy drama"
47,96811,4.0,1496207286,End of Watch (2012),crime drama thriller,2012,End of Watch,3.9166666666666665,6,End of Watch crime drama thriller
47,97923,4.0,1496206766,Flight (2012),drama,2012,Flight,3.5,9,Flight drama
47,100383,3.5,1496208216,Side Effects (2013),crime drama mystery thriller,2013,Side Effects,3.9166666666666665,6,Side Effects crime drama mystery thriller
47,106100,4.0,1496205277,Dallas Buyers Club (2013),drama,2013,Dallas Buyers Club,3.9705882352941178,17,Dallas Buyers Club drama
47,108729,3.0,1496205645,Enemy (2013),mystery thriller,2013,Enemy,3.5,7,Enemy mystery thriller
47,117881,4.0,1496206585,Still Alice (2014),drama,2014,Still Alice,3.8,5,Still Alice drama
47,140174,2.5,1496205483,Room (2015),drama,2015,Room,3.5625,8,Room drama
47,140715,4.0,1496207354,Straight Outta Compton (2015),drama,2015,Straight Outta Compton,4.214285714285714,7,Straight Outta Compton drama
47,146656,3.5,1496209516,Creed (2015),drama,2015,Creed,3.75,8,Creed drama
47,159817,3.0,1496206867,Planet Earth (2006),documentary,2006,Planet Earth,4.214285714285714,7,Planet Earth documentary
47,163645,3.0,1496205601,Hacksaw Ridge (2016),drama war,2016,Hacksaw Ridge,3.9375,8,Hacksaw Ridge drama war
47,166643,3.0,1496205070,Hidden Figures (2016),drama,2016,Hidden Figures,3.8,10,Hidden Figures drama
47,171011,3.0,1496206929,Planet Earth II (2016),documentary,2016,Planet Earth II,4.2,5,Planet Earth II documentary
48,1320,4.0,1127128731,Alien³ (a.k.a. Alien 3) (1992),action horror sci-fi thriller,1992,Alien³ (a.k.a. Alien 3),3.148936170212766,47,Alien³ (a.k.a. Alien 3) action horror sci-fi thriller
48,5882,4.0,1127128941,Treasure Planet (2002),adventure animation children sci-fi imax,2002,Treasure Planet,3.5625,8,Treasure Planet adventure animation children sci-fi imax
48,8371,4.0,1127128944,"Chronicles of Riddick, The (2004)",action sci-fi thriller,2004,"Chronicles of Riddick, The",3.3043478260869565,23,"Chronicles of Riddick, The action sci-fi thriller"
50,909,3.0,1514239063,"Apartment, The (1960)",comedy drama romance,1960,"Apartment, The",3.962962962962963,27,"Apartment, The comedy drama romance"
50,1251,4.5,1534178801,8 1/2 (8½) (1963),drama fantasy,1963,8 1/2 (8½),4.071428571428571,14,8 1/2 (8½) drama fantasy
50,1273,3.0,1514239272,Down by Law (1986),comedy drama film-noir,1986,Down by Law,4.045454545454546,11,Down by Law comedy drama film-noir
50,1289,3.0,1514239232,Koyaanisqatsi (a.k.a. Koyaanisqatsi: Life Out of Balance) (1983),documentary,1983,Koyaanisqatsi (a.k.a. Koyaanisqatsi: Life Out of Balance),3.863636363636364,11,Koyaanisqatsi (a.k.a. Koyaanisqatsi: Life Out of Balance) documentary
50,2553,3.0,1514239563,Village of the Damned (1960),horror sci-fi thriller,1960,Village of the Damned,3.083333333333333,6,Village of the Damned horror sci-fi thriller
50,2732,4.0,1518168679,Jules and Jim (Jules et Jim) (1961),drama romance,1961,Jules and Jim (Jules et Jim),4.5,5,Jules and Jim (Jules et Jim) drama romance
50,2925,3.5,1518168145,"Conformist, The (Conformista, Il) (1970)",drama,1970,"Conformist, The (Conformista, Il)",4.1,5,"Conformist, The (Conformista, Il) drama"
50,3221,3.5,1518168495,"Draughtsman's Contract, The (1982)",drama,1982,"Draughtsman's Contract, The",3.7,5,"Draughtsman's Contract, The drama"
50,3730,4.0,1525359104,"Conversation, The (1974)",drama mystery,1974,"Conversation, The",4.205882352941177,17,"Conversation, The drama mystery"
50,4914,4.0,1518168710,Breathless (À bout de souffle) (1960),crime drama romance,1960,Breathless (À bout de souffle),3.9375,8,Breathless (À bout de souffle) crime drama romance
50,5004,3.0,1527106283,"Party, The (1968)",comedy,1968,"Party, The",3.5,7,"Party, The comedy"
50,5810,2.0,1514239019,8 Mile (2002),drama,2002,8 Mile,3.292682926829268,41,8 Mile drama
50,6663,3.0,1514239570,"Pink Panther Strikes Again, The (1976)",comedy crime,1976,"Pink Panther Strikes Again, The",3.4,5,"Pink Panther Strikes Again, The comedy crime"
50,6666,3.5,1518168593,"Discreet Charm of the Bourgeoisie, The (Charme discret de la bourgeoisie, Le) (1972)",comedy drama fantasy,1972,"Discreet Charm of the Bourgeoisie, The (Charme discret de la bourgeoisie, Le)",4.3,5,"Discreet Charm of the Bourgeoisie, The (Charme discret de la bourgeoisie, Le) comedy drama fantasy"
50,6975,3.5,1518002159,Funny Games (1997),drama horror thriller,1997,Funny Games,3.2,5,Funny Games drama horror thriller
50,7063,3.5,1517426075,"Aguirre: The Wrath of God (Aguirre, der Zorn Gottes) (1972)",adventure drama,1972,"Aguirre: The Wrath of God (Aguirre, der Zorn Gottes)",4.0,8,"Aguirre: The Wrath of God (Aguirre, der Zorn Gottes) adventure drama"
50,7247,3.0,1527542377,Chitty Chitty Bang Bang (1968),adventure children comedy fantasy musical,1968,Chitty Chitty Bang Bang,3.4545454545454546,11,Chitty Chitty Bang Bang adventure children comedy fantasy musical
50,7327,4.0,1525359178,Persona (1966),drama,1966,Persona,3.75,6,Persona drama
50,7396,4.0,1527106160,Scenes From a Marriage (Scener ur ett äktenskap) (1973),drama,1973,Scenes From a Marriage (Scener ur ett äktenskap),4.0,7,Scenes From a Marriage (Scener ur ett äktenskap) drama
50,7700,4.0,1514239814,"Wages of Fear, The (Salaire de la peur, Le) (1953)",action adventure drama thriller,1953,"Wages of Fear, The (Salaire de la peur, Le)",3.3,5,"Wages of Fear, The (Salaire de la peur, Le) action adventure drama thriller"
50,8157,3.0,1514239905,Jin Roh: The Wolf Brigade (Jin-Rô) (1998),animation fantasy thriller,1998,Jin Roh: The Wolf Brigade (Jin-Rô),3.5,5,Jin Roh: The Wolf Brigade (Jin-Rô) animation fantasy thriller
50,8253,3.5,1523750949,Lupin III: The Castle Of Cagliostro (Rupan sansei: Kariosutoro no shiro) (1979),action adventure animation comedy crime mystery,1979,Lupin III: The Castle Of Cagliostro (Rupan sansei: Kariosutoro no shiro),3.4,5,Lupin III: The Castle Of Cagliostro (Rupan sansei: Kariosutoro no shiro) action adventure animation comedy crime mystery
50,8879,3.0,1527542396,Murder on the Orient Express (1974),crime mystery thriller,1974,Murder on the Orient Express,3.25,6,Murder on the Orient Express crime mystery thriller
50,26258,4.0,1529600330,"Topo, El (1970)",fantasy western,1970,"Topo, El",3.9,5,"Topo, El fantasy western"
50,27156,4.0,1518168703,"Neon Genesis Evangelion: The End of Evangelion (Shin seiki Evangelion Gekijô-ban: Air/Magokoro wo, kimi ni) (1997)",action animation drama fantasy sci-fi,1997,"Neon Genesis Evangelion: The End of Evangelion (Shin seiki Evangelion Gekijô-ban: Air/Magokoro wo, kimi ni)",4.3,5,"Neon Genesis Evangelion: The End of Evangelion (Shin seiki Evangelion Gekijô-ban: Air/Magokoro wo, kimi ni) action animation drama fantasy sci-fi"
50,32898,3.5,1525359162,"Trip to the Moon, A (Voyage dans la lune, Le) (1902)",action adventure fantasy sci-fi,1902,"Trip to the Moon, A (Voyage dans la lune, Le)",3.5,5,"Trip to the Moon, A (Voyage dans la lune, Le) action adventure fantasy sci-fi"
50,45880,2.5,1527370934,Marie Antoinette (2006),drama romance,2006,Marie Antoinette,3.1923076923076925,13,Marie Antoinette drama romance
50,52885,3.0,1527370859,Paprika (Papurika) (2006),animation mystery sci-fi,2006,Paprika (Papurika),3.7777777777777777,9,Paprika (Papurika) animation mystery sci-fi
50,62336,3.5,1514239750,FLCL (2000),animation comedy fantasy sci-fi,2000,FLCL,4.277777777777778,9,FLCL animation comedy fantasy sci-fi
50,62644,2.5,1514239684,"Wave, The (Welle, Die) (2008)",drama,2008,"Wave, The (Welle, Die)",3.571428571428572,7,"Wave, The (Welle, Die) drama"
50,79224,2.0,1514239549,"Karate Kid, The (2010)",action children drama,2010,"Karate Kid, The",2.5,8,"Karate Kid, The action children drama"
50,81562,2.0,1514239099,127 Hours (2010),adventure drama thriller,2010,127 Hours,3.8333333333333335,18,127 Hours adventure drama thriller
50,90522,1.5,1514239853,Johnny English Reborn (2011),adventure comedy thriller,2011,Johnny English Reborn,3.0,6,Johnny English Reborn adventure comedy thriller
50,90746,2.5,1514239373,"Adventures of Tintin, The (2011)",action animation mystery imax,2011,"Adventures of Tintin, The",3.5,12,"Adventures of Tintin, The action animation mystery imax"
50,91094,1.5,1514239769,"Muppets, The (2011)",children comedy musical,2011,"Muppets, The",2.6,10,"Muppets, The children comedy musical"
50,93326,1.0,1514239674,This Means War (2012),action comedy romance,2012,This Means War,2.636363636363636,11,This Means War action comedy romance
50,97225,2.0,1527108237,Hotel Transylvania (2012),animation children comedy,2012,Hotel Transylvania,3.409090909090909,11,Hotel Transylvania animation children comedy
50,97304,3.5,1500673964,Argo (2012),drama thriller,2012,Argo,3.982142857142857,28,Argo drama thriller
50,100498,1.0,1514239763,"Good Day to Die Hard, A (2013)",action crime thriller imax,2013,"Good Day to Die Hard, A",2.083333333333333,6,"Good Day to Die Hard, A action crime thriller imax"
50,104913,2.5,1514239233,Rush (2013),action drama,2013,Rush,3.8181818181818175,11,Rush action drama
50,122898,0.5,1514240068,Justice League (2017),action adventure sci-fi,2017,Justice League,2.5,6,Justice League action adventure sci-fi
50,134170,2.5,1514239803,Kung Fury (2015),action comedy fantasy sci-fi,2015,Kung Fury,3.7142857142857135,7,Kung Fury action comedy fantasy sci-fi
50,135143,2.0,1514239413,Fantastic Beasts and Where to Find Them (2016),fantasy,2016,Fantastic Beasts and Where to Find Them,3.678571428571429,14,Fantastic Beasts and Where to Find Them fantasy
50,137857,2.0,1514239521,The Jungle Book (2016),adventure drama fantasy,2016,The Jungle Book,3.636363636363636,11,The Jungle Book adventure drama fantasy
50,139644,3.0,1527108261,Sicario (2015),crime drama mystery,2015,Sicario,3.5454545454545454,11,Sicario crime drama mystery
50,140928,2.5,1514239918,Joy (2015),comedy drama,2015,Joy,3.2,5,Joy comedy drama
50,142448,2.0,1527108368,Everest (2015),adventure drama thriller,2015,Everest,3.083333333333333,6,Everest adventure drama thriller
50,143859,2.0,1514239713,"Hail, Caesar! (2016)",comedy,2016,"Hail, Caesar!",2.8125,8,"Hail, Caesar! comedy"
50,149406,2.0,1514239641,Kung Fu Panda 3 (2016),action adventure animation,2016,Kung Fu Panda 3,3.375,8,Kung Fu Panda 3 action adventure animation
50,170705,3.5,1514498530,Band of Brothers (2001),action drama war,2001,Band of Brothers,4.285714285714286,7,Band of Brothers action drama war
50,174055,2.5,1518168647,Dunkirk (2017),action drama thriller war,2017,Dunkirk,3.423076923076923,13,Dunkirk action drama thriller war
51,482,3.5,1230930599,Killing Zoe (1994),crime drama thriller,1994,Killing Zoe,3.625,8,Killing Zoe crime drama thriller
51,522,3.5,1230931540,Romper Stomper (1992),action drama,1992,Romper Stomper,3.2857142857142856,7,Romper Stomper action drama
51,781,4.0,1230931517,Stealing Beauty (1996),drama,1996,Stealing Beauty,3.5,7,Stealing Beauty drama
51,1011,1.5,1230931465,Herbie Rides Again (1974),children comedy fantasy romance,1974,Herbie Rides Again,2.9375,8,Herbie Rides Again children comedy fantasy romance
51,1014,0.5,1230931457,Pollyanna (1960),children comedy drama,1960,Pollyanna,2.9,5,Pollyanna children comedy drama
51,1235,5.0,1230929688,Harold and Maude (1971),comedy drama romance,1971,Harold and Maude,4.288461538461538,26,Harold and Maude comedy drama romance
51,1244,4.0,1230932469,Manhattan (1979),comedy drama romance,1979,Manhattan,4.106060606060606,33,Manhattan comedy drama romance
51,1301,4.5,1230930497,Forbidden Planet (1956),drama sci-fi,1956,Forbidden Planet,3.807692307692308,13,Forbidden Planet drama sci-fi
51,1350,4.5,1230930492,"Omen, The (1976)",horror mystery thriller,1976,"Omen, The",3.8181818181818175,22,"Omen, The horror mystery thriller"
51,1873,5.0,1230930420,"Misérables, Les (1998)",crime drama romance war,1998,"Misérables, Les",3.75,10,"Misérables, Les crime drama romance war"
51,1997,5.0,1230932340,"Exorcist, The (1973)",horror mystery,1973,"Exorcist, The",3.80188679245283,53,"Exorcist, The horror mystery"
51,2159,4.0,1230931281,Henry: Portrait of a Serial Killer (1986),crime horror thriller,1986,Henry: Portrait of a Serial Killer,3.928571428571429,7,Henry: Portrait of a Serial Killer crime horror thriller
51,2183,5.0,1230931271,"Man Who Knew Too Much, The (1956)",adventure drama mystery thriller,1956,"Man Who Knew Too Much, The",3.555555555555556,9,"Man Who Knew Too Much, The adventure drama mystery thriller"
51,2322,4.0,1230931259,Soldier (1998),action sci-fi war,1998,Soldier,3.0625,8,Soldier action sci-fi war
51,2356,3.5,1230931244,Celebrity (1998),comedy,1998,Celebrity,2.6,5,Celebrity comedy
51,2379,2.0,1230930339,Police Academy 2: Their First Assignment (1985),comedy crime,1985,Police Academy 2: Their First Assignment,2.458333333333333,12,Police Academy 2: Their First Assignment comedy crime
51,2380,1.5,1230930332,Police Academy 3: Back in Training (1986),comedy crime,1986,Police Academy 3: Back in Training,2.3,10,Police Academy 3: Back in Training comedy crime
51,2408,3.0,1230931220,Cocoon: The Return (1988),comedy sci-fi,1988,Cocoon: The Return,2.333333333333333,9,Cocoon: The Return comedy sci-fi
51,2454,4.0,1230930306,"Fly, The (1958)",horror mystery sci-fi,1958,"Fly, The",3.3846153846153846,13,"Fly, The horror mystery sci-fi"
51,2524,3.5,1230931190,"Towering Inferno, The (1974)",action adventure drama thriller,1974,"Towering Inferno, The",3.2222222222222223,9,"Towering Inferno, The action adventure drama thriller"
51,2533,3.5,1230930298,Escape from the Planet of the Apes (1971),action sci-fi,1971,Escape from the Planet of the Apes,3.0,15,Escape from the Planet of the Apes action sci-fi
51,2613,5.0,1230931181,Night of the Comet (1984),comedy horror sci-fi,1984,Night of the Comet,2.875,8,Night of the Comet comedy horror sci-fi
51,2664,4.0,1230930279,Invasion of the Body Snatchers (1956),horror sci-fi thriller,1956,Invasion of the Body Snatchers,3.769230769230769,13,Invasion of the Body Snatchers horror sci-fi thriller
51,2752,2.5,1230931151,Outrageous Fortune (1987),comedy mystery,1987,Outrageous Fortune,2.8125,8,Outrageous Fortune comedy mystery
51,3115,5.0,1230932108,Flawless (1999),drama,1999,Flawless,4.0,5,Flawless drama
51,3148,5.0,1230930214,"Cider House Rules, The (1999)",drama,1999,"Cider House Rules, The",3.75,26,"Cider House Rules, The drama"
51,3388,5.0,1230931053,Harry and the Hendersons (1987),children comedy,1987,Harry and the Hendersons,2.5454545454545454,11,Harry and the Hendersons children comedy
51,3614,3.5,1230931040,Honeymoon in Vegas (1992),comedy romance,1992,Honeymoon in Vegas,2.9375,8,Honeymoon in Vegas comedy romance
51,3799,0.5,1231041340,Pokémon the Movie 2000 (2000),animation children,2000,Pokémon the Movie 2000,1.5833333333333333,6,Pokémon the Movie 2000 animation children
51,3814,5.0,1230931031,Love and Death (1975),comedy,1975,Love and Death,4.222222222222222,9,Love and Death comedy
51,3917,5.0,1230931019,Hellraiser (1987),horror,1987,Hellraiser,3.3666666666666667,15,Hellraiser horror
51,3918,5.0,1230931003,Hellbound: Hellraiser II (1988),horror,1988,Hellbound: Hellraiser II,3.2777777777777777,9,Hellbound: Hellraiser II horror
51,3959,4.5,1230930118,"Time Machine, The (1960)",action adventure sci-fi,1960,"Time Machine, The",3.625,8,"Time Machine, The action adventure sci-fi"
51,4215,3.5,1230930980,Revenge of the Nerds II: Nerds in Paradise (1987),comedy,1987,Revenge of the Nerds II: Nerds in Paradise,2.083333333333333,6,Revenge of the Nerds II: Nerds in Paradise comedy
51,4241,0.5,1231041335,Pokémon 3: The Movie (2001),animation children,2001,Pokémon 3: The Movie,2.1,5,Pokémon 3: The Movie animation children
51,4255,4.0,1230930967,Freddy Got Fingered (2001),comedy,2001,Freddy Got Fingered,2.2,10,Freddy Got Fingered comedy
51,4267,4.5,1230930972,One Night at McCool's (2001),comedy,2001,One Night at McCool's,3.4,5,One Night at McCool's comedy
51,4291,2.0,1230930955,Nine to Five (a.k.a. 9 to 5) (1980),comedy crime,1980,Nine to Five (a.k.a. 9 to 5),2.727272727272727,11,Nine to Five (a.k.a. 9 to 5) comedy crime
51,4340,2.5,1230930946,"Animal, The (2001)",comedy,2001,"Animal, The",2.136363636363636,11,"Animal, The comedy"
51,4437,5.0,1230931996,Suspiria (1977),horror,1977,Suspiria,3.9375,8,Suspiria horror
51,4464,4.0,1230930939,"Accidental Tourist, The (1988)",comedy drama romance,1988,"Accidental Tourist, The",3.6,5,"Accidental Tourist, The comedy drama romance"
51,4508,3.5,1230930925,Gorillas in the Mist (1988),drama,1988,Gorillas in the Mist,3.5,8,Gorillas in the Mist drama
51,4591,3.0,1230931975,Erik the Viking (1989),adventure comedy fantasy,1989,Erik the Viking,3.0,5,Erik the Viking adventure comedy fantasy
51,4713,5.0,1230930916,Altered States (1980),drama sci-fi,1980,Altered States,3.571428571428572,7,Altered States drama sci-fi
51,4876,3.0,1230930898,Thirteen Ghosts (a.k.a. Thir13en Ghosts) (2001),horror thriller,2001,Thirteen Ghosts (a.k.a. Thir13en Ghosts),2.458333333333333,12,Thirteen Ghosts (a.k.a. Thir13en Ghosts) horror thriller
51,4971,4.0,1230931950,Moscow on the Hudson (1984),comedy drama,1984,Moscow on the Hudson,3.1,5,Moscow on the Hudson comedy drama
51,4992,4.5,1230930016,Kate & Leopold (2001),comedy romance,2001,Kate & Leopold,3.2058823529411766,17,Kate & Leopold comedy romance
51,5040,3.0,1230930881,Conan the Destroyer (1984),action adventure fantasy,1984,Conan the Destroyer,3.125,8,Conan the Destroyer action adventure fantasy
51,5339,3.5,1230931932,Husbands and Wives (1992),comedy drama,1992,Husbands and Wives,3.9166666666666665,6,Husbands and Wives comedy drama
51,5505,4.0,1230930858,"Good Girl, The (2002)",comedy drama,2002,"Good Girl, The",3.208333333333333,12,"Good Girl, The comedy drama"
51,6323,4.5,1230929957,Identity (2003),crime horror mystery thriller,2003,Identity,3.6818181818181817,22,Identity crime horror mystery thriller
51,6659,4.0,1230929951,Tremors (1990),comedy horror sci-fi,1990,Tremors,3.4375,16,Tremors comedy horror sci-fi
51,6793,2.0,1230930814,Beethoven (1992),children comedy drama,1992,Beethoven,1.7727272727272727,11,Beethoven children comedy drama
51,6873,5.0,1230930808,Intolerable Cruelty (2003),comedy romance,2003,Intolerable Cruelty,3.175,20,Intolerable Cruelty comedy romance
51,6880,0.5,1230930802,"Texas Chainsaw Massacre, The (2003)",horror,2003,"Texas Chainsaw Massacre, The",1.8571428571428568,7,"Texas Chainsaw Massacre, The horror"
51,7004,3.0,1230929941,Kindergarten Cop (1990),action comedy crime thriller,1990,Kindergarten Cop,2.8823529411764706,17,Kindergarten Cop action comedy crime thriller
51,7007,3.5,1230930787,"Last Boy Scout, The (1991)",action comedy crime drama thriller,1991,"Last Boy Scout, The",3.5,8,"Last Boy Scout, The action comedy crime drama thriller"
51,7163,2.5,1230930775,Paycheck (2003),action sci-fi thriller,2003,Paycheck,2.911764705882353,17,Paycheck action sci-fi thriller
51,7757,3.5,1230931776,Jason and the Argonauts (1963),action adventure fantasy,1963,Jason and the Argonauts,3.5,6,Jason and the Argonauts action adventure fantasy
51,7983,5.0,1230931767,Broadway Danny Rose (1984),comedy,1984,Broadway Danny Rose,4.2,5,Broadway Danny Rose comedy
51,8623,3.5,1230930734,Roxanne (1987),comedy romance,1987,Roxanne,3.272727272727273,11,Roxanne comedy romance
51,26680,3.5,1230931737,Cry-Baby (1990),comedy musical romance,1990,Cry-Baby,3.8,5,Cry-Baby comedy musical romance
51,34338,5.0,1230930704,"Aristocrats, The (2005)",comedy documentary,2005,"Aristocrats, The",3.35,10,"Aristocrats, The comedy documentary"
51,39414,4.0,1230931702,Shopgirl (2005),comedy drama romance,2005,Shopgirl,3.0,7,Shopgirl comedy drama romance
51,42723,5.0,1230931696,Hostel (2005),horror,2005,Hostel,2.863636363636364,11,Hostel horror
51,45666,3.5,1230931675,Nacho Libre (2006),comedy,2006,Nacho Libre,2.4642857142857144,14,Nacho Libre comedy
51,48877,5.0,1230931664,Saw III (2006),crime horror thriller,2006,Saw III,3.0454545454545454,11,Saw III crime horror thriller
51,52722,3.5,1230930672,Spider-Man 3 (2007),action adventure sci-fi thriller imax,2007,Spider-Man 3,3.0,44,Spider-Man 3 action adventure sci-fi thriller imax
51,60487,5.0,1231040478,"It's the Great Pumpkin, Charlie Brown (1966)",animation children comedy,1966,"It's the Great Pumpkin, Charlie Brown",3.8,5,"It's the Great Pumpkin, Charlie Brown animation children comedy"
52,33646,3.0,1468052132,"Longest Yard, The (2005)",comedy drama,2005,"Longest Yard, The",3.111111111111111,9,"Longest Yard, The comedy drama"
52,50794,4.5,1468052163,Smokin' Aces (2006),action crime drama thriller,2006,Smokin' Aces,3.1,10,Smokin' Aces action crime drama thriller
52,51077,3.0,1468052071,Ghost Rider (2007),action fantasy thriller,2007,Ghost Rider,2.25,12,Ghost Rider action fantasy thriller
52,52245,4.0,1468052054,Blades of Glory (2007),comedy romance,2007,Blades of Glory,3.088235294117647,17,Blades of Glory comedy romance
52,54995,5.0,1468052032,Planet Terror (2007),action horror sci-fi,2007,Planet Terror,3.7954545454545454,22,Planet Terror action horror sci-fi
52,54999,5.0,1468052123,Shoot 'Em Up (2007),action comedy crime,2007,Shoot 'Em Up,3.458333333333333,12,Shoot 'Em Up action comedy crime
52,56801,3.0,1468052142,AVPR: Aliens vs. Predator - Requiem (2007),action horror sci-fi,2007,AVPR: Aliens vs. Predator - Requiem,2.583333333333333,6,AVPR: Aliens vs. Predator - Requiem action horror sci-fi
52,65514,3.5,1468051786,Ip Man (2008),action drama war,2008,Ip Man,3.95,10,Ip Man action drama war
52,69481,4.0,1468051955,"Hurt Locker, The (2008)",action drama thriller war,2008,"Hurt Locker, The",4.0588235294117645,34,"Hurt Locker, The action drama thriller war"
52,93721,5.0,1468051494,Jiro Dreams of Sushi (2011),documentary,2011,Jiro Dreams of Sushi,4.1,5,Jiro Dreams of Sushi documentary
52,93838,3.5,1468051249,The Raid: Redemption (2011),action crime,2011,The Raid: Redemption,4.333333333333333,9,The Raid: Redemption action crime
52,110501,5.0,1468051253,The Raid 2: Berandal (2014),action crime thriller,2014,The Raid 2: Berandal,3.928571428571429,7,The Raid 2: Berandal action crime thriller
53,748,5.0,1237748062,"Arrival, The (1996)",action sci-fi thriller,1996,"Arrival, The",3.113636363636364,22,"Arrival, The action sci-fi thriller"
53,916,5.0,1237748102,Roman Holiday (1953),comedy drama romance,1953,Roman Holiday,4.057692307692308,26,Roman Holiday comedy drama romance
53,1125,5.0,1237748096,"Return of the Pink Panther, The (1975)",comedy crime,1975,"Return of the Pink Panther, The",3.6875,24,"Return of the Pink Panther, The comedy crime"
53,1982,5.0,1237748071,Halloween (1978),horror,1978,Halloween,3.7222222222222223,27,Halloween horror
55,1293,4.0,1312747695,Gandhi (1982),drama,1982,Gandhi,3.8333333333333335,27,Gandhi drama
57,198,3.0,965798823,Strange Days (1995),action crime drama mystery sci-fi thriller,1995,Strange Days,3.25,28,Strange Days action crime drama mystery sci-fi thriller
57,473,2.0,965799622,In the Army Now (1994),comedy war,1994,In the Army Now,1.8571428571428568,7,In the Army Now comedy war
57,707,2.0,972175326,Mulholland Falls (1996),crime drama thriller,1996,Mulholland Falls,2.880952380952381,21,Mulholland Falls crime drama thriller
57,728,3.0,965797129,Cold Comfort Farm (1995),comedy,1995,Cold Comfort Farm,3.5,10,Cold Comfort Farm comedy
57,861,4.0,969754432,Supercop (Police Story 3: Supercop) (Jing cha gu shi III: Chao ji jing cha) (1992),action comedy crime thriller,1992,Supercop (Police Story 3: Supercop) (Jing cha gu shi III: Chao ji jing cha),3.8333333333333335,9,Supercop (Police Story 3: Supercop) (Jing cha gu shi III: Chao ji jing cha) action comedy crime thriller
57,942,4.0,965796495,Laura (1944),crime film-noir mystery,1944,Laura,4.333333333333333,6,Laura crime film-noir mystery
57,951,4.0,969753168,His Girl Friday (1940),comedy romance,1940,His Girl Friday,4.392857142857143,14,His Girl Friday comedy romance
57,955,5.0,965795869,Bringing Up Baby (1938),comedy romance,1938,Bringing Up Baby,3.861111111111111,18,Bringing Up Baby comedy romance
57,1184,3.0,972174314,Mediterraneo (1991),comedy drama,1991,Mediterraneo,3.928571428571429,7,Mediterraneo comedy drama
57,1254,4.0,965795869,"Treasure of the Sierra Madre, The (1948)",action adventure drama western,1948,"Treasure of the Sierra Madre, The",3.65625,16,"Treasure of the Sierra Madre, The action adventure drama western"
57,1268,3.0,972174580,Pump Up the Volume (1990),comedy drama,1990,Pump Up the Volume,3.611111111111111,9,Pump Up the Volume comedy drama
57,1277,3.0,965796563,Cyrano de Bergerac (1990),comedy drama romance,1990,Cyrano de Bergerac,4.125,12,Cyrano de Bergerac comedy drama romance
57,1388,2.0,969754810,Jaws 2 (1978),horror thriller,1978,Jaws 2,2.617647058823529,17,Jaws 2 horror thriller
57,1416,3.0,972175478,Evita (1996),drama musical,1996,Evita,3.4166666666666665,12,Evita drama musical
57,1498,2.0,972172370,Inventing the Abbotts (1997),drama romance,1997,Inventing the Abbotts,3.0,5,Inventing the Abbotts drama romance
57,1646,1.0,972175891,RocketMan (a.k.a. Rocket Man) (1997),children comedy romance sci-fi,1997,RocketMan (a.k.a. Rocket Man),2.142857142857143,7,RocketMan (a.k.a. Rocket Man) children comedy romance sci-fi
57,1858,3.0,969754683,Mr. Nice Guy (Yat goh ho yan) (1997),action comedy,1997,Mr. Nice Guy (Yat goh ho yan),2.5625,8,Mr. Nice Guy (Yat goh ho yan) action comedy
57,1912,2.0,969754290,Out of Sight (1998),comedy crime drama romance thriller,1998,Out of Sight,3.859375,32,Out of Sight comedy crime drama romance thriller
57,2009,4.0,965798759,Soylent Green (1973),drama mystery sci-fi thriller,1973,Soylent Green,3.473684210526316,19,Soylent Green drama mystery sci-fi thriller
57,2067,5.0,965796605,Doctor Zhivago (1965),drama romance war,1965,Doctor Zhivago,4.142857142857143,21,Doctor Zhivago drama romance war
57,2202,5.0,965796793,Lifeboat (1944),drama war,1944,Lifeboat,4.357142857142857,7,Lifeboat drama war
57,2289,3.0,969753274,"Player, The (1992)",comedy crime drama,1992,"Player, The",3.947368421052632,38,"Player, The comedy crime drama"
57,2429,1.0,972175536,Mighty Joe Young (1998),action adventure drama fantasy thriller,1998,Mighty Joe Young,2.8,5,Mighty Joe Young action adventure drama fantasy thriller
57,2476,3.0,965799591,Heartbreak Ridge (1986),action war,1986,Heartbreak Ridge,3.75,12,Heartbreak Ridge action war
57,2759,4.0,965797341,Dick (1999),comedy,1999,Dick,3.5,8,Dick comedy
57,2917,4.0,965796748,Body Heat (1981),crime thriller,1981,Body Heat,4.0,10,Body Heat crime thriller
57,2922,4.0,965798574,Hang 'Em High (1968),crime drama western,1968,Hang 'Em High,3.6,5,Hang 'Em High crime drama western
57,2935,4.0,965795785,"Lady Eve, The (1941)",comedy romance,1941,"Lady Eve, The",4.0,8,"Lady Eve, The comedy romance"
57,2961,2.0,972175310,"Story of Us, The (1999)",comedy drama,1999,"Story of Us, The",2.4,5,"Story of Us, The comedy drama"
57,3045,4.0,965797484,Peter's Friends (1992),comedy drama,1992,Peter's Friends,3.6,5,Peter's Friends comedy drama
57,3334,5.0,965796471,Key Largo (1948),crime drama film-noir thriller,1948,Key Largo,4.2,10,Key Largo crime drama film-noir thriller
57,3426,3.0,972174885,Jungle Fever (1991),drama romance,1991,Jungle Fever,3.071428571428572,7,Jungle Fever drama romance
57,3494,5.0,965798591,True Grit (1969),adventure drama western,1969,True Grit,4.0,6,True Grit adventure drama western
57,3507,4.0,969753458,"Odd Couple, The (1968)",comedy,1968,"Odd Couple, The",4.066666666666666,15,"Odd Couple, The comedy"
57,3593,1.0,965799070,Battlefield Earth (2000),action sci-fi,2000,Battlefield Earth,1.6578947368421053,19,Battlefield Earth action sci-fi
57,3632,4.0,965796405,Monsieur Verdoux (1947),comedy crime,1947,Monsieur Verdoux,4.0,5,Monsieur Verdoux comedy crime
57,3811,4.0,965799445,Breaker Morant (1980),drama war,1980,Breaker Morant,3.928571428571429,7,Breaker Morant drama war
58,280,5.0,847719231,Murder in the First (1995),drama thriller,1995,Murder in the First,4.076923076923077,13,Murder in the First drama thriller
59,928,5.0,953610381,Rebecca (1940),drama mystery romance thriller,1940,Rebecca,4.166666666666667,18,Rebecca drama mystery romance thriller
59,1797,5.0,953610854,Everest (1998),documentary imax,1998,Everest,4.25,6,Everest documentary imax
59,1944,4.0,953609954,From Here to Eternity (1953),drama romance war,1953,From Here to Eternity,3.954545454545455,11,From Here to Eternity drama romance war
59,2020,5.0,953610464,Dangerous Liaisons (1988),drama romance,1988,Dangerous Liaisons,4.0,25,Dangerous Liaisons drama romance
59,3461,4.0,953608665,Lord of the Flies (1963),adventure drama thriller,1963,Lord of the Flies,3.0384615384615383,13,Lord of the Flies adventure drama thriller
59,3498,5.0,953608691,Midnight Express (1978),drama,1978,Midnight Express,4.0,8,Midnight Express drama
59,3504,4.0,953608726,Network (1976),comedy drama,1976,Network,4.0227272727272725,22,Network comedy drama
59,6460,5.0,953608991,"Trial, The (Procès, Le) (1962)",drama,1962,"Trial, The (Procès, Le)",4.9,5,"Trial, The (Procès, Le) drama"
60,2739,4.0,1393541977,"Color Purple, The (1985)",drama,1985,"Color Purple, The",3.9166666666666665,12,"Color Purple, The drama"
62,6058,3.5,1525555043,Final Destination 2 (2003),horror thriller,2003,Final Destination 2,3.05,10,Final Destination 2 horror thriller
62,6541,3.5,1525553960,"League of Extraordinary Gentlemen, The (a.k.a. LXG) (2003)",action fantasy sci-fi,2003,"League of Extraordinary Gentlemen, The (a.k.a. LXG)",2.625,32,"League of Extraordinary Gentlemen, The (a.k.a. LXG) action fantasy sci-fi"
62,6564,3.5,1525554328,Lara Croft Tomb Raider: The Cradle of Life (2003),action adventure comedy romance thriller,2003,Lara Croft Tomb Raider: The Cradle of Life,2.647058823529412,17,Lara Croft Tomb Raider: The Cradle of Life action adventure comedy romance thriller
62,27660,4.5,1525554402,"Animatrix, The (2003)",action animation drama sci-fi,2003,"Animatrix, The",3.7,20,"Animatrix, The action animation drama sci-fi"
62,27706,4.0,1526248533,Lemony Snicket's A Series of Unfortunate Events (2004),adventure children comedy fantasy,2004,Lemony Snicket's A Series of Unfortunate Events,3.16,25,Lemony Snicket's A Series of Unfortunate Events adventure children comedy fantasy
62,27808,4.0,1525554894,Spanglish (2004),comedy drama romance,2004,Spanglish,3.363636363636364,11,Spanglish comedy drama romance
62,48043,3.0,1521931853,"Fountain, The (2006)",drama fantasy romance,2006,"Fountain, The",3.5,14,"Fountain, The drama fantasy romance"
62,49649,1.5,1523047091,Eragon (2006),action adventure fantasy,2006,Eragon,2.333333333333333,12,Eragon action adventure fantasy
62,51086,3.5,1522349468,"Number 23, The (2007)",drama mystery thriller,2007,"Number 23, The",2.9285714285714284,14,"Number 23, The drama mystery thriller"
62,59501,4.0,1525637504,"Chronicles of Narnia: Prince Caspian, The (2008)",adventure children fantasy,2008,"Chronicles of Narnia: Prince Caspian, The",3.5416666666666665,12,"Chronicles of Narnia: Prince Caspian, The adventure children fantasy"
62,60072,3.5,1521490159,Wanted (2008),action thriller,2008,Wanted,3.159090909090909,22,Wanted action thriller
62,60126,3.0,1527004227,Get Smart (2008),action comedy,2008,Get Smart,3.46875,16,Get Smart action comedy
62,63072,4.0,1522533605,"Road, The (2009)",adventure drama thriller,2009,"Road, The",3.888888888888889,9,"Road, The adventure drama thriller"
62,67734,4.0,1523045470,Adventureland (2009),comedy drama,2009,Adventureland,3.333333333333333,15,Adventureland comedy drama
62,68554,4.0,1521490070,Angels & Demons (2009),crime drama mystery thriller,2009,Angels & Demons,3.264705882352941,17,Angels & Demons crime drama mystery thriller
62,78105,3.5,1523788888,Prince of Persia: The Sands of Time (2010),action adventure fantasy romance imax,2010,Prince of Persia: The Sands of Time,2.8846153846153846,13,Prince of Persia: The Sands of Time action adventure fantasy romance imax
62,79357,4.5,1526076526,Mr. Nobody (2009),drama fantasy romance sci-fi,2009,Mr. Nobody,4.142857142857143,7,Mr. Nobody drama fantasy romance sci-fi
62,80693,4.0,1522190556,It's Kind of a Funny Story (2010),comedy drama,2010,It's Kind of a Funny Story,3.1875,8,It's Kind of a Funny Story comedy drama
62,82461,2.0,1523786551,Tron: Legacy (2010),action adventure sci-fi imax,2010,Tron: Legacy,3.236842105263158,19,Tron: Legacy action adventure sci-fi imax
62,86911,4.0,1523788875,"Hangover Part II, The (2011)",comedy,2011,"Hangover Part II, The",3.2666666666666666,15,"Hangover Part II, The comedy"
62,87430,3.5,1525555156,Green Lantern (2011),action adventure sci-fi,2011,Green Lantern,2.35,10,Green Lantern action adventure sci-fi
62,89492,4.0,1521489573,Moneyball (2011),drama,2011,Moneyball,3.8846153846153846,26,Moneyball drama
62,89864,4.5,1521489672,50/50 (2011),comedy drama,2011,50/50,3.631578947368421,19,50/50 comedy drama
62,90866,3.5,1522265959,Hugo (2011),children drama mystery,2011,Hugo,3.75,18,Hugo children drama mystery
62,96861,3.5,1529611221,Taken 2 (2012),action crime drama thriller,2012,Taken 2,3.2857142857142856,7,Taken 2 action crime drama thriller
62,99149,4.0,1524172811,"Misérables, Les (2012)",drama musical romance imax,2012,"Misérables, Les",3.5,7,"Misérables, Les drama musical romance imax"
62,102123,4.0,1523788935,This Is the End (2013),action comedy,2013,This Is the End,3.2142857142857144,14,This Is the End action comedy
62,103042,3.5,1525555304,Man of Steel (2013),action adventure fantasy sci-fi imax,2013,Man of Steel,3.2954545454545454,22,Man of Steel action adventure fantasy sci-fi imax
62,103341,4.0,1522190324,"World's End, The (2013)",action comedy sci-fi,2013,"World's End, The",3.4166666666666665,18,"World's End, The action comedy sci-fi"
62,106002,3.0,1523788866,Ender's Game (2013),action adventure sci-fi imax,2013,Ender's Game,3.4375,16,Ender's Game action adventure sci-fi imax
62,107348,4.0,1528934997,Anchorman 2: The Legend Continues (2013),comedy,2013,Anchorman 2: The Legend Continues,3.363636363636364,11,Anchorman 2: The Legend Continues comedy
62,107406,4.0,1521489944,Snowpiercer (2013),action drama sci-fi,2013,Snowpiercer,3.4285714285714284,21,Snowpiercer action drama sci-fi
62,111360,4.0,1524950167,Lucy (2014),action sci-fi,2014,Lucy,2.821428571428572,14,Lucy action sci-fi
62,114662,4.0,1521490183,American Sniper (2014),action war,2014,American Sniper,3.8,15,American Sniper action war
62,114935,5.0,1521489139,Predestination (2014),action mystery sci-fi thriller,2014,Predestination,3.9,10,Predestination action mystery sci-fi thriller
62,115210,4.5,1522190590,Fury (2014),action drama war,2014,Fury,3.769230769230769,13,Fury action drama war
62,118696,4.0,1523111252,The Hobbit: The Battle of the Five Armies (2014),adventure fantasy,2014,The Hobbit: The Battle of the Five Armies,3.4166666666666665,18,The Hobbit: The Battle of the Five Armies adventure fantasy
62,143355,3.5,1521490047,Wonder Woman (2017),action adventure fantasy,2017,Wonder Woman,3.3076923076923075,13,Wonder Woman action adventure fantasy
62,158966,4.5,1526076371,Captain Fantastic (2016),drama,2016,Captain Fantastic,4.5,5,Captain Fantastic drama
62,161131,4.0,1521490226,War Dogs (2016),comedy,2016,War Dogs,3.625,8,War Dogs comedy
62,166534,4.5,1521490038,Split (2017),drama horror thriller,2017,Split,3.333333333333333,6,Split drama horror thriller
62,168250,4.0,1521490524,Get Out (2017),horror,2017,Get Out,3.633333333333333,15,Get Out horror
62,171763,4.0,1523048763,Baby Driver (2017),action crime thriller,2017,Baby Driver,4.333333333333333,9,Baby Driver action crime thriller
62,175303,4.0,1521490145,It (2017),horror,2017,It,3.333333333333333,9,It horror
62,179401,3.5,1528934530,Jumanji: Welcome to the Jungle (2017),action adventure children,2017,Jumanji: Welcome to the Jungle,3.6666666666666665,6,Jumanji: Welcome to the Jungle action adventure children
62,179819,3.5,1523048605,Star Wars: The Last Jedi (2017),action adventure fantasy sci-fi,2017,Star Wars: The Last Jedi,3.125,12,Star Wars: The Last Jedi action adventure fantasy sci-fi
62,187595,4.0,1528934550,Solo: A Star Wars Story (2018),action adventure children sci-fi,2018,Solo: A Star Wars Story,3.9,5,Solo: A Star Wars Story action adventure children sci-fi
63,1202,4.0,1443200054,Withnail & I (1987),comedy,1987,Withnail & I,3.857142857142857,7,Withnail & I comedy
63,1965,4.5,1443200361,Repo Man (1984),comedy sci-fi,1984,Repo Man,3.380952380952381,21,Repo Man comedy sci-fi
63,3088,4.0,1443199884,Harvey (1950),comedy fantasy,1950,Harvey,3.8333333333333335,12,Harvey comedy fantasy
63,4105,3.0,1443200241,"Evil Dead, The (1981)",fantasy horror thriller,1981,"Evil Dead, The",3.8181818181818175,22,"Evil Dead, The fantasy horror thriller"
63,6104,5.0,1443348557,Monty Python Live at the Hollywood Bowl (1982),comedy,1982,Monty Python Live at the Hollywood Bowl,4.166666666666667,9,Monty Python Live at the Hollywood Bowl comedy
63,7022,2.5,1443200819,Battle Royale (Batoru rowaiaru) (2000),action drama horror thriller,2000,Battle Royale (Batoru rowaiaru),3.933333333333333,30,Battle Royale (Batoru rowaiaru) action drama horror thriller
63,7132,4.0,1443201026,"Night at the Opera, A (1935)",comedy musical romance,1935,"Night at the Opera, A",4.111111111111111,9,"Night at the Opera, A comedy musical romance"
63,7387,2.0,1443200109,Dawn of the Dead (1978),action drama horror,1978,Dawn of the Dead,3.975,20,Dawn of the Dead action drama horror
63,7980,4.5,1443200182,"Bridge Too Far, A (1977)",action drama war,1977,"Bridge Too Far, A",3.7857142857142856,7,"Bridge Too Far, A action drama war"
63,8376,2.5,1443200716,Napoleon Dynamite (2004),comedy,2004,Napoleon Dynamite,3.324324324324324,37,Napoleon Dynamite comedy
63,8873,3.0,1443199994,"Motorcycle Diaries, The (Diarios de motocicleta) (2004)",adventure drama,2004,"Motorcycle Diaries, The (Diarios de motocicleta)",3.796296296296296,27,"Motorcycle Diaries, The (Diarios de motocicleta) adventure drama"
63,27846,3.5,1443348599,"Corporation, The (2003)",documentary,2003,"Corporation, The",3.9,10,"Corporation, The documentary"
63,27904,4.0,1443200293,"Scanner Darkly, A (2006)",animation drama mystery sci-fi thriller,2006,"Scanner Darkly, A",3.613636363636364,22,"Scanner Darkly, A animation drama mystery sci-fi thriller"
63,30810,2.5,1443200208,"Life Aquatic with Steve Zissou, The (2004)",adventure comedy fantasy,2004,"Life Aquatic with Steve Zissou, The",3.4864864864864864,37,"Life Aquatic with Steve Zissou, The adventure comedy fantasy"
63,45728,4.0,1443200332,Clerks II (2006),comedy,2006,Clerks II,3.8846153846153846,13,Clerks II comedy
63,53000,2.0,1443729640,28 Weeks Later (2007),horror sci-fi thriller,2007,28 Weeks Later,3.595238095238096,21,28 Weeks Later horror sci-fi thriller
63,54259,3.5,1443200858,Stardust (2007),adventure comedy fantasy romance,2007,Stardust,3.602941176470588,34,Stardust adventure comedy fantasy romance
63,64285,4.5,1443348584,Wallace and Gromit in 'A Matter of Loaf and Death' (2008),animation comedy,2008,Wallace and Gromit in 'A Matter of Loaf and Death',3.7,5,Wallace and Gromit in 'A Matter of Loaf and Death' animation comedy
63,67997,4.0,1443348576,In the Loop (2009),comedy,2009,In the Loop,4.3,5,In the Loop comedy
63,77800,5.0,1443200243,Four Lions (2010),comedy drama,2010,Four Lions,4.0,5,Four Lions comedy drama
63,86504,3.0,1443200524,Voices from the List (2004),documentary,2004,Voices from the List,4.3,5,Voices from the List documentary
63,89753,5.0,1443348544,Tinker Tailor Soldier Spy (2011),drama film-noir thriller,2011,Tinker Tailor Soldier Spy,3.8125,8,Tinker Tailor Soldier Spy drama film-noir thriller
63,89904,5.0,1443735569,The Artist (2011),comedy drama romance,2011,The Artist,4.045454545454546,11,The Artist comedy drama romance
63,92535,5.0,1443290392,Louis C.K.: Live at the Beacon Theater (2011),comedy,2011,Louis C.K.: Live at the Beacon Theater,4.3,10,Louis C.K.: Live at the Beacon Theater comedy
63,95858,4.0,1443201027,For the Birds (2000),animation children comedy,2000,For the Birds,3.9,5,For the Birds animation children comedy
63,98491,5.0,1443200999,Paperman (2012),animation comedy romance,2012,Paperman,4.375,8,Paperman animation comedy romance
64,968,3.5,1161536420,Night of the Living Dead (1968),horror sci-fi thriller,1968,Night of the Living Dead,3.75,28,Night of the Living Dead horror sci-fi thriller
64,1096,5.0,1161536367,Sophie's Choice (1982),drama,1982,Sophie's Choice,4.05,10,Sophie's Choice drama
64,1762,4.0,1161564556,Deep Rising (1998),action horror sci-fi,1998,Deep Rising,2.3,5,Deep Rising action horror sci-fi
64,1889,3.5,1161530830,Insomnia (1997),drama mystery thriller,1997,Insomnia,3.75,8,Insomnia drama mystery thriller
64,2313,4.5,1161620683,"Elephant Man, The (1980)",drama,1980,"Elephant Man, The",4.029411764705882,17,"Elephant Man, The drama"
64,3041,3.5,1161565558,Meatballs Part II (1984),comedy,1984,Meatballs Part II,2.083333333333333,6,Meatballs Part II comedy
64,4023,1.0,1161565992,"Family Man, The (2000)",comedy drama romance,2000,"Family Man, The",3.130434782608696,23,"Family Man, The comedy drama romance"
64,4128,5.0,1161559899,"Lost Boys, The (1987)",comedy horror thriller,1987,"Lost Boys, The",3.7115384615384617,26,"Lost Boys, The comedy horror thriller"
64,4380,5.0,1161531072,"Princess and the Warrior, The (Krieger und die Kaiserin, Der) (2000)",drama romance,2000,"Princess and the Warrior, The (Krieger und die Kaiserin, Der)",3.857142857142857,7,"Princess and the Warrior, The (Krieger und die Kaiserin, Der) drama romance"
64,4448,3.5,1161565729,"Score, The (2001)",action drama,2001,"Score, The",3.55,20,"Score, The action drama"
64,5026,4.0,1161530549,"Brotherhood of the Wolf (Pacte des loups, Le) (2001)",action mystery thriller,2001,"Brotherhood of the Wolf (Pacte des loups, Le)",3.821428571428572,14,"Brotherhood of the Wolf (Pacte des loups, Le) action mystery thriller"
64,5225,4.0,1161559879,And Your Mother Too (Y tu mamá también) (2001),drama romance,2001,And Your Mother Too (Y tu mamá también),3.952380952380953,21,And Your Mother Too (Y tu mamá también) drama romance
64,5291,4.5,1161531091,Rashomon (Rashômon) (1950),crime drama mystery,1950,Rashomon (Rashômon),3.9444444444444446,18,Rashomon (Rashômon) crime drama mystery
64,5690,5.0,1161530765,Grave of the Fireflies (Hotaru no haka) (1988),animation drama war,1988,Grave of the Fireflies (Hotaru no haka),4.15625,16,Grave of the Fireflies (Hotaru no haka) animation drama war
64,5878,3.5,1161531238,Talk to Her (Hable con Ella) (2002),drama romance,2002,Talk to Her (Hable con Ella),4.035714285714286,14,Talk to Her (Hable con Ella) drama romance
64,5954,4.5,1161565626,25th Hour (2002),crime drama,2002,25th Hour,3.840909090909091,22,25th Hour crime drama
64,6188,5.0,1161529471,Old School (2003),comedy,2003,Old School,3.5128205128205128,39,Old School comedy
64,6214,4.0,1161530839,Irreversible (Irréversible) (2002),crime drama mystery thriller,2002,Irreversible (Irréversible),3.888888888888889,9,Irreversible (Irréversible) crime drama mystery thriller
64,6218,4.0,1161528931,Bend It Like Beckham (2002),comedy drama romance,2002,Bend It Like Beckham,3.3,40,Bend It Like Beckham comedy drama romance
64,6296,4.0,1161563806,"Mighty Wind, A (2003)",comedy musical,2003,"Mighty Wind, A",3.75,14,"Mighty Wind, A comedy musical"
64,6331,4.5,1161620595,Spellbound (2002),documentary,2002,Spellbound,3.923076923076923,13,Spellbound documentary
64,6385,5.0,1161559911,Whale Rider (2002),drama,2002,Whale Rider,3.75,14,Whale Rider drama
64,6936,3.5,1161559663,Elf (2003),children comedy fantasy,2003,Elf,3.692307692307693,39,Elf children comedy fantasy
64,6944,3.5,1161620576,Father of the Bride (1991),comedy,1991,Father of the Bride,3.5,13,Father of the Bride comedy
64,7139,4.5,1161620632,In America (2002),drama romance,2002,In America,3.857142857142857,7,In America drama romance
64,7162,4.0,1161559666,Cold Mountain (2003),drama romance war,2003,Cold Mountain,3.2916666666666665,12,Cold Mountain drama romance war
64,7235,3.0,1161530260,Ichi the Killer (Koroshiya 1) (2001),action comedy crime drama horror thriller,2001,Ichi the Killer (Koroshiya 1),3.4166666666666665,6,Ichi the Killer (Koroshiya 1) action comedy crime drama horror thriller
64,7360,4.5,1161564441,Dawn of the Dead (2004),action drama horror thriller,2004,Dawn of the Dead,3.90625,16,Dawn of the Dead action drama horror thriller
64,8014,5.0,1161530121,"Spring, Summer, Fall, Winter... and Spring (Bom yeoreum gaeul gyeoul geurigo bom) (2003)",drama,2003,"Spring, Summer, Fall, Winter... and Spring (Bom yeoreum gaeul gyeoul geurigo bom)",4.25,10,"Spring, Summer, Fall, Winter... and Spring (Bom yeoreum gaeul gyeoul geurigo bom) drama"
64,8645,4.5,1161530946,"Maria Full of Grace (Maria, Llena eres de gracia) (2004)",crime drama,2004,"Maria Full of Grace (Maria, Llena eres de gracia)",3.9375,8,"Maria Full of Grace (Maria, Llena eres de gracia) crime drama"
64,27020,3.5,1161529717,Gia (1998),drama romance,1998,Gia,3.4,5,Gia drama romance
64,27266,4.5,1161529878,2046 (2004),drama fantasy romance sci-fi,2004,2046,4.071428571428571,7,2046 drama fantasy romance sci-fi
64,34072,4.5,1161529429,"March of the Penguins (Marche de l'empereur, La) (2005)",documentary,2005,"March of the Penguins (Marche de l'empereur, La)",3.555555555555556,18,"March of the Penguins (Marche de l'empereur, La) documentary"
64,42632,4.5,1161529769,Lady Vengeance (Sympathy for Lady Vengeance) (Chinjeolhan geumjassi) (2005),crime drama mystery thriller,2005,Lady Vengeance (Sympathy for Lady Vengeance) (Chinjeolhan geumjassi),4.0,5,Lady Vengeance (Sympathy for Lady Vengeance) (Chinjeolhan geumjassi) crime drama mystery thriller
66,255,0.5,1113188840,"Jerky Boys, The (1995)",comedy,1995,"Jerky Boys, The",2.071428571428572,7,"Jerky Boys, The comedy"
66,535,5.0,1113190283,Short Cuts (1993),drama,1993,Short Cuts,3.2666666666666666,15,Short Cuts drama
66,1216,4.5,1113188759,"Big Blue, The (Grand bleu, Le) (1988)",adventure drama romance,1988,"Big Blue, The (Grand bleu, Le)",3.4545454545454546,11,"Big Blue, The (Grand bleu, Le) adventure drama romance"
66,1541,4.0,1113190801,Addicted to Love (1997),comedy romance,1997,Addicted to Love,2.7,10,Addicted to Love comedy romance
66,1956,5.0,1113188521,Ordinary People (1980),drama,1980,Ordinary People,4.0,12,Ordinary People drama
66,2312,4.0,1113190753,Children of a Lesser God (1986),drama,1986,Children of a Lesser God,3.8333333333333335,12,Children of a Lesser God drama
66,2316,3.5,1113188714,Practical Magic (1998),drama fantasy mystery romance,1998,Practical Magic,3.2142857142857144,7,Practical Magic drama fantasy mystery romance
66,2401,4.0,1093748010,Pale Rider (1985),western,1985,Pale Rider,3.8125,8,Pale Rider western
66,2956,4.0,1113190710,Someone to Watch Over Me (1987),action crime thriller,1987,Someone to Watch Over Me,3.1666666666666665,6,Someone to Watch Over Me action crime thriller
66,2966,4.0,1099188014,"Straight Story, The (1999)",adventure drama,1999,"Straight Story, The",3.928571428571429,14,"Straight Story, The adventure drama"
66,3029,3.5,1113190689,Nighthawks (1981),action drama,1981,Nighthawks,3.25,6,Nighthawks action drama
66,3201,5.0,1113190645,Five Easy Pieces (1970),drama,1970,Five Easy Pieces,4.5,8,Five Easy Pieces drama
66,3262,4.0,1113188681,Twin Peaks: Fire Walk with Me (1992),crime drama mystery thriller,1992,Twin Peaks: Fire Walk with Me,3.409090909090909,11,Twin Peaks: Fire Walk with Me crime drama mystery thriller
66,3444,4.5,1113190624,Bloodsport (1988),action,1988,Bloodsport,2.9444444444444446,9,Bloodsport action
66,4149,4.0,1113190565,Saving Silverman (Evil Woman) (2001),comedy romance,2001,Saving Silverman (Evil Woman),2.772727272727273,11,Saving Silverman (Evil Woman) comedy romance
66,4158,4.0,1113190556,Monkeybone (2001),animation comedy fantasy,2001,Monkeybone,2.083333333333333,6,Monkeybone animation comedy fantasy
66,4203,4.0,1113189077,Harley Davidson and the Marlboro Man (1991),action crime drama,1991,Harley Davidson and the Marlboro Man,3.1666666666666665,6,Harley Davidson and the Marlboro Man action crime drama
66,4231,3.5,1113190589,Someone Like You (2001),comedy romance,2001,Someone Like You,3.5,5,Someone Like You comedy romance
66,4465,4.0,1104644709,"Accused, The (1988)",drama,1988,"Accused, The",3.7,5,"Accused, The drama"
66,4499,4.0,1093747840,Dirty Rotten Scoundrels (1988),comedy,1988,Dirty Rotten Scoundrels,4.125,16,Dirty Rotten Scoundrels comedy
66,4616,3.5,1104645082,Lean on Me (1989),drama,1989,Lean on Me,3.5,6,Lean on Me drama
66,5265,4.5,1113190517,Death to Smoochy (2002),comedy crime drama,2002,Death to Smoochy,3.3181818181818183,11,Death to Smoochy comedy crime drama
66,5548,4.5,1113188591,Down and Out in Beverly Hills (1986),comedy,1986,Down and Out in Beverly Hills,3.0,5,Down and Out in Beverly Hills comedy
66,6025,3.5,1113189267,CB4 - The Movie (1993),comedy,1993,CB4 - The Movie,2.9,5,CB4 - The Movie comedy
66,6754,4.5,1113190465,Underworld (2003),action fantasy horror,2003,Underworld,3.5,33,Underworld action fantasy horror
66,6832,4.0,1113188864,Regarding Henry (1991),drama,1991,Regarding Henry,3.6,5,Regarding Henry drama
66,6979,4.0,1093747456,WarGames (1983),drama sci-fi thriller,1983,WarGames,3.3095238095238093,21,WarGames drama sci-fi thriller
66,6996,2.0,1097804327,Highlander II: The Quickening (1991),action sci-fi,1991,Highlander II: The Quickening,1.8571428571428568,7,Highlander II: The Quickening action sci-fi
66,7027,4.0,1093747697,Silverado (1985),action western,1985,Silverado,3.2,5,Silverado action western
66,7028,2.5,1093747340,Quick Change (1990),comedy crime,1990,Quick Change,3.571428571428572,7,Quick Change comedy crime
66,7046,4.5,1113190403,"Witches of Eastwick, The (1987)",comedy fantasy horror thriller,1987,"Witches of Eastwick, The",2.5,11,"Witches of Eastwick, The comedy fantasy horror thriller"
66,7325,3.0,1113188605,Starsky & Hutch (2004),action comedy crime thriller,2004,Starsky & Hutch,3.2857142857142856,21,Starsky & Hutch action comedy crime thriller
66,7624,3.0,1093747331,School Ties (1992),drama,1992,School Ties,2.75,6,School Ties drama
67,5628,4.0,1501273685,Wasabi (2001),action comedy crime drama thriller,2001,Wasabi,3.5,5,Wasabi action comedy crime drama thriller
67,8604,5.0,1501273663,Taxi (1998),action comedy,1998,Taxi,3.2,5,Taxi action comedy
68,932,4.0,1261086252,"Affair to Remember, An (1957)",drama romance,1957,"Affair to Remember, An",3.9375,8,"Affair to Remember, An drama romance"
68,1017,3.0,1275957504,Swiss Family Robinson (1960),adventure children,1960,Swiss Family Robinson,3.5,10,Swiss Family Robinson adventure children
68,1019,2.0,1261623837,"20,000 Leagues Under the Sea (1954)",adventure drama sci-fi,1954,"20,000 Leagues Under the Sea",3.4705882352941178,17,"20,000 Leagues Under the Sea adventure drama sci-fi"
68,1292,2.5,1352614711,Being There (1979),comedy drama,1979,Being There,3.95,20,Being There comedy drama
68,1381,2.5,1269123666,Grease 2 (1982),comedy musical romance,1982,Grease 2,2.0789473684210527,19,Grease 2 comedy musical romance
68,1515,3.0,1269123535,Volcano (1997),action drama thriller,1997,Volcano,2.1,15,Volcano action drama thriller
68,1635,3.0,1261623455,"Ice Storm, The (1997)",drama,1997,"Ice Storm, The",3.882352941176471,17,"Ice Storm, The drama"
68,1703,3.5,1275958359,For Richer or Poorer (1997),comedy,1997,For Richer or Poorer,2.9,5,For Richer or Poorer comedy
68,2125,4.5,1158534146,Ever After: A Cinderella Story (1998),comedy drama romance,1998,Ever After: A Cinderella Story,3.619047619047619,21,Ever After: A Cinderella Story comedy drama romance
68,2334,3.5,1269123630,"Siege, The (1998)",action thriller,1998,"Siege, The",2.8076923076923075,13,"Siege, The action thriller"
68,2340,3.5,1261624061,Meet Joe Black (1998),romance,1998,Meet Joe Black,3.05,20,Meet Joe Black romance
68,2471,3.0,1261623754,Crocodile Dundee II (1988),action adventure comedy,1988,Crocodile Dundee II,2.4791666666666665,24,Crocodile Dundee II action adventure comedy
68,2560,2.5,1268687442,Ravenous (1999),horror thriller,1999,Ravenous,3.0,8,Ravenous horror thriller
68,2567,2.5,1269122500,EDtv (1999),comedy,1999,EDtv,2.973684210526316,19,EDtv comedy
68,2662,2.0,1261623772,"War of the Worlds, The (1953)",action drama sci-fi,1953,"War of the Worlds, The",3.1666666666666665,12,"War of the Worlds, The action drama sci-fi"
68,2728,2.5,1269122085,Spartacus (1960),action drama romance war,1960,Spartacus,3.576923076923077,13,Spartacus action drama romance war
68,2803,3.0,1269122065,"Pelican Brief, The (1993)",crime drama mystery romance thriller,1993,"Pelican Brief, The",2.923076923076923,13,"Pelican Brief, The crime drama mystery romance thriller"
68,2881,3.5,1158534837,Double Jeopardy (1999),action crime drama thriller,1999,Double Jeopardy,3.026315789473684,19,Double Jeopardy action crime drama thriller
68,2950,3.5,1269123357,"Blue Lagoon, The (1980)",adventure drama romance,1980,"Blue Lagoon, The",2.4642857142857144,14,"Blue Lagoon, The adventure drama romance"
68,3452,2.5,1269122758,Romeo Must Die (2000),action crime romance thriller,2000,Romeo Must Die,3.083333333333333,18,Romeo Must Die action crime romance thriller
68,3553,2.0,1275958275,Gossip (2000),drama thriller,2000,Gossip,2.4,5,Gossip drama thriller
68,3675,4.0,1180915725,White Christmas (1954),comedy musical romance,1954,White Christmas,4.1875,8,White Christmas comedy musical romance
68,3707,2.0,1261085419,9 1/2 Weeks (Nine 1/2 Weeks) (1986),drama romance,1986,9 1/2 Weeks (Nine 1/2 Weeks),2.7,10,9 1/2 Weeks (Nine 1/2 Weeks) drama romance
68,3978,3.0,1269122972,"Legend of Bagger Vance, The (2000)",drama romance,2000,"Legend of Bagger Vance, The",3.066666666666667,15,"Legend of Bagger Vance, The drama romance"
68,3981,2.5,1269122295,Red Planet (2000),action sci-fi thriller,2000,Red Planet,2.3461538461538463,13,Red Planet action sci-fi thriller
68,4015,2.0,1158535827,"Dude, Where's My Car? (2000)",comedy sci-fi,2000,"Dude, Where's My Car?",2.727272727272727,33,"Dude, Where's My Car? comedy sci-fi"
68,4068,2.0,1275958225,Sugar & Spice (2001),comedy,2001,Sugar & Spice,2.7142857142857144,7,Sugar & Spice comedy
68,4069,4.0,1158535881,"Wedding Planner, The (2001)",comedy romance,2001,"Wedding Planner, The",2.909090909090909,22,"Wedding Planner, The comedy romance"
68,4326,3.5,1158535704,Mississippi Burning (1988),crime drama thriller,1988,Mississippi Burning,3.590909090909091,11,Mississippi Burning crime drama thriller
68,4356,3.5,1158534278,Gentlemen Prefer Blondes (1953),comedy musical romance,1953,Gentlemen Prefer Blondes,3.8,5,Gentlemen Prefer Blondes comedy musical romance
68,4372,3.0,1267239195,Crazy/Beautiful (2001),drama romance,2001,Crazy/Beautiful,3.4,5,Crazy/Beautiful drama romance
68,4387,3.5,1275957656,Kiss of the Dragon (2001),action,2001,Kiss of the Dragon,3.7777777777777777,9,Kiss of the Dragon action
68,4388,2.0,1261624024,Scary Movie 2 (2001),comedy,2001,Scary Movie 2,2.6538461538461537,26,Scary Movie 2 comedy
68,4639,2.5,1261623460,America's Sweethearts (2001),comedy romance,2001,America's Sweethearts,2.583333333333333,18,America's Sweethearts comedy romance
68,4677,3.5,1269123218,Turner & Hooch (1989),comedy crime,1989,Turner & Hooch,3.0384615384615383,13,Turner & Hooch comedy crime
68,4681,3.0,1269123495,"War of the Roses, The (1989)",comedy drama,1989,"War of the Roses, The",3.642857142857143,7,"War of the Roses, The comedy drama"
68,4823,3.0,1261624238,Serendipity (2001),comedy romance,2001,Serendipity,3.14,25,Serendipity comedy romance
68,5049,2.0,1158535069,48 Hrs. (1982),action comedy crime drama,1982,48 Hrs.,3.590909090909091,11,48 Hrs. action comedy crime drama
68,5400,3.5,1158535017,"Sum of All Fears, The (2002)",drama thriller,2002,"Sum of All Fears, The",2.9705882352941178,17,"Sum of All Fears, The drama thriller"
68,5444,4.5,1158534160,Lilo & Stitch (2002),adventure animation children sci-fi,2002,Lilo & Stitch,3.810344827586207,29,Lilo & Stitch adventure animation children sci-fi
68,5541,3.0,1261624333,Hot Shots! (1991),action comedy romance war,1991,Hot Shots!,3.1333333333333333,15,Hot Shots! action comedy romance war
68,5553,3.0,1275957600,Stakeout (1987),comedy crime romance thriller,1987,Stakeout,3.0,8,Stakeout comedy crime romance thriller
68,6383,3.0,1261623858,"2 Fast 2 Furious (Fast and the Furious 2, The) (2003)",action crime thriller,2003,"2 Fast 2 Furious (Fast and the Furious 2, The)",2.6052631578947367,19,"2 Fast 2 Furious (Fast and the Furious 2, The) action crime thriller"
68,6595,4.0,1158535753,S.W.A.T. (2003),action thriller,2003,S.W.A.T.,3.321428571428572,14,S.W.A.T. action thriller
68,6707,2.0,1275958141,Cabin Fever (2002),horror thriller,2002,Cabin Fever,2.875,8,Cabin Fever horror thriller
68,6753,3.0,1269123223,Secondhand Lions (2003),children comedy drama,2003,Secondhand Lions,3.5,12,Secondhand Lions children comedy drama
68,6755,1.5,1269123340,Bubba Ho-tep (2002),comedy horror,2002,Bubba Ho-tep,3.321428571428572,14,Bubba Ho-tep comedy horror
68,6879,3.5,1158535181,Runaway Jury (2003),drama thriller,2003,Runaway Jury,3.4411764705882355,17,Runaway Jury drama thriller
68,6893,3.5,1158534072,"Italian Job, The (1969)",action comedy crime,1969,"Italian Job, The",3.85,10,"Italian Job, The action comedy crime"
68,7137,3.5,1261086324,"Cooler, The (2003)",comedy drama romance,2003,"Cooler, The",3.55,10,"Cooler, The comedy drama romance"
68,7256,4.0,1332628672,Touching the Void (2003),adventure documentary,2003,Touching the Void,4.0,8,Touching the Void adventure documentary
68,7320,3.0,1275958606,Dirty Dancing: Havana Nights (2004),romance,2004,Dirty Dancing: Havana Nights,3.4,5,Dirty Dancing: Havana Nights romance
68,7346,4.0,1261086340,"Girl Next Door, The (2004)",comedy romance,2004,"Girl Next Door, The",3.125,20,"Girl Next Door, The comedy romance"
68,7454,3.0,1158534913,Van Helsing (2004),action adventure fantasy horror,2004,Van Helsing,2.708333333333333,24,Van Helsing action adventure fantasy horror
68,8366,3.0,1158535504,Saved! (2004),comedy drama,2004,Saved!,3.892857142857143,14,Saved! comedy drama
68,8781,2.5,1158534980,"Manchurian Candidate, The (2004)",thriller,2004,"Manchurian Candidate, The",3.0416666666666665,12,"Manchurian Candidate, The thriller"
68,8807,4.0,1158534178,Harold and Kumar Go to White Castle (2004),adventure comedy,2004,Harold and Kumar Go to White Castle,3.4558823529411766,34,Harold and Kumar Go to White Castle adventure comedy
68,8861,3.0,1240092920,Resident Evil: Apocalypse (2004),action horror sci-fi thriller,2004,Resident Evil: Apocalypse,2.9285714285714284,14,Resident Evil: Apocalypse action horror sci-fi thriller
68,8866,4.5,1208743792,Wimbledon (2004),comedy romance,2004,Wimbledon,3.111111111111111,9,Wimbledon comedy romance
68,8910,1.0,1230498588,I Heart Huckabees (2004),comedy,2004,I Heart Huckabees,3.452380952380953,21,I Heart Huckabees comedy
68,8947,3.0,1269123416,"Grudge, The (2004)",horror mystery thriller,2004,"Grudge, The",2.3,10,"Grudge, The horror mystery thriller"
68,8968,5.0,1275958076,After the Sunset (2004),action adventure comedy crime thriller,2004,After the Sunset,3.583333333333333,6,After the Sunset action adventure comedy crime thriller
68,8985,3.5,1269123148,Blade: Trinity (2004),action fantasy horror thriller,2004,Blade: Trinity,2.857142857142857,14,Blade: Trinity action fantasy horror thriller
68,30822,3.5,1158534053,In Good Company (2004),comedy drama,2004,In Good Company,3.4545454545454546,11,In Good Company comedy drama
68,32598,4.0,1267237781,Fever Pitch (2005),comedy romance,2005,Fever Pitch,2.9375,8,Fever Pitch comedy romance
68,33154,3.0,1363922697,Enron: The Smartest Guys in the Room (2005),documentary,2005,Enron: The Smartest Guys in the Room,4.0,6,Enron: The Smartest Guys in the Room documentary
68,33437,3.0,1267240158,Unleashed (Danny the Dog) (2005),action crime drama thriller,2005,Unleashed (Danny the Dog),3.4444444444444446,9,Unleashed (Danny the Dog) action crime drama thriller
68,33672,1.5,1326678410,Lords of Dogtown (2005),action comedy drama,2005,Lords of Dogtown,3.0,7,Lords of Dogtown action comedy drama
68,34542,4.0,1332628662,Grizzly Man (2005),documentary,2005,Grizzly Man,3.7,5,Grizzly Man documentary
68,40732,3.5,1269123490,"Descent, The (2005)",adventure drama horror thriller,2005,"Descent, The",3.5454545454545454,11,"Descent, The adventure drama horror thriller"
68,41571,3.5,1158535743,Memoirs of a Geisha (2005),drama romance,2005,Memoirs of a Geisha,3.583333333333333,12,Memoirs of a Geisha drama romance
68,41573,3.0,1267239316,"Family Stone, The (2005)",comedy drama romance,2005,"Family Stone, The",2.875,8,"Family Stone, The comedy drama romance"
68,42718,4.0,1261085978,District 13 (Banlieue 13) (2004),action crime sci-fi,2004,District 13 (Banlieue 13),3.8,5,District 13 (Banlieue 13) action crime sci-fi
68,42738,3.0,1269122762,Underworld: Evolution (2006),action fantasy horror,2006,Underworld: Evolution,3.09375,16,Underworld: Evolution action fantasy horror
68,44004,3.0,1267239311,Failure to Launch (2006),comedy romance,2006,Failure to Launch,3.25,6,Failure to Launch comedy romance
68,44709,4.0,1261085771,Akeelah and the Bee (2006),drama,2006,Akeelah and the Bee,3.8,5,Akeelah and the Bee drama
68,44788,4.0,1240093821,This Film Is Not Yet Rated (2006),documentary,2006,This Film Is Not Yet Rated,3.5,6,This Film Is Not Yet Rated documentary
68,45431,4.5,1166402437,Over the Hedge (2006),adventure animation children comedy,2006,Over the Hedge,3.4285714285714284,14,Over the Hedge adventure animation children comedy
68,45501,3.5,1267239173,"Break-Up, The (2006)",comedy drama romance,2006,"Break-Up, The",2.590909090909091,11,"Break-Up, The comedy drama romance"
68,45720,4.5,1271544885,"Devil Wears Prada, The (2006)",comedy drama,2006,"Devil Wears Prada, The",3.5588235294117645,34,"Devil Wears Prada, The comedy drama"
68,45726,2.5,1166402731,"You, Me and Dupree (2006)",comedy,2006,"You, Me and Dupree",2.1666666666666665,6,"You, Me and Dupree comedy"
68,45928,4.0,1332628709,Who Killed the Electric Car? (2006),documentary,2006,Who Killed the Electric Car?,3.7,5,Who Killed the Electric Car? documentary
68,46322,3.5,1261085946,Jet Li's Fearless (Huo Yuan Jia) (2006),action drama,2006,Jet Li's Fearless (Huo Yuan Jia),3.125,8,Jet Li's Fearless (Huo Yuan Jia) action drama
68,46948,3.5,1166402451,Monster House (2006),animation children fantasy mystery,2006,Monster House,3.111111111111111,9,Monster House animation children fantasy mystery
68,47999,4.5,1332628638,Jesus Camp (2006),documentary drama,2006,Jesus Camp,4.071428571428571,7,Jesus Camp documentary drama
68,49274,3.0,1269123009,Happy Feet (2006),adventure animation children comedy imax,2006,Happy Feet,2.6818181818181817,11,Happy Feet adventure animation children comedy imax
68,50685,4.5,1305150762,Waitress (2007),comedy drama romance,2007,Waitress,3.8333333333333335,6,Waitress comedy drama romance
68,51709,3.5,1180915825,"Host, The (Gwoemul) (2006)",comedy drama horror sci-fi thriller,2006,"Host, The (Gwoemul)",4.0,7,"Host, The (Gwoemul) comedy drama horror sci-fi thriller"
68,52287,2.0,1240093068,Meet the Robinsons (2007),action adventure animation children comedy sci-fi,2007,Meet the Robinsons,3.5454545454545454,11,Meet the Robinsons action adventure animation children comedy sci-fi
68,52435,3.5,1230498254,How the Grinch Stole Christmas! (1966),animation comedy fantasy musical,1966,How the Grinch Stole Christmas!,3.590909090909091,11,How the Grinch Stole Christmas! animation comedy fantasy musical
68,52458,4.5,1269123045,Disturbia (2007),drama thriller,2007,Disturbia,3.15,10,Disturbia drama thriller
68,52975,3.5,1269123711,Hairspray (2007),comedy drama musical,2007,Hairspray,3.5,15,Hairspray comedy drama musical
68,54004,3.0,1240093216,I Now Pronounce You Chuck and Larry (2007),comedy romance,2007,I Now Pronounce You Chuck and Larry,3.4545454545454546,11,I Now Pronounce You Chuck and Larry comedy romance
68,54281,3.5,1240092802,Charlie Bartlett (2007),comedy drama,2007,Charlie Bartlett,3.5,5,Charlie Bartlett comedy drama
68,54881,5.0,1269122731,"King of Kong, The (2007)",documentary,2007,"King of Kong, The",3.9166666666666665,12,"King of Kong, The documentary"
68,55052,2.5,1230498342,Atonement (2007),drama romance war,2007,Atonement,3.5384615384615383,13,Atonement drama romance war
68,55232,3.0,1240092923,Resident Evil: Extinction (2007),action horror sci-fi thriller,2007,Resident Evil: Extinction,2.95,10,Resident Evil: Extinction action horror sci-fi thriller
68,55267,3.0,1305150746,Dan in Real Life (2007),comedy drama romance,2007,Dan in Real Life,3.388888888888889,9,Dan in Real Life comedy drama romance
68,55282,4.0,1240093325,30 Days of Night (2007),horror thriller,2007,30 Days of Night,3.1818181818181817,11,30 Days of Night horror thriller
68,55830,4.0,1208743338,Be Kind Rewind (2008),comedy,2008,Be Kind Rewind,3.4,10,Be Kind Rewind comedy
68,56152,3.0,1233376601,Enchanted (2007),adventure animation children comedy fantasy musical romance,2007,Enchanted,3.676470588235294,17,Enchanted adventure animation children comedy fantasy musical romance
68,56251,4.0,1261624311,Futurama: Bender's Big Score (2007),animation comedy sci-fi,2007,Futurama: Bender's Big Score,3.9,10,Futurama: Bender's Big Score animation comedy sci-fi
68,56339,3.5,1261085755,"Orphanage, The (Orfanato, El) (2007)",drama horror mystery thriller,2007,"Orphanage, The (Orfanato, El)",3.875,8,"Orphanage, The (Orfanato, El) drama horror mystery thriller"
68,58162,2.5,1305150628,Run Fatboy Run (2007),comedy romance,2007,Run Fatboy Run,3.0,7,Run Fatboy Run comedy romance
68,59126,4.0,1240092725,Religulous (2008),comedy documentary,2008,Religulous,3.8,5,Religulous comedy documentary
68,59258,3.0,1240093333,Baby Mama (2008),comedy,2008,Baby Mama,3.136363636363636,11,Baby Mama comedy
68,60514,3.0,1275958483,Journey to the Center of the Earth (2008),action adventure sci-fi,2008,Journey to the Center of the Earth,2.5,5,Journey to the Center of the Earth action adventure sci-fi
68,62155,3.0,1267237756,Nick and Norah's Infinite Playlist (2008),comedy drama romance,2008,Nick and Norah's Infinite Playlist,3.35,10,Nick and Norah's Infinite Playlist comedy drama romance
68,62956,4.0,1240093951,Futurama: Bender's Game (2008),action adventure animation comedy fantasy sci-fi,2008,Futurama: Bender's Game,3.4444444444444446,9,Futurama: Bender's Game action adventure animation comedy fantasy sci-fi
68,62999,3.5,1240092850,Madagascar: Escape 2 Africa (2008),action adventure animation children comedy imax,2008,Madagascar: Escape 2 Africa,3.692307692307693,13,Madagascar: Escape 2 Africa action adventure animation children comedy imax
68,64622,3.5,1267237741,"Reader, The (2008)",drama romance,2008,"Reader, The",3.2142857142857144,7,"Reader, The drama romance"
68,67087,3.5,1240092690,"I Love You, Man (2009)",comedy,2009,"I Love You, Man",3.5294117647058822,17,"I Love You, Man comedy"
68,67408,3.0,1261622524,Monsters vs. Aliens (2009),animation sci-fi imax,2009,Monsters vs. Aliens,3.25,8,Monsters vs. Aliens animation sci-fi imax
68,68659,4.0,1275958465,Fanboys (2009),adventure comedy drama,2009,Fanboys,2.875,8,Fanboys adventure comedy drama
68,68952,4.0,1261623668,Drag Me to Hell (2009),comedy horror,2009,Drag Me to Hell,3.75,6,Drag Me to Hell comedy horror
68,69069,5.0,1271544258,Fired Up (2009),comedy,2009,Fired Up,3.583333333333333,6,Fired Up comedy
68,69784,4.0,1269121300,Brüno (Bruno) (2009),comedy,2009,Brüno (Bruno),3.65,10,Brüno (Bruno) comedy
68,71282,4.5,1271544397,"Food, Inc. (2008)",documentary,2008,"Food, Inc.",3.6875,8,"Food, Inc. documentary"
68,73023,3.5,1275956460,Crazy Heart (2009),drama romance,2009,Crazy Heart,4.1,5,Crazy Heart drama romance
68,74946,5.0,1305150613,She's Out of My League (2010),comedy,2010,She's Out of My League,3.2222222222222223,9,She's Out of My League comedy
68,79057,3.5,1293499804,Predators (2010),action sci-fi thriller,2010,Predators,3.3,10,Predators action sci-fi thriller
68,80860,4.5,1308264038,Life as We Know It (2010),comedy romance,2010,Life as We Know It,3.0,6,Life as We Know It comedy romance
68,83134,4.5,1526947650,Tucker & Dale vs Evil (2010),comedy horror,2010,Tucker & Dale vs Evil,3.9166666666666665,18,Tucker & Dale vs Evil comedy horror
68,83803,4.0,1305861313,Day & Night (2010),animation children,2010,Day & Night,4.1,5,Day & Night animation children
68,84772,4.5,1320032071,Paul (2011),adventure comedy sci-fi,2011,Paul,3.2,15,Paul adventure comedy sci-fi
68,85780,2.5,1305861285,Family Guy Presents: It's a Trap (2010),animation comedy sci-fi,2010,Family Guy Presents: It's a Trap,3.583333333333333,6,Family Guy Presents: It's a Trap animation comedy sci-fi
68,86293,2.0,1317436019,Arthur (2011),comedy,2011,Arthur,3.0,6,Arthur comedy
68,86377,4.5,1357084254,Louis C.K.: Shameless (2007),comedy,2007,Louis C.K.: Shameless,4.0,7,Louis C.K.: Shameless comedy
68,86833,3.5,1320032077,Bridesmaids (2011),comedy,2011,Bridesmaids,3.761904761904762,21,Bridesmaids comedy
68,89087,2.0,1332628536,Colombiana (2011),action adventure drama thriller,2011,Colombiana,2.5,6,Colombiana action adventure drama thriller
68,89470,3.5,1332628315,Contagion (2011),sci-fi thriller imax,2011,Contagion,3.7083333333333335,12,Contagion sci-fi thriller imax
68,92420,2.0,1343932997,Chronicle (2012),action sci-fi thriller,2012,Chronicle,3.375,8,Chronicle action sci-fi thriller
68,94959,3.5,1361421047,Moonrise Kingdom (2012),comedy drama romance,2012,Moonrise Kingdom,3.775862068965517,29,Moonrise Kingdom comedy drama romance
68,95875,4.0,1346109723,Total Recall (2012),action sci-fi thriller,2012,Total Recall,3.1875,8,Total Recall action sci-fi thriller
68,96110,3.0,1346109730,"Campaign, The (2012)",comedy,2012,"Campaign, The",3.4444444444444446,9,"Campaign, The comedy"
69,4744,2.0,1021645405,Jeepers Creepers (2001),horror,2001,Jeepers Creepers,2.5,7,Jeepers Creepers horror
69,4880,5.0,1021644746,Life as a House (2001),drama,2001,Life as a House,3.888888888888889,9,Life as a House drama
70,1172,5.0,1355184567,Cinema Paradiso (Nuovo cinema Paradiso) (1989),drama,1989,Cinema Paradiso (Nuovo cinema Paradiso),4.161764705882353,34,Cinema Paradiso (Nuovo cinema Paradiso) drama
70,1300,5.0,1355198710,My Life as a Dog (Mitt liv som hund) (1985),comedy drama,1985,My Life as a Dog (Mitt liv som hund),4.166666666666667,9,My Life as a Dog (Mitt liv som hund) comedy drama
70,1955,3.5,1355184784,Kramer vs. Kramer (1979),drama,1979,Kramer vs. Kramer,3.892857142857143,14,Kramer vs. Kramer drama
70,1959,4.5,1355184760,Out of Africa (1985),drama romance,1985,Out of Africa,3.6666666666666665,15,Out of Africa drama romance
70,1962,4.0,1355184587,Driving Miss Daisy (1989),drama,1989,Driving Miss Daisy,3.739130434782609,23,Driving Miss Daisy drama
70,3152,4.0,1355198011,"Last Picture Show, The (1971)",drama,1971,"Last Picture Show, The",4.5,8,"Last Picture Show, The drama"
70,3359,5.0,1355184939,Breaking Away (1979),comedy drama,1979,Breaking Away,4.090909090909091,11,Breaking Away comedy drama
70,3468,5.0,1355198425,"Hustler, The (1961)",drama,1961,"Hustler, The",4.333333333333333,18,"Hustler, The drama"
70,91077,4.0,1355185164,"Descendants, The (2011)",comedy drama,2011,"Descendants, The",4.0,11,"Descendants, The comedy drama"
72,2136,2.5,1217323586,"Nutty Professor, The (1963)",comedy sci-fi,1963,"Nutty Professor, The",2.4642857142857144,14,"Nutty Professor, The comedy sci-fi"
73,44193,4.5,1464196920,She's the Man (2006),comedy romance,2006,She's the Man,3.75,6,She's the Man comedy romance
73,45221,4.0,1464198899,Stick It (2006),comedy,2006,Stick It,2.583333333333333,6,Stick It comedy
73,47122,4.0,1464196932,John Tucker Must Die (2006),comedy romance,2006,John Tucker Must Die,2.7222222222222223,9,John Tucker Must Die comedy romance
73,47518,3.5,1464197948,Accepted (2006),comedy,2006,Accepted,2.9285714285714284,14,Accepted comedy
73,50601,4.0,1464198633,Bridge to Terabithia (2007),adventure children fantasy,2007,Bridge to Terabithia,2.7777777777777777,9,Bridge to Terabithia adventure children fantasy
73,53460,3.5,1464198814,Surf's Up (2007),animation children comedy,2007,Surf's Up,3.5,7,Surf's Up animation children comedy
73,55768,4.0,1464198550,Bee Movie (2007),animation comedy,2007,Bee Movie,3.15,10,Bee Movie animation comedy
73,68135,3.5,1464198141,17 Again (2009),comedy drama,2009,17 Again,3.55,10,17 Again comedy drama
73,69278,1.0,1464198963,Land of the Lost (2009),action adventure comedy sci-fi,2009,Land of the Lost,3.2142857142857144,7,Land of the Lost action adventure comedy sci-fi
73,71518,4.0,1464198296,Whip It (2009),comedy drama,2009,Whip It,3.1,5,Whip It comedy drama
73,72226,3.5,1464197365,Fantastic Mr. Fox (2009),adventure animation children comedy crime,2009,Fantastic Mr. Fox,4.083333333333333,18,Fantastic Mr. Fox adventure animation children comedy crime
73,75805,3.0,1464198246,"Bounty Hunter, The (2010)",action comedy romance,2010,"Bounty Hunter, The",2.75,6,"Bounty Hunter, The action comedy romance"
73,76293,3.5,1464197993,Date Night (2010),action comedy romance,2010,Date Night,3.3181818181818183,11,Date Night action comedy romance
73,87485,3.0,1464198684,Bad Teacher (2011),comedy,2011,Bad Teacher,2.888888888888889,9,Bad Teacher comedy
73,93272,3.5,1464198147,Dr. Seuss' The Lorax (2012),animation fantasy musical imax,2012,Dr. Seuss' The Lorax,3.1,5,Dr. Seuss' The Lorax animation fantasy musical imax
73,112788,2.5,1464198585,Sex Tape (2014),comedy,2014,Sex Tape,2.6,5,Sex Tape comedy
73,113378,1.0,1464196354,"Giver, The (2014)",drama sci-fi,2014,"Giver, The",2.3,5,"Giver, The drama sci-fi"
73,127202,4.0,1464196565,Me and Earl and the Dying Girl (2015),drama,2015,Me and Earl and the Dying Girl,3.75,6,Me and Earl and the Dying Girl drama
73,128520,3.5,1464198597,The Wedding Ringer (2015),comedy,2015,The Wedding Ringer,3.8,5,The Wedding Ringer comedy
73,131013,3.5,1464198460,Get Hard (2015),comedy crime,2015,Get Hard,3.125,8,Get Hard comedy crime
73,149354,2.0,1464198038,Sisters (2015),children comedy,2015,Sisters,2.5,7,Sisters children comedy
74,926,5.0,1207502168,All About Eve (1950),drama,1950,All About Eve,4.229166666666667,24,All About Eve drama
74,949,4.0,1207502365,East of Eden (1955),drama,1955,East of Eden,3.9166666666666665,6,East of Eden drama
74,1041,5.0,1207499247,Secrets & Lies (1996),drama,1996,Secrets & Lies,4.590909090909091,11,Secrets & Lies drama
74,1185,4.0,1207501759,My Left Foot (1989),drama,1989,My Left Foot,3.95,10,My Left Foot drama
74,2010,4.0,1207501734,Metropolis (1927),drama sci-fi,1927,Metropolis,3.857142857142857,21,Metropolis drama sci-fi
74,2360,4.5,1207500558,"Celebration, The (Festen) (1998)",drama,1998,"Celebration, The (Festen)",4.458333333333333,12,"Celebration, The (Festen) drama"
74,2594,4.5,1207502882,Open Your Eyes (Abre los ojos) (1997),drama romance sci-fi thriller,1997,Open Your Eyes (Abre los ojos),3.75,10,Open Your Eyes (Abre los ojos) drama romance sci-fi thriller
74,3089,5.0,1207501351,Bicycle Thieves (a.k.a. The Bicycle Thief) (a.k.a. The Bicycle Thieves) (Ladri di biciclette) (1948),drama,1948,Bicycle Thieves (a.k.a. The Bicycle Thief) (a.k.a. The Bicycle Thieves) (Ladri di biciclette),4.125,16,Bicycle Thieves (a.k.a. The Bicycle Thief) (a.k.a. The Bicycle Thieves) (Ladri di biciclette) drama
74,3307,5.0,1207501386,City Lights (1931),comedy drama romance,1931,City Lights,3.8461538461538463,13,City Lights comedy drama romance
74,4103,4.0,1207500973,Empire of the Sun (1987),action adventure drama war,1987,Empire of the Sun,3.95,10,Empire of the Sun action adventure drama war
74,4427,3.5,1207501692,"Lion in Winter, The (1968)",drama,1968,"Lion in Winter, The",3.6666666666666665,9,"Lion in Winter, The drama"
74,4546,4.5,1207500425,"Vanishing, The (Spoorloos) (1988)",drama thriller,1988,"Vanishing, The (Spoorloos)",3.9166666666666665,6,"Vanishing, The (Spoorloos) drama thriller"
74,5434,4.5,1207502943,"Sorry, Wrong Number (1948)",drama film-noir thriller,1948,"Sorry, Wrong Number",3.8,5,"Sorry, Wrong Number drama film-noir thriller"
74,5812,4.0,1207500146,Far from Heaven (2002),drama romance,2002,Far from Heaven,3.863636363636364,11,Far from Heaven drama romance
74,6301,4.0,1207502955,Straw Dogs (1971),drama thriller,1971,Straw Dogs,4.0,5,Straw Dogs drama thriller
74,6305,4.0,1207501486,Fahrenheit 451 (1966),drama sci-fi,1966,Fahrenheit 451,3.6,10,Fahrenheit 451 drama sci-fi
74,6591,5.0,1207501726,"Magdalene Sisters, The (2002)",drama,2002,"Magdalene Sisters, The",4.333333333333333,6,"Magdalene Sisters, The drama"
74,6791,5.0,1207501328,Babette's Feast (Babettes gæstebud) (1987),drama,1987,Babette's Feast (Babettes gæstebud),4.4,5,Babette's Feast (Babettes gæstebud) drama
74,7158,3.0,1207501583,House of Sand and Fog (2003),drama,2003,House of Sand and Fog,3.7777777777777777,9,House of Sand and Fog drama
74,7234,5.0,1207500193,"Strada, La (1954)",drama,1954,"Strada, La",4.25,6,"Strada, La drama"
74,7419,3.5,1207502162,After Hours (1985),comedy thriller,1985,After Hours,3.7857142857142856,7,After Hours comedy thriller
74,8154,5.0,1207500133,"Dolce Vita, La (1960)",drama,1960,"Dolce Vita, La",3.75,6,"Dolce Vita, La drama"
74,8340,3.5,1207502384,Escape from Alcatraz (1979),drama thriller,1979,Escape from Alcatraz,3.7857142857142856,7,Escape from Alcatraz drama thriller
74,27721,3.5,1207502115,"Very Long Engagement, A (Un long dimanche de fiançailles) (2004)",drama mystery romance war,2004,"Very Long Engagement, A (Un long dimanche de fiançailles)",3.6666666666666665,6,"Very Long Engagement, A (Un long dimanche de fiançailles) drama mystery romance war"
74,39292,4.5,1207500229,"Good Night, and Good Luck. (2005)",crime drama,2005,"Good Night, and Good Luck.",3.775,20,"Good Night, and Good Luck. crime drama"
74,55814,3.5,1207500052,"Diving Bell and the Butterfly, The (Scaphandre et le papillon, Le) (2007)",drama,2007,"Diving Bell and the Butterfly, The (Scaphandre et le papillon, Le)",4.1,5,"Diving Bell and the Butterfly, The (Scaphandre et le papillon, Le) drama"
74,58103,4.0,1207503035,Vantage Point (2008),action drama thriller,2008,Vantage Point,3.4166666666666665,6,Vantage Point action drama thriller
74,58154,3.5,1207503031,"Other Boleyn Girl, The (2008)",drama romance,2008,"Other Boleyn Girl, The",3.7857142857142856,7,"Other Boleyn Girl, The drama romance"
75,6303,4.0,1158989870,"Andromeda Strain, The (1971)",mystery sci-fi,1971,"Andromeda Strain, The",3.625,8,"Andromeda Strain, The mystery sci-fi"
75,7001,4.0,1158968208,Invasion of the Body Snatchers (1978),horror mystery sci-fi thriller,1978,Invasion of the Body Snatchers,3.75,6,Invasion of the Body Snatchers horror mystery sci-fi thriller
76,2318,4.5,1439168833,Happiness (1998),comedy drama,1998,Happiness,4.125,16,Happiness comedy drama
76,7669,1.5,1439168724,Pride and Prejudice (1995),drama romance,1995,Pride and Prejudice,3.555555555555556,9,Pride and Prejudice drama romance
76,39446,4.5,1439166934,Saw II (2005),horror thriller,2005,Saw II,2.8076923076923075,13,Saw II horror thriller
76,55577,4.5,1439167349,Saw IV (2007),crime horror thriller,2007,Saw IV,3.2,5,Saw IV crime horror thriller
78,20,3.0,1252573422,Money Train (1995),action comedy crime drama thriller,1995,Money Train,2.5,15,Money Train action comedy crime drama thriller
78,2792,2.0,1252574761,Airplane II: The Sequel (1982),comedy,1982,Airplane II: The Sequel,3.1842105263157894,19,Airplane II: The Sequel comedy
79,164,5.0,975281545,Devil in a Blue Dress (1995),crime film-noir mystery thriller,1995,Devil in a Blue Dress,3.321428571428572,14,Devil in a Blue Dress crime film-noir mystery thriller
79,1189,5.0,975281591,"Thin Blue Line, The (1988)",documentary,1988,"Thin Blue Line, The",4.0,11,"Thin Blue Line, The documentary"
79,1192,5.0,975281661,Paris Is Burning (1990),documentary,1990,Paris Is Burning,4.5,5,Paris Is Burning documentary
79,3197,4.0,975281975,"Presidio, The (1988)",action crime romance thriller,1988,"Presidio, The",2.857142857142857,7,"Presidio, The action crime romance thriller"
79,3266,5.0,975282009,Man Bites Dog (C'est arrivé près de chez vous) (1992),comedy crime drama thriller,1992,Man Bites Dog (C'est arrivé près de chez vous),4.5,6,Man Bites Dog (C'est arrivé près de chez vous) comedy crime drama thriller
79,3425,4.0,975281591,Mo' Better Blues (1990),drama musical,1990,Mo' Better Blues,3.4,5,Mo' Better Blues drama musical
80,4887,4.0,1377307886,"One, The (2001)",action sci-fi thriller,2001,"One, The",2.75,14,"One, The action sci-fi thriller"
80,6059,5.0,1377307873,"Recruit, The (2003)",action thriller,2003,"Recruit, The",3.3529411764705883,17,"Recruit, The action thriller"
80,6952,5.0,1377307911,Gothika (2003),horror thriller,2003,Gothika,3.111111111111111,9,Gothika horror thriller
80,78349,4.0,1377308161,Exam (2009),mystery thriller,2009,Exam,3.8,5,Exam mystery thriller
80,80363,4.0,1377391137,Resident Evil: Afterlife (2010),action horror sci-fi thriller imax,2010,Resident Evil: Afterlife,3.142857142857143,7,Resident Evil: Afterlife action horror sci-fi thriller imax
80,80831,5.0,1377309079,Let Me In (2010),drama horror mystery,2010,Let Me In,3.857142857142857,7,Let Me In drama horror mystery
80,81417,3.5,1377391160,Paranormal Activity 2 (2010),horror imax,2010,Paranormal Activity 2,3.7,5,Paranormal Activity 2 horror imax
80,84601,4.0,1377308978,Unknown (2011),drama mystery thriller,2011,Unknown,3.333333333333333,6,Unknown drama mystery thriller
80,90405,4.0,1377308290,In Time (2011),crime sci-fi thriller,2011,In Time,3.392857142857143,14,In Time crime sci-fi thriller
80,91974,4.5,1377391147,Underworld: Awakening (2012),action fantasy horror imax,2012,Underworld: Awakening,3.8,5,Underworld: Awakening action fantasy horror imax
80,103688,4.0,1377309232,"Conjuring, The (2013)",horror thriller,2013,"Conjuring, The",4.214285714285714,7,"Conjuring, The horror thriller"
82,2381,2.5,1084464053,Police Academy 4: Citizens on Patrol (1987),comedy crime,1987,Police Academy 4: Citizens on Patrol,2.142857142857143,7,Police Academy 4: Citizens on Patrol comedy crime
82,2384,1.0,1084465190,Babe: Pig in the City (1998),adventure children drama,1998,Babe: Pig in the City,2.7758620689655173,29,Babe: Pig in the City adventure children drama
82,4386,2.5,1084466457,Cats & Dogs (2001),children comedy,2001,Cats & Dogs,2.8181818181818183,11,Cats & Dogs children comedy
82,4989,4.0,1084466941,How High (2001),comedy,2001,How High,2.9444444444444446,9,How High comedy
82,5065,3.0,1084465558,"Mothman Prophecies, The (2002)",drama fantasy horror mystery thriller,2002,"Mothman Prophecies, The",3.076923076923077,13,"Mothman Prophecies, The drama fantasy horror mystery thriller"
82,5094,2.0,1084467611,Rollerball (2002),action sci-fi,2002,Rollerball,1.7857142857142858,7,Rollerball action sci-fi
82,5106,2.5,1084466987,Crossroads (2002),comedy musical romance,2002,Crossroads,2.071428571428572,7,Crossroads comedy musical romance
82,5296,3.5,1084466524,"Sweetest Thing, The (2002)",comedy romance,2002,"Sweetest Thing, The",2.9,10,"Sweetest Thing, The comedy romance"
82,5803,4.0,1084467353,I Spy (2002),action adventure comedy crime,2002,I Spy,2.5,7,I Spy action adventure comedy crime
82,5874,3.0,1084466656,Friday After Next (2002),comedy,2002,Friday After Next,2.4,5,Friday After Next comedy
82,5900,4.0,1084466576,Analyze That (2002),comedy crime,2002,Analyze That,2.5625,8,Analyze That comedy crime
82,6006,3.0,1084466638,Just Married (2003),comedy romance,2003,Just Married,2.75,8,Just Married comedy romance
82,6014,4.0,1084466879,National Security (2003),action comedy,2003,National Security,2.5,5,National Security action comedy
82,6338,3.5,1084466483,Daddy Day Care (2003),children comedy,2003,Daddy Day Care,2.333333333333333,6,Daddy Day Care children comedy
82,6484,3.5,1084467535,Hollywood Homicide (2003),action crime drama,2003,Hollywood Homicide,2.9285714285714284,7,Hollywood Homicide action crime drama
82,6536,4.0,1084466338,Sinbad: Legend of the Seven Seas (2003),adventure animation children fantasy,2003,Sinbad: Legend of the Seven Seas,3.6666666666666665,6,Sinbad: Legend of the Seven Seas adventure animation children fantasy
82,6550,2.5,1084467580,Johnny English (2003),action comedy thriller,2003,Johnny English,2.9615384615384617,13,Johnny English action comedy thriller
82,6586,3.5,1084466393,American Wedding (American Pie 3) (2003),comedy,2003,American Wedding (American Pie 3),3.09375,16,American Wedding (American Pie 3) comedy
82,6593,3.0,1084466401,Freaky Friday (2003),children comedy fantasy,2003,Freaky Friday,3.208333333333333,24,Freaky Friday children comedy fantasy
82,6686,3.5,1084467568,"Medallion, The (2003)",action comedy crime fantasy,2003,"Medallion, The",2.7,5,"Medallion, The action comedy crime fantasy"
82,6702,3.5,1084467134,Dickie Roberts: Former Child Star (2003),comedy,2003,Dickie Roberts: Former Child Star,2.3,5,Dickie Roberts: Former Child Star comedy
82,6764,4.5,1084467076,"Rundown, The (2003)",action adventure comedy,2003,"Rundown, The",3.147058823529412,17,"Rundown, The action adventure comedy"
82,6887,4.0,1084811662,Radio (2003),drama,2003,Radio,4.1,5,Radio drama
82,6958,3.5,1084519496,"Haunted Mansion, The (2003)",children comedy fantasy horror,2003,"Haunted Mansion, The",2.5,10,"Haunted Mansion, The children comedy fantasy horror"
83,3155,3.5,1332839913,Anna and the King (1999),drama romance,1999,Anna and the King,3.6666666666666665,9,Anna and the King drama romance
83,55442,4.5,1333793848,Persepolis (2007),animation drama,2007,Persepolis,4.181818181818182,11,Persepolis animation drama
84,14,4.0,857653349,Nixon (1995),drama,1995,Nixon,3.8333333333333335,18,Nixon drama
84,154,3.0,858771818,Beauty of the Day (Belle de jour) (1967),drama,1967,Beauty of the Day (Belle de jour),3.875,12,Beauty of the Day (Belle de jour) drama
84,900,4.0,860397352,"American in Paris, An (1951)",musical romance,1951,"American in Paris, An",3.7083333333333335,12,"American in Paris, An musical romance"
84,948,4.0,860397409,Giant (1956),drama romance western,1956,Giant,3.9166666666666665,6,Giant drama romance western
84,971,3.0,860397365,Cat on a Hot Tin Roof (1958),drama,1958,Cat on a Hot Tin Roof,4.1,10,Cat on a Hot Tin Roof drama
84,1091,3.0,860398934,Weekend at Bernie's (1989),comedy,1989,Weekend at Bernie's,2.5476190476190474,21,Weekend at Bernie's comedy
84,1131,5.0,858772802,Jean de Florette (1986),drama mystery,1986,Jean de Florette,4.090909090909091,11,Jean de Florette drama mystery
84,1132,4.0,858772983,Manon of the Spring (Manon des sources) (1986),drama,1986,Manon of the Spring (Manon des sources),4.0625,8,Manon of the Spring (Manon des sources) drama
84,1135,3.0,860398581,Private Benjamin (1980),comedy,1980,Private Benjamin,3.1153846153846154,13,Private Benjamin comedy
84,1187,3.0,860397544,Passion Fish (1992),drama,1992,Passion Fish,3.6,5,Passion Fish drama
84,1190,3.0,860397460,Tie Me Up! Tie Me Down! (¡Átame!) (1990),crime drama romance,1990,Tie Me Up! Tie Me Down! (¡Átame!),3.1666666666666665,6,Tie Me Up! Tie Me Down! (¡Átame!) crime drama romance
84,1194,3.0,860398764,Cheech and Chong's Up in Smoke (1978),comedy,1978,Cheech and Chong's Up in Smoke,3.590909090909091,11,Cheech and Chong's Up in Smoke comedy
84,1286,3.0,860398475,Somewhere in Time (1980),drama romance,1980,Somewhere in Time,3.071428571428572,7,Somewhere in Time drama romance
84,1290,3.0,860397426,Some Kind of Wonderful (1987),drama romance,1987,Some Kind of Wonderful,3.35,10,Some Kind of Wonderful drama romance
84,1295,5.0,858773024,"Unbearable Lightness of Being, The (1988)",drama,1988,"Unbearable Lightness of Being, The",3.227272727272727,11,"Unbearable Lightness of Being, The drama"
84,1296,4.0,858773054,"Room with a View, A (1986)",drama romance,1986,"Room with a View, A",3.7058823529411766,17,"Room with a View, A drama romance"
84,1395,3.0,860397530,Tin Men (1987),comedy drama,1987,Tin Men,3.0,5,Tin Men comedy drama
84,1414,4.0,858773205,Mother (1996),comedy,1996,Mother,3.0,8,Mother comedy
85,1683,3.0,889467078,"Wings of the Dove, The (1997)",drama romance,1997,"Wings of the Dove, The",4.416666666666667,6,"Wings of the Dove, The drama romance"
85,1694,4.0,889467185,"Apostle, The (1997)",drama,1997,"Apostle, The",3.0,7,"Apostle, The drama"
87,3910,4.0,1270703561,Dancer in the Dark (2000),drama musical,2000,Dancer in the Dark,3.975,20,Dancer in the Dark drama musical
88,74795,4.0,1331420671,Green Zone (2010),action drama thriller war,2010,Green Zone,3.5,9,Green Zone action drama thriller war
89,901,1.5,1520408436,Funny Face (1957),comedy musical,1957,Funny Face,3.0,7,Funny Face comedy musical
89,905,3.0,1520408275,It Happened One Night (1934),comedy romance,1934,It Happened One Night,4.321428571428571,14,It Happened One Night comedy romance
89,918,3.0,1520408424,Meet Me in St. Louis (1944),musical,1944,Meet Me in St. Louis,4.1,10,Meet Me in St. Louis musical
89,936,2.5,1520408345,Ninotchka (1939),comedy romance,1939,Ninotchka,4.0,6,Ninotchka comedy romance
89,945,4.0,1520408345,Top Hat (1935),comedy musical romance,1935,Top Hat,4.071428571428571,7,Top Hat comedy musical romance
89,950,3.0,1520408274,"Thin Man, The (1934)",comedy crime,1934,"Thin Man, The",3.857142857142857,7,"Thin Man, The comedy crime"
89,3061,2.0,1520408546,Holiday Inn (1942),comedy musical,1942,Holiday Inn,3.625,8,Holiday Inn comedy musical
89,3599,3.5,1520408480,Anchors Aweigh (1945),comedy musical,1945,Anchors Aweigh,3.2,5,Anchors Aweigh comedy musical
89,3991,4.5,1520408911,102 Dalmatians (2000),children comedy,2000,102 Dalmatians,2.7777777777777777,9,102 Dalmatians children comedy
89,4899,2.0,1520408933,Black Knight (2001),adventure comedy fantasy,2001,Black Knight,2.1875,8,Black Knight adventure comedy fantasy
89,5092,4.5,1520409069,Big Fat Liar (2002),children comedy,2002,Big Fat Liar,3.0,5,Big Fat Liar children comedy
89,5480,5.0,1520408858,Stuart Little 2 (2002),children comedy,2002,Stuart Little 2,2.6,5,Stuart Little 2 children comedy
89,5621,5.0,1520408474,"Tuxedo, The (2002)",action comedy,2002,"Tuxedo, The",2.5,10,"Tuxedo, The action comedy"
89,7381,4.0,1520408789,"Whole Ten Yards, The (2004)",action comedy crime,2004,"Whole Ten Yards, The",3.142857142857143,7,"Whole Ten Yards, The action comedy crime"
89,8372,5.0,1520409025,Garfield: The Movie (2004),animation children comedy,2004,Garfield: The Movie,2.3,5,Garfield: The Movie animation children comedy
89,8814,2.5,1520408567,Without a Paddle (2004),comedy,2004,Without a Paddle,2.0,7,Without a Paddle comedy
89,32596,3.0,1520408721,Sahara (2005),action adventure comedy,2005,Sahara,3.071428571428572,7,Sahara action adventure comedy
89,34332,4.5,1520409451,Sky High (2005),action adventure children comedy,2005,Sky High,2.9166666666666665,6,Sky High action adventure children comedy
89,37384,2.5,1520408723,Waiting... (2005),comedy,2005,Waiting...,3.269230769230769,13,Waiting... comedy
89,40339,4.0,1520408983,Chicken Little (2005),action adventure animation children comedy sci-fi,2005,Chicken Little,2.2857142857142856,7,Chicken Little action adventure animation children comedy sci-fi
89,42725,2.0,1520408794,Grandma's Boy (2006),comedy,2006,Grandma's Boy,2.571428571428572,7,Grandma's Boy comedy
89,48520,2.0,1520408616,Employee of the Month (2006),comedy,2006,Employee of the Month,2.833333333333333,6,Employee of the Month comedy
89,48982,4.0,1520408708,Flushed Away (2006),animation comedy,2006,Flushed Away,3.5,7,Flushed Away animation comedy
89,51575,2.0,1520408643,Wild Hogs (2007),adventure comedy,2007,Wild Hogs,2.3,5,Wild Hogs adventure comedy
89,55269,2.5,1520408560,"Darjeeling Limited, The (2007)",adventure comedy drama,2007,"Darjeeling Limited, The",3.4285714285714284,21,"Darjeeling Limited, The adventure comedy drama"
89,81537,3.0,1520408823,Due Date (2010),comedy,2010,Due Date,3.1,10,Due Date comedy
89,82854,2.0,1520408903,Gulliver's Travels (2010),adventure comedy fantasy,2010,Gulliver's Travels,1.8333333333333333,6,Gulliver's Travels adventure comedy fantasy
89,84944,5.0,1520409052,Rango (2011),action adventure animation children comedy western,2011,Rango,3.6176470588235294,17,Rango action adventure animation children comedy western
89,85881,4.5,1520409191,Win Win (2011),comedy drama,2011,Win Win,3.75,6,Win Win comedy drama
89,86298,2.5,1520408640,Rio (2011),adventure animation children comedy,2011,Rio,3.125,8,Rio adventure animation children comedy
89,88785,2.0,1520408813,"Change-Up, The (2011)",comedy,2011,"Change-Up, The",2.85,10,"Change-Up, The comedy"
89,88812,2.5,1520408859,30 Minutes or Less (2011),action comedy crime,2011,30 Minutes or Less,2.6666666666666665,6,30 Minutes or Less action comedy crime
89,97836,2.5,1520408701,Here Comes the Boom (2012),action comedy,2012,Here Comes the Boom,2.571428571428572,7,Here Comes the Boom action comedy
89,99117,3.0,1520408803,This Is 40 (2012),drama,2012,This Is 40,3.125,8,This Is 40 drama
89,102686,3.5,1520408925,"Hangover Part III, The (2013)",comedy,2013,"Hangover Part III, The",3.375,8,"Hangover Part III, The comedy"
89,113453,2.5,1520408844,Let's Be Cops (2014),comedy crime,2014,Let's Be Cops,3.1,5,Let's Be Cops comedy crime
89,129354,5.0,1520408802,Focus (2015),comedy crime drama romance,2015,Focus,3.25,10,Focus comedy crime drama romance
89,130520,2.0,1520408586,Home (2015),adventure animation children comedy fantasy sci-fi,2015,Home,3.25,8,Home adventure animation children comedy fantasy sci-fi
89,140711,3.5,1520408959,American Ultra (2015),action comedy sci-fi thriller,2015,American Ultra,2.6666666666666665,6,American Ultra action comedy sci-fi thriller
89,149352,1.5,1520408895,Daddy's Home (2015),comedy,2015,Daddy's Home,2.6666666666666665,6,Daddy's Home comedy
89,157296,5.0,1520409109,Finding Dory (2016),adventure animation comedy,2016,Finding Dory,3.576923076923077,13,Finding Dory adventure animation comedy
89,177765,2.0,1520408282,Coco (2017),adventure animation children,2017,Coco,3.5384615384615383,13,Coco adventure animation children
90,68,3.0,856354249,French Twist (Gazon maudit) (1995),comedy romance,1995,French Twist (Gazon maudit),3.4,5,French Twist (Gazon maudit) comedy romance
90,81,3.0,856354174,Things to Do in Denver When You're Dead (1995),crime drama romance,1995,Things to Do in Denver When You're Dead,3.107142857142857,14,Things to Do in Denver When You're Dead crime drama romance
90,85,5.0,856354195,Angels and Insects (1995),drama romance,1995,Angels and Insects,3.857142857142857,7,Angels and Insects drama romance
90,116,5.0,856354268,Anne Frank Remembered (1995),documentary,1995,Anne Frank Remembered,3.9,5,Anne Frank Remembered documentary
90,735,4.0,856354329,Cemetery Man (Dellamorte Dellamore) (1994),horror,1994,Cemetery Man (Dellamorte Dellamore),3.928571428571429,7,Cemetery Man (Dellamorte Dellamore) horror
90,1034,5.0,856354451,Freeway (1996),comedy crime drama thriller,1996,Freeway,3.1,5,Freeway comedy crime drama thriller
90,1366,4.0,856354367,"Crucible, The (1996)",drama,1996,"Crucible, The",3.9,5,"Crucible, The drama"
90,1411,5.0,856354329,Hamlet (1996),crime drama romance,1996,Hamlet,4.0,16,Hamlet crime drama romance
91,464,4.0,1112716881,Hard Target (1993),action adventure crime thriller,1993,Hard Target,2.9,10,Hard Target action adventure crime thriller
91,533,4.0,1112716908,"Shadow, The (1994)",action adventure fantasy mystery,1994,"Shadow, The",2.888888888888889,18,"Shadow, The action adventure fantasy mystery"
91,1241,4.5,1112711920,Dead Alive (Braindead) (1992),comedy fantasy horror,1992,Dead Alive (Braindead),4.05,10,Dead Alive (Braindead) comedy fantasy horror
91,1321,4.5,1112711566,"American Werewolf in London, An (1981)",comedy horror thriller,1981,"American Werewolf in London, An",3.4130434782608696,23,"American Werewolf in London, An comedy horror thriller"
91,1760,0.5,1112717209,Spice World (1997),comedy,1997,Spice World,1.35,10,Spice World comedy
91,1974,4.0,1112718168,Friday the 13th (1980),horror mystery thriller,1980,Friday the 13th,2.875,16,Friday the 13th horror mystery thriller
91,2117,4.0,1112716780,1984 (Nineteen Eighty-Four) (1984),drama sci-fi,1984,1984 (Nineteen Eighty-Four),3.7142857142857135,14,1984 (Nineteen Eighty-Four) drama sci-fi
91,2122,4.0,1112717166,Children of the Corn (1984),horror thriller,1984,Children of the Corn,2.4545454545454546,11,Children of the Corn horror thriller
91,2138,4.0,1112711799,Watership Down (1978),adventure animation children drama fantasy,1978,Watership Down,4.05,10,Watership Down adventure animation children drama fantasy
91,2456,2.5,1112717082,"Fly II, The (1989)",horror sci-fi,1989,"Fly II, The",2.2777777777777777,9,"Fly II, The horror sci-fi"
91,3018,4.5,1112712579,Re-Animator (1985),comedy horror sci-fi,1985,Re-Animator,3.45,10,Re-Animator comedy horror sci-fi
91,3153,4.0,1112711869,"7th Voyage of Sinbad, The (1958)",action adventure fantasy,1958,"7th Voyage of Sinbad, The",4.4,5,"7th Voyage of Sinbad, The action adventure fantasy"
91,3182,4.0,1112717068,"Mr. Death: The Rise and Fall of Fred A. Leuchter, Jr. (1999)",documentary,1999,"Mr. Death: The Rise and Fall of Fred A. Leuchter, Jr.",4.0,5,"Mr. Death: The Rise and Fall of Fred A. Leuchter, Jr. documentary"
91,3267,4.0,1112711722,"Mariachi, El (1992)",action crime thriller western,1992,"Mariachi, El",3.555555555555556,18,"Mariachi, El action crime thriller western"
91,3727,4.5,1112711593,Near Dark (1987),horror western,1987,Near Dark,4.3125,8,Near Dark horror western
91,3840,4.0,1112717426,Pumpkinhead (1988),horror,1988,Pumpkinhead,2.4,5,Pumpkinhead horror
91,4109,3.0,1112717414,Flowers in the Attic (1987),drama thriller,1987,Flowers in the Attic,2.571428571428572,7,Flowers in the Attic drama thriller
91,4214,2.0,1112716990,Revenge of the Nerds (1984),comedy,1984,Revenge of the Nerds,2.8846153846153846,13,Revenge of the Nerds comedy
91,4254,2.0,1112716988,Crocodile Dundee in Los Angeles (2001),comedy drama,2001,Crocodile Dundee in Los Angeles,2.1923076923076925,13,Crocodile Dundee in Los Angeles comedy drama
91,4304,4.0,1112717002,Startup.com (2001),documentary,2001,Startup.com,3.6,5,Startup.com documentary
91,4587,1.0,1112716992,Earth Girls Are Easy (1988),comedy musical sci-fi,1988,Earth Girls Are Easy,2.25,8,Earth Girls Are Easy comedy musical sci-fi
91,4678,5.0,1112712625,UHF (1989),comedy,1989,UHF,3.4444444444444446,9,UHF comedy
91,4774,1.0,1112717363,Big Trouble (2002),comedy crime,2002,Big Trouble,2.1666666666666665,6,Big Trouble comedy crime
91,5294,3.5,1112712934,Frailty (2001),crime drama thriller,2001,Frailty,3.863636363636364,11,Frailty crime drama thriller
91,5479,4.0,1112716967,K-19: The Widowmaker (2002),action adventure drama thriller,2002,K-19: The Widowmaker,3.5,6,K-19: The Widowmaker action adventure drama thriller
91,5650,4.5,1112711710,Strange Brew (1983),comedy,1983,Strange Brew,3.5454545454545454,11,Strange Brew comedy
91,6283,4.5,1112711118,Cowboy Bebop: The Movie (Cowboy Bebop: Tengoku no Tobira) (2001),action animation sci-fi thriller,2001,Cowboy Bebop: The Movie (Cowboy Bebop: Tengoku no Tobira),3.9,20,Cowboy Bebop: The Movie (Cowboy Bebop: Tengoku no Tobira) action animation sci-fi thriller
91,6461,3.5,1112711560,"Unforgiven, The (1960)",drama western,1960,"Unforgiven, The",3.8333333333333335,6,"Unforgiven, The drama western"
91,6620,3.5,1112713155,American Splendor (2003),comedy drama,2003,American Splendor,3.8333333333333335,18,American Splendor comedy drama
91,6731,4.5,1112712674,Day of the Dead (1985),horror sci-fi thriller,1985,Day of the Dead,3.625,8,Day of the Dead horror sci-fi thriller
91,6820,5.0,1112712545,Ginger Snaps (2000),drama horror thriller,2000,Ginger Snaps,4.0,6,Ginger Snaps drama horror thriller
91,7802,4.0,1112711552,"Warriors, The (1979)",action adventure crime thriller,1979,"Warriors, The",3.9375,8,"Warriors, The action adventure crime thriller"
91,8266,1.5,1112717277,Purple Rain (1984),drama musical,1984,Purple Rain,2.7,5,Purple Rain drama musical
91,8507,2.5,1112713025,Freaks (1932),crime drama horror,1932,Freaks,3.1666666666666665,9,Freaks crime drama horror
91,27317,4.5,1112713059,Audition (Ôdishon) (1999),drama horror mystery romance thriller,1999,Audition (Ôdishon),3.75,6,Audition (Ôdishon) drama horror mystery romance thriller
92,2114,3.0,1294941607,"Outsiders, The (1983)",drama,1983,"Outsiders, The",3.71875,16,"Outsiders, The drama"
92,2398,4.0,1294941484,Miracle on 34th Street (1947),comedy drama,1947,Miracle on 34th Street,4.0588235294117645,17,Miracle on 34th Street comedy drama
92,54190,4.0,1294942995,Across the Universe (2007),drama fantasy musical romance,2007,Across the Universe,4.045454545454546,11,Across the Universe drama fantasy musical romance
95,2600,2.5,1105401161,eXistenZ (1999),action sci-fi thriller,1999,eXistenZ,3.863636363636364,22,eXistenZ action sci-fi thriller
95,3071,4.0,1043340283,Stand and Deliver (1988),comedy drama,1988,Stand and Deliver,3.5,9,Stand and Deliver comedy drama
95,3690,2.0,1043339908,Porky's Revenge (1985),comedy,1985,Porky's Revenge,2.0,5,Porky's Revenge comedy
95,4732,1.0,1043339283,Bubble Boy (2001),comedy,2001,Bubble Boy,1.8888888888888888,9,Bubble Boy comedy
95,4954,4.0,1043340248,Ocean's Eleven (a.k.a. Ocean's 11) (1960),comedy crime,1960,Ocean's Eleven (a.k.a. Ocean's 11),3.636363636363636,11,Ocean's Eleven (a.k.a. Ocean's 11) comedy crime
95,5027,4.0,1043339419,Another 48 Hrs. (1990),action comedy crime drama thriller,1990,Another 48 Hrs.,3.0,5,Another 48 Hrs. action comedy crime drama thriller
95,5072,5.0,1043339248,Metropolis (2001),animation sci-fi,2001,Metropolis,3.9615384615384617,13,Metropolis animation sci-fi
95,5247,4.0,1043339852,Smokey and the Bandit (1977),action comedy,1977,Smokey and the Bandit,2.7222222222222223,9,Smokey and the Bandit action comedy
95,5792,4.0,1053153647,Roger Dodger (2002),comedy drama,2002,Roger Dodger,3.6666666666666665,6,Roger Dodger comedy drama
95,6367,3.5,1071803926,Down with Love (2003),comedy romance,2003,Down with Love,2.9,10,Down with Love comedy romance
97,5420,3.0,1047481371,Windtalkers (2002),action drama war,2002,Windtalkers,2.875,8,Windtalkers action drama war
98,71745,0.5,1532457670,Where the Wild Things Are (2009),adventure children drama fantasy imax,2009,Where the Wild Things Are,2.6666666666666665,12,Where the Wild Things Are adventure children drama fantasy imax
98,79139,3.0,1532457683,"Sorcerer's Apprentice, The (2010)",action adventure children comedy fantasy,2010,"Sorcerer's Apprentice, The",3.45,10,"Sorcerer's Apprentice, The action adventure children comedy fantasy"
100,1958,5.0,1100186258,Terms of Endearment (1983),comedy drama,1983,Terms of Endearment,3.7954545454545454,22,Terms of Endearment comedy drama
100,2262,4.0,1100186135,About Last Night... (1986),comedy drama romance,1986,About Last Night...,3.0,9,About Last Night... comedy drama romance
100,3244,4.0,1100184414,"Goodbye Girl, The (1977)",comedy romance,1977,"Goodbye Girl, The",3.7083333333333335,12,"Goodbye Girl, The comedy romance"
100,5380,4.5,1100184334,"Importance of Being Earnest, The (2002)",comedy drama romance,2002,"Importance of Being Earnest, The",3.85,10,"Importance of Being Earnest, The comedy drama romance"
101,233,4.0,968440983,Exotica (1994),drama,1994,Exotica,3.5,12,Exotica drama
103,4873,5.0,1431970392,Waking Life (2001),animation drama fantasy,2001,Waking Life,3.684210526315789,19,Waking Life animation drama fantasy
103,7367,3.5,1477364901,"Ladykillers, The (2004)",comedy crime,2004,"Ladykillers, The",2.571428571428572,14,"Ladykillers, The comedy crime"
103,50912,3.5,1477364912,"Paris, I Love You (Paris, je t'aime) (2006)",romance,2006,"Paris, I Love You (Paris, je t'aime)",2.9375,8,"Paris, I Love You (Paris, je t'aime) romance"
103,59022,4.0,1431955536,Harold & Kumar Escape from Guantanamo Bay (2008),adventure comedy,2008,Harold & Kumar Escape from Guantanamo Bay,3.3076923076923075,13,Harold & Kumar Escape from Guantanamo Bay adventure comedy
103,65088,3.5,1431955687,Bedtime Stories (2008),adventure children comedy,2008,Bedtime Stories,3.363636363636364,11,Bedtime Stories adventure children comedy
103,65802,2.5,1431955821,Paul Blart: Mall Cop (2009),action comedy crime,2009,Paul Blart: Mall Cop,2.7142857142857144,7,Paul Blart: Mall Cop action comedy crime
103,81156,4.0,1431956024,Jackass 3D (2010),action comedy documentary,2010,Jackass 3D,3.9166666666666665,6,Jackass 3D action comedy documentary
103,90890,4.0,1431956407,Jack and Jill (2011),comedy,2011,Jack and Jill,2.3,5,Jack and Jill comedy
103,91653,3.5,1431956017,We Bought a Zoo (2011),comedy drama,2011,We Bought a Zoo,3.3,5,We Bought a Zoo comedy drama
103,91976,3.5,1431955827,"Grey, The (2012)",action drama,2012,"Grey, The",2.9166666666666665,6,"Grey, The action drama"
103,96728,4.0,1477364754,"Master, The (2012)",drama,2012,"Master, The",3.9166666666666665,6,"Master, The drama"
103,106766,3.5,1477364924,Inside Llewyn Davis (2013),drama,2013,Inside Llewyn Davis,3.642857142857143,7,Inside Llewyn Davis drama
103,116799,4.0,1477364747,Inherent Vice (2014),comedy crime drama mystery romance,2014,Inherent Vice,3.6666666666666665,6,Inherent Vice comedy crime drama mystery romance
103,132046,1.0,1440773794,Tomorrowland (2015),action adventure children mystery sci-fi,2015,Tomorrowland,2.5,7,Tomorrowland action adventure children mystery sci-fi
104,938,3.0,1161675732,Gigi (1958),musical,1958,Gigi,3.25,6,Gigi musical
104,1833,2.5,1079946599,Mercury Rising (1998),action drama thriller,1998,Mercury Rising,3.0,13,Mercury Rising action drama thriller
104,2325,3.5,1165481857,Orgazmo (1997),comedy,1997,Orgazmo,3.1153846153846154,13,Orgazmo comedy
104,2551,2.0,1101152649,Dead Ringers (1988),drama horror thriller,1988,Dead Ringers,3.6875,8,Dead Ringers drama horror thriller
104,4676,3.0,1078081284,Troop Beverly Hills (1989),comedy,1989,Troop Beverly Hills,1.9166666666666667,6,Troop Beverly Hills comedy
104,4941,2.5,1079946642,Flash Gordon (1980),action adventure sci-fi,1980,Flash Gordon,3.1875,8,Flash Gordon action adventure sci-fi
104,7034,5.0,1076898196,Show Me Love (Fucking Åmål) (1998),drama romance,1998,Show Me Love (Fucking Åmål),3.8125,8,Show Me Love (Fucking Åmål) drama romance
104,7036,3.0,1076898203,Teen Wolf (1985),comedy fantasy,1985,Teen Wolf,3.142857142857143,7,Teen Wolf comedy fantasy
104,7380,3.5,1325159204,Ella Enchanted (2004),comedy fantasy romance,2004,Ella Enchanted,3.357142857142857,7,Ella Enchanted comedy fantasy romance
104,8643,2.5,1337121520,"Cinderella Story, A (2004)",comedy romance,2004,"Cinderella Story, A",3.2777777777777777,9,"Cinderella Story, A comedy romance"
104,8796,3.5,1090595771,"Funny Thing Happened on the Way to the Forum, A (1966)",comedy musical,1966,"Funny Thing Happened on the Way to the Forum, A",3.1,5,"Funny Thing Happened on the Way to the Forum, A comedy musical"
104,85401,2.5,1352760286,Super (2010),action comedy drama,2010,Super,2.9,5,Super action comedy drama
105,213,4.5,1446610221,Burnt by the Sun (Utomlyonnye solntsem) (1994),drama,1994,Burnt by the Sun (Utomlyonnye solntsem),3.8333333333333335,6,Burnt by the Sun (Utomlyonnye solntsem) drama
105,1178,4.0,1447574111,Paths of Glory (1957),drama war,1957,Paths of Glory,4.541666666666667,12,Paths of Glory drama war
105,1354,4.0,1448647819,Breaking the Waves (1996),drama mystery,1996,Breaking the Waves,4.071428571428571,7,Breaking the Waves drama mystery
105,3310,4.5,1447411199,"Kid, The (1921)",comedy drama,1921,"Kid, The",4.1,5,"Kid, The comedy drama"
105,3629,4.5,1446621883,"Gold Rush, The (1925)",adventure comedy romance,1925,"Gold Rush, The",4.071428571428571,7,"Gold Rush, The adventure comedy romance"
105,3742,4.0,1446618693,Battleship Potemkin (1925),drama war,1925,Battleship Potemkin,3.65,10,Battleship Potemkin drama war
105,3821,3.0,1446773259,Nutty Professor II: The Klumps (2000),comedy,2000,Nutty Professor II: The Klumps,2.28125,16,Nutty Professor II: The Klumps comedy
105,6187,5.0,1446773622,"Life of David Gale, The (2003)",crime drama thriller,2003,"Life of David Gale, The",3.8125,8,"Life of David Gale, The crime drama thriller"
105,6777,3.5,1446572512,Judgment at Nuremberg (1961),drama,1961,Judgment at Nuremberg,3.6,5,Judgment at Nuremberg drama
105,6985,4.5,1446572291,"Passion of Joan of Arc, The (Passion de Jeanne d'Arc, La) (1928)",drama,1928,"Passion of Joan of Arc, The (Passion de Jeanne d'Arc, La)",3.9,5,"Passion of Joan of Arc, The (Passion de Jeanne d'Arc, La) drama"
105,7347,4.0,1447563002,Secret Window (2004),mystery thriller,2004,Secret Window,3.3,15,Secret Window mystery thriller
105,7371,5.0,1446773455,Dogville (2003),drama mystery thriller,2003,Dogville,4.025,20,Dogville drama mystery thriller
105,8638,4.0,1446572158,Before Sunset (2004),drama romance,2004,Before Sunset,3.7,15,Before Sunset drama romance
105,9010,4.5,1447537728,Love Me If You Dare (Jeux d'enfants) (2003),drama romance,2003,Love Me If You Dare (Jeux d'enfants),4.1,5,Love Me If You Dare (Jeux d'enfants) drama romance
105,26662,4.0,1446572709,Kiki's Delivery Service (Majo no takkyûbin) (1989),adventure animation children drama fantasy,1989,Kiki's Delivery Service (Majo no takkyûbin),4.0588235294117645,17,Kiki's Delivery Service (Majo no takkyûbin) adventure animation children drama fantasy
105,26903,4.0,1446572250,Whisper of the Heart (Mimi wo sumaseba) (1995),animation drama romance,1995,Whisper of the Heart (Mimi wo sumaseba),3.8,5,Whisper of the Heart (Mimi wo sumaseba) animation drama romance
105,27803,4.0,1446572246,"Sea Inside, The (Mar adentro) (2004)",drama,2004,"Sea Inside, The (Mar adentro)",4.0,8,"Sea Inside, The (Mar adentro) drama"
105,27815,4.5,1446572382,"Chorus, The (Choristes, Les) (2004)",drama,2004,"Chorus, The (Choristes, Les)",3.909090909090909,11,"Chorus, The (Choristes, Les) drama"
105,36401,3.0,1447563513,"Brothers Grimm, The (2005)",comedy fantasy horror thriller,2005,"Brothers Grimm, The",2.625,20,"Brothers Grimm, The comedy fantasy horror thriller"
105,57504,4.5,1446572284,"Girl Who Leapt Through Time, The (Toki o kakeru shôjo) (2006)",animation comedy drama romance sci-fi,2006,"Girl Who Leapt Through Time, The (Toki o kakeru shôjo)",4.1,10,"Girl Who Leapt Through Time, The (Toki o kakeru shôjo) animation comedy drama romance sci-fi"
105,66371,3.5,1446572223,Departures (Okuribito) (2008),drama,2008,Departures (Okuribito),4.1,5,Departures (Okuribito) drama
105,67923,4.0,1446618556,"Fast & Furious (Fast and the Furious 4, The) (2009)",action crime drama thriller,2009,"Fast & Furious (Fast and the Furious 4, The)",3.25,10,"Fast & Furious (Fast and the Furious 4, The) action crime drama thriller"
105,69134,5.0,1448647845,Antichrist (2009),drama fantasy,2009,Antichrist,3.8,5,Antichrist drama fantasy
105,86320,5.0,1448647783,Melancholia (2011),drama sci-fi,2011,Melancholia,3.071428571428572,7,Melancholia drama sci-fi
105,86347,4.5,1526207712,Louis C.K.: Chewed Up (2008),comedy,2008,Louis C.K.: Chewed Up,3.2857142857142856,7,Louis C.K.: Chewed Up comedy
105,103235,4.5,1447579862,"Best Offer, The (Migliore offerta, La) (2013)",thriller,2013,"Best Offer, The (Migliore offerta, La)",4.0,5,"Best Offer, The (Migliore offerta, La) thriller"
108,4159,2.0,1042840682,3000 Miles to Graceland (2001),action thriller,2001,3000 Miles to Graceland,2.7142857142857144,7,3000 Miles to Graceland action thriller
108,4889,3.0,1042838935,Heist (2001),crime drama,2001,Heist,3.4285714285714284,7,Heist crime drama
108,4994,3.0,1042841689,"Majestic, The (2001)",comedy drama romance,2001,"Majestic, The",3.5,10,"Majestic, The comedy drama romance"
108,5135,4.0,1042838912,Monsoon Wedding (2001),comedy romance,2001,Monsoon Wedding,3.8333333333333335,12,Monsoon Wedding comedy romance
108,5303,5.0,1042839719,Joe Versus the Volcano (1990),comedy romance,1990,Joe Versus the Volcano,3.4285714285714284,7,Joe Versus the Volcano comedy romance
108,5309,3.0,1042840682,Three Men and a Little Lady (1990),comedy romance,1990,Three Men and a Little Lady,2.5625,8,Three Men and a Little Lady comedy romance
108,5316,4.0,1042841663,Enigma (2001),romance thriller,2001,Enigma,3.142857142857143,7,Enigma romance thriller
108,5450,5.0,1042839079,Lovely & Amazing (2001),comedy drama romance,2001,Lovely & Amazing,3.2,5,Lovely & Amazing comedy drama romance
108,5881,5.0,1042840085,Solaris (2002),drama romance sci-fi,2002,Solaris,3.075,20,Solaris drama romance sci-fi
109,346,4.0,841141700,Backbeat (1993),drama musical,1993,Backbeat,3.5,6,Backbeat drama musical
111,2447,4.0,1516156222,Varsity Blues (1999),comedy drama,1999,Varsity Blues,3.2666666666666666,15,Varsity Blues comedy drama
111,3979,1.5,1516144021,Little Nicky (2000),comedy,2000,Little Nicky,2.5,24,Little Nicky comedy
111,4228,2.5,1516151595,Heartbreakers (2001),comedy crime romance,2001,Heartbreakers,2.15,10,Heartbreakers comedy crime romance
111,4247,3.0,1516141686,Joe Dirt (2001),adventure comedy mystery romance,2001,Joe Dirt,2.380952380952381,21,Joe Dirt adventure comedy mystery romance
111,4649,4.5,1516152350,Wet Hot American Summer (2001),comedy,2001,Wet Hot American Summer,3.642857142857143,7,Wet Hot American Summer comedy
111,4900,4.0,1516153877,Out Cold (2001),comedy,2001,Out Cold,3.0,5,Out Cold comedy
111,5025,3.0,1516141691,Orange County (2002),comedy,2002,Orange County,2.6333333333333333,15,Orange County comedy
111,5363,3.0,1516152507,"New Guy, The (2002)",comedy,2002,"New Guy, The",2.5,9,"New Guy, The comedy"
111,5501,3.5,1516152705,"Master of Disguise, The (2002)",comedy mystery,2002,"Master of Disguise, The",1.8571428571428568,7,"Master of Disguise, The comedy mystery"
111,5524,3.5,1518640673,Blue Crush (2002),adventure drama romance,2002,Blue Crush,2.6875,8,Blue Crush adventure drama romance
111,5942,3.0,1516151924,"Hot Chick, The (2002)",comedy,2002,"Hot Chick, The",2.833333333333333,6,"Hot Chick, The comedy"
111,6003,4.0,1516468531,Confessions of a Dangerous Mind (2002),comedy crime drama thriller,2002,Confessions of a Dangerous Mind,3.6,15,Confessions of a Dangerous Mind comedy crime drama thriller
111,6482,1.5,1516151600,Dumb and Dumberer: When Harry Met Lloyd (2003),comedy,2003,Dumb and Dumberer: When Harry Met Lloyd,1.9545454545454544,11,Dumb and Dumberer: When Harry Met Lloyd comedy
111,7285,3.5,1516141854,Thirteen (2003),drama,2003,Thirteen,3.611111111111111,9,Thirteen drama
111,7439,3.0,1516144232,"Punisher, The (2004)",action crime thriller,2004,"Punisher, The",3.5,14,"Punisher, The action crime thriller"
111,8531,3.5,1516151474,White Chicks (2004),action comedy crime,2004,White Chicks,2.833333333333333,6,White Chicks action comedy crime
111,34520,2.5,1516152245,"Dukes of Hazzard, The (2005)",action adventure comedy,2005,"Dukes of Hazzard, The",2.083333333333333,12,"Dukes of Hazzard, The action adventure comedy"
111,40581,4.5,1516152390,Just Friends (2005),comedy romance,2005,Just Friends,2.9166666666666665,6,Just Friends comedy romance
111,44840,2.5,1516153280,"Benchwarmers, The (2006)",comedy,2006,"Benchwarmers, The",2.772727272727273,11,"Benchwarmers, The comedy"
111,44972,0.5,1516151609,Scary Movie 4 (2006),comedy horror,2006,Scary Movie 4,2.25,12,Scary Movie 4 comedy horror
111,47640,4.5,1516152263,Beerfest (2006),comedy,2006,Beerfest,3.5,6,Beerfest comedy
111,48322,5.0,1516153342,Jackass Number Two (2006),comedy documentary,2006,Jackass Number Two,3.571428571428572,7,Jackass Number Two comedy documentary
111,49396,4.0,1516151901,Tenacious D in The Pick of Destiny (2006),adventure comedy musical,2006,Tenacious D in The Pick of Destiny,3.4444444444444446,9,Tenacious D in The Pick of Destiny adventure comedy musical
111,55261,2.5,1516153607,"Heartbreak Kid, The (2007)",comedy drama romance,2007,"Heartbreak Kid, The",2.5,8,"Heartbreak Kid, The comedy drama romance"
111,55872,3.0,1516152241,August Rush (2007),drama musical,2007,August Rush,3.5,6,August Rush drama musical
111,56805,2.5,1516152430,Walk Hard: The Dewey Cox Story (2007),comedy musical,2007,Walk Hard: The Dewey Cox Story,3.3,5,Walk Hard: The Dewey Cox Story comedy musical
111,58156,3.5,1516152505,Semi-Pro (2008),comedy,2008,Semi-Pro,2.9,10,Semi-Pro comedy
111,69436,4.0,1516152357,Year One (2009),adventure comedy,2009,Year One,2.7857142857142856,7,Year One adventure comedy
111,71838,3.0,1516141888,Law Abiding Citizen (2009),drama thriller,2009,Law Abiding Citizen,3.0625,8,Law Abiding Citizen drama thriller
111,74532,5.0,1516155906,Cop Out (2010),action comedy crime,2010,Cop Out,2.5,5,Cop Out action comedy crime
111,78209,5.0,1516151469,Get Him to the Greek (2010),comedy,2010,Get Him to the Greek,3.55,10,Get Him to the Greek comedy
111,79428,3.0,1516155080,Dinner for Schmucks (2010),comedy,2010,Dinner for Schmucks,3.2857142857142856,7,Dinner for Schmucks comedy
111,82852,1.0,1516152440,Little Fockers (2010),comedy,2010,Little Fockers,1.8333333333333333,6,Little Fockers comedy
111,85367,5.0,1516153855,Just Go with It (2011),comedy romance,2011,Just Go with It,3.2142857142857144,7,Just Go with It comedy romance
111,87483,3.0,1516155247,Mr. Popper's Penguins (2011),comedy,2011,Mr. Popper's Penguins,2.7,5,Mr. Popper's Penguins comedy
111,87529,5.0,1516156030,Your Highness (2011),action adventure comedy fantasy,2011,Your Highness,3.111111111111111,9,Your Highness action adventure comedy fantasy
111,91323,4.5,1517441418,"Sitter, The (2011)",comedy,2011,"Sitter, The",2.9,5,"Sitter, The comedy"
111,93270,1.5,1516152647,Project X (2012),comedy,2012,Project X,2.0625,8,Project X comedy
111,94478,4.0,1516151853,Dark Shadows (2012),comedy horror imax,2012,Dark Shadows,2.5,6,Dark Shadows comedy horror imax
111,94953,4.5,1516154994,Wanderlust (2012),comedy,2012,Wanderlust,3.0,5,Wanderlust comedy
111,95720,4.0,1517441434,"Watch, The (2012)",comedy sci-fi,2012,"Watch, The",3.0,9,"Watch, The comedy sci-fi"
111,99007,2.0,1516151605,Warm Bodies (2013),comedy horror romance,2013,Warm Bodies,3.5,14,Warm Bodies comedy horror romance
111,101142,3.5,1516151905,"Croods, The (2013)",adventure animation comedy,2013,"Croods, The",3.7777777777777777,9,"Croods, The adventure animation comedy"
111,104218,4.5,1516154964,Grown Ups 2 (2013),comedy,2013,Grown Ups 2,3.4,5,Grown Ups 2 comedy
111,110771,4.5,1516154905,"Other Woman, The (2014)",comedy romance,2014,"Other Woman, The",2.9166666666666665,6,"Other Woman, The comedy romance"
111,135137,4.0,1516152610,Pixels (2015),action comedy sci-fi,2015,Pixels,2.583333333333333,6,Pixels action comedy sci-fi
111,135436,2.5,1516153517,The Secret Life of Pets (2016),animation comedy,2016,The Secret Life of Pets,3.071428571428572,7,The Secret Life of Pets animation comedy
111,136598,4.0,1516153520,Vacation (2015),adventure comedy,2015,Vacation,3.4166666666666665,6,Vacation adventure comedy
111,156609,2.0,1516153694,Neighbors 2: Sorority Rising (2016),comedy,2016,Neighbors 2: Sorority Rising,2.6,5,Neighbors 2: Sorority Rising comedy
111,157699,4.5,1516152764,Snowden (2016),drama thriller,2016,Snowden,3.8333333333333335,6,Snowden drama thriller
111,160080,3.5,1516154833,Ghostbusters (2016),action comedy horror sci-fi,2016,Ghostbusters,3.125,8,Ghostbusters action comedy horror sci-fi
111,166461,4.5,1516151400,Moana (2016),adventure animation children comedy fantasy,2016,Moana,3.45,10,Moana adventure animation children comedy fantasy
111,167746,3.5,1516468575,The Lego Batman Movie (2017),action animation comedy,2017,The Lego Batman Movie,3.7142857142857135,7,The Lego Batman Movie action animation comedy
111,168418,4.5,1516153655,The Boss Baby (2017),animation children comedy,2017,The Boss Baby,3.8,5,The Boss Baby animation children comedy
113,71,1.0,980051522,Fair Game (1995),action,1995,Fair Game,1.7,5,Fair Game action
113,1043,2.0,980051894,To Gillian on Her 37th Birthday (1996),drama romance,1996,To Gillian on Her 37th Birthday,2.4,5,To Gillian on Her 37th Birthday drama romance
113,1589,2.0,980307560,Cop Land (1997),action crime drama thriller,1997,Cop Land,3.28125,16,Cop Land action crime drama thriller
113,1735,2.0,980051704,Great Expectations (1998),drama romance,1998,Great Expectations,3.3181818181818183,11,Great Expectations drama romance
113,2132,5.0,980307093,Who's Afraid of Virginia Woolf? (1966),drama,1966,Who's Afraid of Virginia Woolf?,4.142857142857143,7,Who's Afraid of Virginia Woolf? drama
113,2764,5.0,980307201,"Thomas Crown Affair, The (1968)",crime drama romance thriller,1968,"Thomas Crown Affair, The",4.0,7,"Thomas Crown Affair, The crime drama romance thriller"
113,3099,5.0,980306983,Shampoo (1975),comedy drama romance,1975,Shampoo,3.071428571428572,7,Shampoo comedy drama romance
113,3251,4.0,980307456,Agnes of God (1985),drama mystery,1985,Agnes of God,3.7,5,Agnes of God drama mystery
113,3296,5.0,980307140,To Sir with Love (1967),drama,1967,To Sir with Love,4.071428571428571,7,To Sir with Love drama
113,3831,5.0,980051421,Saving Grace (2000),comedy,2000,Saving Grace,3.909090909090909,11,Saving Grace comedy
114,127198,3.5,1485387585,Dope (2015),comedy drama,2015,Dope,3.583333333333333,6,Dope comedy drama
115,2772,1.0,965425111,Detroit Rock City (1999),comedy,1999,Detroit Rock City,2.85,10,Detroit Rock City comedy
117,73,4.0,844163663,"Misérables, Les (1995)",drama war,1995,"Misérables, Les",3.4615384615384617,13,"Misérables, Les drama war"
117,656,3.0,844163962,Eddie (1996),comedy,1996,Eddie,3.0,5,Eddie comedy
119,95105,4.0,1439059096,Madagascar 3: Europe's Most Wanted (2012),adventure animation children comedy imax,2012,Madagascar 3: Europe's Most Wanted,3.388888888888889,9,Madagascar 3: Europe's Most Wanted adventure animation children comedy imax
119,99112,4.0,1436563613,Jack Reacher (2012),action crime thriller,2012,Jack Reacher,3.4166666666666665,12,Jack Reacher action crime thriller
119,110730,4.0,1455657237,Transcendence (2014),drama sci-fi imax,2014,Transcendence,2.2857142857142856,7,Transcendence drama sci-fi imax
119,120635,4.5,1437859125,Taken 3 (2015),action crime thriller,2015,Taken 3,2.7,5,Taken 3 action crime thriller
119,136562,3.5,1459195741,Steve Jobs (2015),drama,2015,Steve Jobs,3.75,6,Steve Jobs drama
119,138210,5.0,1499021338,13 Hours (2016),drama,2016,13 Hours,3.3,5,13 Hours drama
122,52319,4.5,1461562790,Inglorious Bastards (Quel maledetto treno blindato) (1978),action adventure drama war,1978,Inglorious Bastards (Quel maledetto treno blindato),3.571428571428572,7,Inglorious Bastards (Quel maledetto treno blindato) action adventure drama war
122,70599,4.0,1461563190,"Time Traveler's Wife, The (2009)",drama romance sci-fi,2009,"Time Traveler's Wife, The",3.9,5,"Time Traveler's Wife, The drama romance sci-fi"
122,71530,3.0,1461562512,Surrogates (2009),action sci-fi thriller,2009,Surrogates,3.0357142857142856,14,Surrogates action sci-fi thriller
122,77866,3.5,1461562672,Robin Hood (2010),action adventure drama romance war,2010,Robin Hood,3.1666666666666665,6,Robin Hood action adventure drama romance war
122,95088,4.0,1461562795,Safety Not Guaranteed (2012),comedy drama,2012,Safety Not Guaranteed,3.75,6,Safety Not Guaranteed comedy drama
122,96737,5.0,1461562301,Dredd (2012),action sci-fi,2012,Dredd,3.7142857142857135,14,Dredd action sci-fi
122,97306,4.0,1461562618,Seven Psychopaths (2012),comedy crime,2012,Seven Psychopaths,3.466666666666667,15,Seven Psychopaths comedy crime
123,69306,4.0,1448836089,"Taking of Pelham 1 2 3, The (2009)",crime drama thriller,2009,"Taking of Pelham 1 2 3, The",3.1666666666666665,6,"Taking of Pelham 1 2 3, The crime drama thriller"
123,81782,4.0,1448836073,Unstoppable (2010),action drama thriller,2010,Unstoppable,3.357142857142857,7,Unstoppable action drama thriller
123,112171,3.5,1448836057,"Equalizer, The (2014)",action crime thriller,2014,"Equalizer, The",3.2777777777777777,9,"Equalizer, The action crime thriller"
125,501,4.5,1474295924,Naked (1993),drama,1993,Naked,3.6666666666666665,6,Naked drama
125,3342,5.0,1474294671,Birdy (1984),drama war,1984,Birdy,3.5,5,Birdy drama war
125,7008,5.0,1474294576,Last Tango in Paris (Ultimo tango a Parigi) (1972),drama romance,1972,Last Tango in Paris (Ultimo tango a Parigi),4.5,5,Last Tango in Paris (Ultimo tango a Parigi) drama romance
125,7265,5.0,1474294802,"Dreamers, The (2003)",drama,2003,"Dreamers, The",3.730769230769231,13,"Dreamers, The drama"
125,8254,5.0,1474294926,Arizona Dream (1993),comedy drama fantasy romance,1993,Arizona Dream,4.25,6,Arizona Dream comedy drama fantasy romance
125,40148,2.0,1474294862,Revolver (2005),crime drama thriller,2005,Revolver,3.357142857142857,7,Revolver crime drama thriller
125,43836,2.0,1474295075,"Pink Panther, The (2006)",adventure comedy crime,2006,"Pink Panther, The",2.857142857142857,7,"Pink Panther, The adventure comedy crime"
125,45440,4.5,1474295545,Art School Confidential (2006),comedy drama,2006,Art School Confidential,3.333333333333333,6,Art School Confidential comedy drama
125,65130,5.0,1474294959,Revolutionary Road (2008),drama romance,2008,Revolutionary Road,3.7,5,Revolutionary Road drama romance
125,71520,4.5,1474296426,"Invention of Lying, The (2009)",comedy,2009,"Invention of Lying, The",2.333333333333333,6,"Invention of Lying, The comedy"
125,75985,4.5,1474296269,Repo Men (2010),action sci-fi thriller,2010,Repo Men,3.5,6,Repo Men action sci-fi thriller
125,79553,3.5,1474371006,Ip Man 2 (2010),action,2010,Ip Man 2,3.0,5,Ip Man 2 action
125,101112,4.5,1475843429,Oz the Great and Powerful (2013),action adventure fantasy imax,2013,Oz the Great and Powerful,3.083333333333333,6,Oz the Great and Powerful action adventure fantasy imax
125,112623,4.0,1475446231,Dawn of the Planet of the Apes (2014),sci-fi,2014,Dawn of the Planet of the Apes,3.433333333333333,15,Dawn of the Planet of the Apes sci-fi
125,122890,3.5,1481392791,Warcraft (2016),action adventure fantasy,2016,Warcraft,3.4166666666666665,6,Warcraft action adventure fantasy
125,130490,3.0,1474414778,Insurgent (2015),action sci-fi thriller,2015,Insurgent,2.833333333333333,6,Insurgent action sci-fi thriller
125,133771,3.5,1474295446,The Lobster (2015),comedy romance sci-fi,2015,The Lobster,4.0,7,The Lobster comedy romance sci-fi
125,160563,3.5,1476904043,The Legend of Tarzan (2016),action adventure,2016,The Legend of Tarzan,3.083333333333333,6,The Legend of Tarzan action adventure
125,161634,2.5,1474414524,Don't Breathe (2016),thriller,2016,Don't Breathe,3.3,5,Don't Breathe thriller
125,162578,3.0,1477574933,Kubo and the Two Strings (2016),adventure animation children fantasy,2016,Kubo and the Two Strings,4.0,6,Kubo and the Two Strings adventure animation children fantasy
129,5159,4.0,1167378246,Ferngully: The Last Rainforest (1992),animation children comedy musical,1992,Ferngully: The Last Rainforest,3.142857142857143,7,Ferngully: The Last Rainforest animation children comedy musical
129,37830,4.5,1167378148,Final Fantasy VII: Advent Children (2004),action adventure animation fantasy sci-fi,2004,Final Fantasy VII: Advent Children,3.55,10,Final Fantasy VII: Advent Children action adventure animation fantasy sci-fi
131,5959,2.5,1349838973,Narc (2002),crime drama thriller,2002,Narc,3.2777777777777777,9,Narc crime drama thriller
132,390,2.0,1161799601,Faster Pussycat! Kill! Kill! (1965),action crime drama,1965,Faster Pussycat! Kill! Kill!,3.7,5,Faster Pussycat! Kill! Kill! action crime drama
132,1554,2.0,1157924234,"Pillow Book, The (1996)",drama romance,1996,"Pillow Book, The",2.4,5,"Pillow Book, The drama romance"
132,2729,3.0,1329983732,Lolita (1962),drama romance,1962,Lolita,3.5,7,Lolita drama romance
132,3067,3.0,1157992657,Women on the Verge of a Nervous Breakdown (Mujeres al borde de un ataque de nervios) (1988),comedy drama,1988,Women on the Verge of a Nervous Breakdown (Mujeres al borde de un ataque de nervios),3.55,10,Women on the Verge of a Nervous Breakdown (Mujeres al borde de un ataque de nervios) comedy drama
132,5508,3.0,1157924787,24 Hour Party People (2002),comedy drama musical,2002,24 Hour Party People,3.571428571428572,7,24 Hour Party People comedy drama musical
132,5970,3.0,1157996778,My Girl (1991),comedy drama romance,1991,My Girl,3.2,10,My Girl comedy drama romance
132,5992,4.0,1161799624,"Hours, The (2002)",drama romance,2002,"Hours, The",3.7,15,"Hours, The drama romance"
132,6774,3.5,1329983688,Videodrome (1983),fantasy horror sci-fi thriller,1983,Videodrome,3.6875,8,Videodrome fantasy horror sci-fi thriller
132,8973,4.0,1157920795,Bad Education (La mala educación) (2004),drama thriller,2004,Bad Education (La mala educación),3.75,8,Bad Education (La mala educación) drama thriller
132,26776,2.0,1161799273,Porco Rosso (Crimson Pig) (Kurenai no buta) (1992),adventure animation comedy fantasy romance,1992,Porco Rosso (Crimson Pig) (Kurenai no buta),3.892857142857143,14,Porco Rosso (Crimson Pig) (Kurenai no buta) adventure animation comedy fantasy romance
132,27731,3.0,1174935162,"Cat Returns, The (Neko no ongaeshi) (2002)",adventure animation children fantasy,2002,"Cat Returns, The (Neko no ongaeshi)",3.75,8,"Cat Returns, The (Neko no ongaeshi) adventure animation children fantasy"
132,44694,2.5,1329983723,Volver (2006),comedy drama,2006,Volver,3.8125,8,Volver comedy drama
132,48082,3.5,1174935253,"Science of Sleep, The (La science des rêves) (2006)",comedy drama fantasy romance,2006,"Science of Sleep, The (La science des rêves)",3.863636363636364,11,"Science of Sleep, The (La science des rêves) comedy drama fantasy romance"
135,393,3.0,1009693004,Street Fighter (1994),action adventure fantasy,1994,Street Fighter,2.5,10,Street Fighter action adventure fantasy
135,1483,4.0,1009691378,Crash (1996),drama thriller,1996,Crash,3.090909090909091,11,Crash drama thriller
135,2798,1.0,1009690782,Problem Child (1990),children comedy,1990,Problem Child,1.5833333333333333,12,Problem Child children comedy
135,3102,3.0,1009691612,Jagged Edge (1985),crime romance thriller,1985,Jagged Edge,3.571428571428572,7,Jagged Edge crime romance thriller
135,3327,4.0,1009692509,Beyond the Mat (1999),documentary,1999,Beyond the Mat,3.7,5,Beyond the Mat documentary
135,3812,4.0,1009690920,Everything You Always Wanted to Know About Sex * But Were Afraid to Ask (1972),comedy,1972,Everything You Always Wanted to Know About Sex * But Were Afraid to Ask,3.458333333333333,12,Everything You Always Wanted to Know About Sex * But Were Afraid to Ask comedy
135,4037,3.0,1009691573,House of Games (1987),crime film-noir mystery thriller,1987,House of Games,3.8125,8,House of Games crime film-noir mystery thriller
135,4467,4.0,1009693317,"Adventures of Baron Munchausen, The (1988)",adventure comedy fantasy,1988,"Adventures of Baron Munchausen, The",3.769230769230769,13,"Adventures of Baron Munchausen, The adventure comedy fantasy"
135,4553,4.0,1009691588,They Live (1988),action sci-fi thriller,1988,They Live,3.7222222222222223,9,They Live action sci-fi thriller
135,4812,1.0,1009693419,SpaceCamp (1986),adventure sci-fi,1986,SpaceCamp,2.1666666666666665,6,SpaceCamp adventure sci-fi
136,132,3.0,832449989,Jade (1995),thriller,1995,Jade,2.833333333333333,6,Jade thriller
136,188,5.0,832451540,"Prophecy, The (1995)",fantasy horror mystery,1995,"Prophecy, The",3.458333333333333,12,"Prophecy, The fantasy horror mystery"
137,1949,5.0,1204863774,"Man for All Seasons, A (1966)",drama,1966,"Man for All Seasons, A",4.333333333333333,6,"Man for All Seasons, A drama"
137,2940,4.0,1204863839,Gilda (1946),drama film-noir mystery romance,1946,Gilda,4.0,6,Gilda drama film-noir mystery romance
137,6987,3.0,1204859200,"Cabinet of Dr. Caligari, The (Cabinet des Dr. Caligari., Das) (1920)",crime fantasy horror,1920,"Cabinet of Dr. Caligari, The (Cabinet des Dr. Caligari., Das)",3.857142857142857,7,"Cabinet of Dr. Caligari, The (Cabinet des Dr. Caligari., Das) crime fantasy horror"
137,26084,4.0,1204859960,"Music Man, The (1962)",children comedy musical romance,1962,"Music Man, The",3.9,5,"Music Man, The children comedy musical romance"
138,2924,5.0,1222676473,Drunken Master (Jui kuen) (1978),action comedy,1978,Drunken Master (Jui kuen),4.05,10,Drunken Master (Jui kuen) action comedy
139,8640,1.0,1453925397,King Arthur (2004),action adventure drama war,2004,King Arthur,2.9615384615384617,13,King Arthur action adventure drama war
140,373,3.0,967048734,Red Rock West (1992),thriller,1992,Red Rock West,3.636363636363636,11,Red Rock West thriller
140,1344,3.0,952101286,Cape Fear (1962),crime drama thriller,1962,Cape Fear,3.9642857142857135,14,Cape Fear crime drama thriller
140,1950,4.0,1021898963,In the Heat of the Night (1967),drama mystery,1967,In the Heat of the Night,4.181818181818182,11,In the Heat of the Night drama mystery
140,1957,5.0,942841652,Chariots of Fire (1981),drama,1981,Chariots of Fire,4.038461538461538,13,Chariots of Fire drama
140,2070,4.0,1055092732,Tender Mercies (1983),drama romance western,1983,Tender Mercies,3.4,5,Tender Mercies drama romance western
140,2077,4.0,942844235,"Journey of Natty Gann, The (1985)",adventure children,1985,"Journey of Natty Gann, The",3.4,5,"Journey of Natty Gann, The adventure children"
140,2344,3.0,942904025,Runaway Train (1985),action adventure drama thriller,1985,Runaway Train,3.25,8,Runaway Train action adventure drama thriller
140,2819,3.0,942840891,Three Days of the Condor (3 Days of the Condor) (1975),drama mystery romance thriller,1975,Three Days of the Condor (3 Days of the Condor),3.75,16,Three Days of the Condor (3 Days of the Condor) drama mystery romance thriller
140,2889,3.5,1075154443,"Mystery, Alaska (1999)",comedy drama,1999,"Mystery, Alaska",3.75,8,"Mystery, Alaska comedy drama"
140,3557,3.0,967049233,Jennifer 8 (1992),mystery thriller,1992,Jennifer 8,2.9,5,Jennifer 8 mystery thriller
140,3684,3.0,960561677,"Fabulous Baker Boys, The (1989)",drama romance,1989,"Fabulous Baker Boys, The",3.071428571428572,7,"Fabulous Baker Boys, The drama romance"
140,3873,4.0,1021899051,Cat Ballou (1965),comedy western,1965,Cat Ballou,3.142857142857143,7,Cat Ballou comedy western
140,3983,3.0,1004035971,You Can Count on Me (2000),drama romance,2000,You Can Count on Me,4.166666666666667,9,You Can Count on Me drama romance
140,3985,3.5,1055092304,"Eagle Has Landed, The (1976)",drama war,1976,"Eagle Has Landed, The",3.25,6,"Eagle Has Landed, The drama war"
140,3998,4.0,980422259,Proof of Life (2000),drama,2000,Proof of Life,3.0416666666666665,12,Proof of Life drama
140,4056,4.0,981483298,"Pledge, The (2001)",crime drama mystery thriller,2001,"Pledge, The",3.2857142857142856,7,"Pledge, The crime drama mystery thriller"
140,4167,3.0,1014225063,15 Minutes (2001),thriller,2001,15 Minutes,3.0,10,15 Minutes thriller
140,4225,5.0,999601633,"Dish, The (2001)",comedy,2001,"Dish, The",4.0,7,"Dish, The comedy"
140,4234,3.0,1012505945,"Tailor of Panama, The (2001)",drama thriller,2001,"Tailor of Panama, The",3.2,5,"Tailor of Panama, The drama thriller"
140,4265,2.0,1005326490,Driven (2001),action thriller,2001,Driven,3.0,5,Driven action thriller
140,4368,2.0,1010775581,Dr. Dolittle 2 (2001),comedy,2001,Dr. Dolittle 2,2.363636363636364,11,Dr. Dolittle 2 comedy
140,4719,2.0,1010775581,Osmosis Jones (2001),action animation comedy crime drama romance thriller,2001,Osmosis Jones,2.625,8,Osmosis Jones action animation comedy crime drama romance thriller
140,4799,3.0,1021899069,"It's a Mad, Mad, Mad, Mad World (1963)",action adventure comedy crime,1963,"It's a Mad, Mad, Mad, Mad World",3.25,10,"It's a Mad, Mad, Mad, Mad World action adventure comedy crime"
140,4857,4.5,1055092325,Fiddler on the Roof (1971),drama musical,1971,Fiddler on the Roof,3.8125,8,Fiddler on the Roof drama musical
140,4866,3.0,1036408849,"Last Castle, The (2001)",action,2001,"Last Castle, The",2.8125,8,"Last Castle, The action"
140,4921,4.0,1117729748,Little Women (1933),drama romance,1933,Little Women,4.0,5,Little Women drama romance
140,5016,3.5,1055896057,"Shipping News, The (2001)",drama,2001,"Shipping News, The",3.0,6,"Shipping News, The drama"
140,5107,4.0,1015413986,Hart's War (2002),drama war,2002,Hart's War,3.1,5,Hart's War drama war
140,6213,3.0,1048296463,Tears of the Sun (2003),action drama thriller,2003,Tears of the Sun,2.642857142857143,7,Tears of the Sun action drama thriller
140,6299,3.0,1087314647,"Winged Migration (Peuple migrateur, Le) (2001)",documentary,2001,"Winged Migration (Peuple migrateur, Le)",3.5,9,"Winged Migration (Peuple migrateur, Le) documentary"
140,6669,1.0,1117729292,Ikiru (1952),drama,1952,Ikiru,3.4166666666666665,6,Ikiru drama
140,7076,5.0,1117729689,Bullitt (1968),action crime drama thriller,1968,Bullitt,3.875,8,Bullitt action crime drama thriller
140,7161,3.0,1087314879,Cheaper by the Dozen (2003),children comedy,2003,Cheaper by the Dozen,1.9375,8,Cheaper by the Dozen children comedy
140,7324,3.0,1096909067,Hidalgo (2004),adventure drama,2004,Hidalgo,3.3181818181818183,11,Hidalgo adventure drama
140,27821,4.0,1115290193,"Interpreter, The (2005)",drama thriller,2005,"Interpreter, The",3.25,6,"Interpreter, The drama thriller"
140,32017,2.0,1124825624,"Pacifier, The (2005)",action comedy,2005,"Pacifier, The",2.7142857142857144,7,"Pacifier, The action comedy"
140,34334,2.5,1124825511,Stealth (2005),action adventure sci-fi thriller,2005,Stealth,2.5,5,Stealth action adventure sci-fi thriller
140,34534,4.5,1124825486,Four Brothers (2005),action crime drama,2005,Four Brothers,3.571428571428572,7,Four Brothers action crime drama
140,37727,3.5,1145991113,Flightplan (2005),action drama thriller,2005,Flightplan,2.863636363636364,11,Flightplan action drama thriller
140,47044,3.0,1156530384,Miami Vice (2006),action crime drama thriller,2006,Miami Vice,2.75,10,Miami Vice action crime drama thriller
143,6619,5.0,1444881184,Uptown Girls (2003),comedy,2003,Uptown Girls,2.9166666666666665,6,Uptown Girls comedy
143,7255,3.0,1444880270,Win a Date with Tad Hamilton! (2004),comedy romance,2004,Win a Date with Tad Hamilton!,2.8125,8,Win a Date with Tad Hamilton! comedy romance
143,8827,5.0,1444768873,"Bill Cosby, Himself (1983)",comedy documentary,1983,"Bill Cosby, Himself",4.0,5,"Bill Cosby, Himself comedy documentary"
143,36525,2.0,1444881008,Just Like Heaven (2005),comedy fantasy romance,2005,Just Like Heaven,2.6875,8,Just Like Heaven comedy fantasy romance
148,98243,4.5,1482548883,Rise of the Guardians (2012),adventure animation children fantasy imax,2012,Rise of the Guardians,3.7916666666666665,12,Rise of the Guardians adventure animation children fantasy imax
149,1334,4.0,902085141,"Blob, The (1958)",horror sci-fi,1958,"Blob, The",3.0,6,"Blob, The horror sci-fi"
151,9,4.0,855947372,Sudden Death (1995),action,1995,Sudden Death,3.125,16,Sudden Death action
151,75,3.0,855948083,Big Bully (1996),comedy drama,1996,Big Bully,2.2,5,Big Bully comedy drama
151,813,4.0,855948256,Larger Than Life (1996),comedy,1996,Larger Than Life,2.8,5,Larger Than Life comedy
151,1432,4.0,855948013,Metro (1997),action comedy crime drama thriller,1997,Metro,2.7142857142857144,7,Metro action comedy crime drama thriller
153,36535,4.0,1525549111,Everything Is Illuminated (2005),comedy drama,2005,Everything Is Illuminated,3.7777777777777777,9,Everything Is Illuminated comedy drama
153,56715,4.5,1525549118,Wristcutters: A Love Story (2006),drama fantasy romance,2006,Wristcutters: A Love Story,4.0,6,Wristcutters: A Love Story drama fantasy romance
153,64034,1.0,1525550441,"Boy in the Striped Pajamas, The (Boy in the Striped Pyjamas, The) (2008)",drama war,2008,"Boy in the Striped Pajamas, The (Boy in the Striped Pyjamas, The)",3.4166666666666665,6,"Boy in the Striped Pajamas, The (Boy in the Striped Pyjamas, The) drama war"
154,86644,0.5,1486297252,"Fast Five (Fast and the Furious 5, The) (2011)",action crime drama thriller imax,2011,"Fast Five (Fast and the Furious 5, The)",3.05,10,"Fast Five (Fast and the Furious 5, The) action crime drama thriller imax"
154,130634,0.5,1486297255,Furious 7 (2015),action crime thriller,2015,Furious 7,2.75,6,Furious 7 action crime thriller
155,2879,5.0,961889063,Armour of God II: Operation Condor (Operation Condor) (Fei ying gai wak) (1991),action adventure comedy,1991,Armour of God II: Operation Condor (Operation Condor) (Fei ying gai wak),3.2142857142857144,7,Armour of God II: Operation Condor (Operation Condor) (Fei ying gai wak) action adventure comedy
155,2880,3.0,961889063,Armour of God (Long xiong hu di) (1987),action adventure comedy,1987,Armour of God (Long xiong hu di),3.083333333333333,6,Armour of God (Long xiong hu di) action adventure comedy
155,3286,4.0,963871903,Snow Day (2000),comedy,2000,Snow Day,2.3,5,Snow Day comedy
155,3618,3.0,963872303,Small Time Crooks (2000),comedy crime,2000,Small Time Crooks,3.5416666666666665,12,Small Time Crooks comedy crime
156,1078,3.0,946799057,Bananas (1971),comedy war,1971,Bananas,3.409090909090909,11,Bananas comedy war
156,1264,3.0,939898085,Diva (1981),action drama mystery romance thriller,1981,Diva,3.8,5,Diva action drama mystery romance thriller
156,1948,3.0,946799375,Tom Jones (1963),adventure comedy romance,1963,Tom Jones,3.642857142857143,7,Tom Jones adventure comedy romance
156,2130,5.0,946798381,Atlantic City (1980),crime drama romance,1980,Atlantic City,3.6875,8,Atlantic City crime drama romance
156,2239,5.0,946799476,Swept Away (Travolti da un insolito destino nell'azzurro mare d'Agosto) (1975),comedy drama,1975,Swept Away (Travolti da un insolito destino nell'azzurro mare d'Agosto),4.666666666666667,6,Swept Away (Travolti da un insolito destino nell'azzurro mare d'Agosto) comedy drama
156,2247,3.0,946799816,Married to the Mob (1988),comedy,1988,Married to the Mob,3.0,12,Married to the Mob comedy
156,2290,1.0,946799715,Stardust Memories (1980),comedy drama,1980,Stardust Memories,3.6,5,Stardust Memories comedy drama
156,2349,4.0,939853273,Mona Lisa (1986),comedy thriller,1986,Mona Lisa,3.5,7,Mona Lisa comedy thriller
156,2361,3.0,946799291,Pink Flamingos (1972),comedy,1972,Pink Flamingos,2.75,10,Pink Flamingos comedy
156,2734,4.0,946800490,"Mosquito Coast, The (1986)",adventure drama thriller,1986,"Mosquito Coast, The",3.25,10,"Mosquito Coast, The adventure drama thriller"
156,2750,3.0,946799537,Radio Days (1987),comedy drama,1987,Radio Days,3.142857142857143,7,Radio Days comedy drama
156,2779,4.0,946799834,Heaven Can Wait (1978),comedy,1978,Heaven Can Wait,3.269230769230769,13,Heaven Can Wait comedy
156,2863,3.0,946799313,"Hard Day's Night, A (1964)",adventure comedy musical,1964,"Hard Day's Night, A",3.473684210526316,19,"Hard Day's Night, A adventure comedy musical"
156,2946,3.0,946799634,Help! (1965),comedy musical,1965,Help!,3.357142857142857,7,Help! comedy musical
156,3130,3.0,946800467,Bonfire of the Vanities (1990),comedy crime drama,1990,Bonfire of the Vanities,2.4,5,Bonfire of the Vanities comedy crime drama
156,3134,5.0,946798960,Grand Illusion (La grande illusion) (1937),drama war,1937,Grand Illusion (La grande illusion),3.7142857142857135,7,Grand Illusion (La grande illusion) drama war
156,3200,4.0,949201760,"Last Detail, The (1973)",comedy drama,1973,"Last Detail, The",4.25,8,"Last Detail, The comedy drama"
156,3341,4.0,951113027,Born Yesterday (1950),comedy,1950,Born Yesterday,4.285714285714286,7,Born Yesterday comedy
156,3503,5.0,953534636,Solaris (Solyaris) (1972),drama mystery sci-fi,1972,Solaris (Solyaris),4.090909090909091,11,Solaris (Solyaris) drama mystery sci-fi
156,3506,4.0,953534611,North Dallas Forty (1979),comedy drama,1979,North Dallas Forty,3.0,5,North Dallas Forty comedy drama
156,4205,3.5,1106854177,Mermaids (1990),comedy drama romance,1990,Mermaids,3.1666666666666665,6,Mermaids comedy drama romance
156,8128,4.0,1106881279,Au revoir les enfants (1987),drama,1987,Au revoir les enfants,4.1,5,Au revoir les enfants drama
156,8614,3.5,1106881351,Overboard (1987),comedy romance,1987,Overboard,3.0,6,Overboard comedy romance
157,2392,3.0,992479954,Jack Frost (1998),children comedy drama,1998,Jack Frost,1.9375,8,Jack Frost children comedy drama
160,242,2.0,971117781,Farinelli: il castrato (1994),drama musical,1994,Farinelli: il castrato,3.6,5,Farinelli: il castrato drama musical
160,990,1.0,971115791,Maximum Risk (1996),action adventure thriller,1996,Maximum Risk,2.9,5,Maximum Risk action adventure thriller
160,1627,5.0,971115443,U Turn (1997),crime drama mystery,1997,U Turn,3.357142857142857,7,U Turn crime drama mystery
160,1713,5.0,971619496,Mouse Hunt (1997),children comedy,1997,Mouse Hunt,3.071428571428572,7,Mouse Hunt children comedy
160,1969,1.0,976797780,"Nightmare on Elm Street 2: Freddy's Revenge, A (1985)",horror,1985,"Nightmare on Elm Street 2: Freddy's Revenge, A",2.35,10,"Nightmare on Elm Street 2: Freddy's Revenge, A horror"
160,2126,3.0,971115622,Snake Eyes (1998),action crime mystery thriller,1998,Snake Eyes,2.7666666666666666,15,Snake Eyes action crime mystery thriller
160,2162,1.0,971619754,"NeverEnding Story II: The Next Chapter, The (1990)",adventure children fantasy,1990,"NeverEnding Story II: The Next Chapter, The",2.5,8,"NeverEnding Story II: The Next Chapter, The adventure children fantasy"
160,2252,0.5,1065984386,Hero (1992),comedy drama,1992,Hero,2.5,5,Hero comedy drama
160,2367,2.0,971436953,King Kong (1976),adventure fantasy romance sci-fi thriller,1976,King Kong,2.7142857142857144,14,King Kong adventure fantasy romance sci-fi thriller
160,2531,1.0,971114668,Battle for the Planet of the Apes (1973),action sci-fi,1973,Battle for the Planet of the Apes,2.7777777777777777,9,Battle for the Planet of the Apes action sci-fi
160,2745,3.0,971116289,"Mission, The (1986)",drama,1986,"Mission, The",3.5,9,"Mission, The drama"
160,2748,3.0,971436871,Allan Quatermain and the Lost City of Gold (1987),action adventure comedy,1987,Allan Quatermain and the Lost City of Gold,1.8333333333333333,6,Allan Quatermain and the Lost City of Gold action adventure comedy
160,2769,5.0,974493821,"Yards, The (2000)",crime drama,2000,"Yards, The",3.4,5,"Yards, The crime drama"
160,2986,3.0,971114703,RoboCop 2 (1990),action crime sci-fi thriller,1990,RoboCop 2,2.64,25,RoboCop 2 action crime sci-fi thriller
160,3616,4.0,1077749437,Loser (2000),comedy romance,2000,Loser,3.3,10,Loser comedy romance
160,3649,1.0,1065991722,American Gigolo (1980),drama,1980,American Gigolo,2.6875,8,American Gigolo drama
160,3858,5.0,991925887,Cecil B. DeMented (2000),comedy,2000,Cecil B. DeMented,3.5,5,Cecil B. DeMented comedy
160,3864,1.0,971114703,Godzilla 2000 (Gojira ni-sen mireniamu) (1999),action adventure sci-fi,1999,Godzilla 2000 (Gojira ni-sen mireniamu),2.1,5,Godzilla 2000 (Gojira ni-sen mireniamu) action adventure sci-fi
160,3877,2.0,971436871,Supergirl (1984),action adventure fantasy,1984,Supergirl,2.2222222222222223,9,Supergirl action adventure fantasy
160,4450,5.0,1065983846,Bully (2001),crime drama thriller,2001,Bully,3.642857142857143,7,Bully crime drama thriller
160,4735,4.5,1065992184,Ghosts of Mars (2001),horror sci-fi thriller,2001,Ghosts of Mars,2.6,5,Ghosts of Mars horror sci-fi thriller
160,6250,2.0,1058457318,Dreamcatcher (2003),drama horror sci-fi thriller,2003,Dreamcatcher,2.642857142857143,7,Dreamcatcher drama horror sci-fi thriller
160,6322,1.0,1065991838,Confidence (2003),crime thriller,2003,Confidence,2.833333333333333,6,Confidence crime thriller
160,6538,3.0,1058456896,Swimming Pool (2003),drama mystery thriller,2003,Swimming Pool,3.6,5,Swimming Pool drama mystery thriller
161,45732,0.5,1176746495,My Super Ex-Girlfriend (2006),comedy fantasy romance,2006,My Super Ex-Girlfriend,1.5833333333333333,6,My Super Ex-Girlfriend comedy fantasy romance
163,1821,3.0,894217570,"Object of My Affection, The (1998)",comedy romance,1998,"Object of My Affection, The",2.6666666666666665,6,"Object of My Affection, The comedy romance"
164,3404,5.0,999708378,Titanic (1953),action drama,1953,Titanic,3.583333333333333,6,Titanic action drama
165,5530,2.0,1046741411,Simone (S1m0ne) (2002),comedy drama fantasy sci-fi,2002,Simone (S1m0ne),2.142857142857143,7,Simone (S1m0ne) comedy drama fantasy sci-fi
165,5993,2.0,1046741544,Max (2002),drama,2002,Max,2.9,5,Max drama
168,4406,5.0,1306802534,"Man Who Shot Liberty Valance, The (1962)",crime drama western,1962,"Man Who Shot Liberty Valance, The",4.4,5,"Man Who Shot Liberty Valance, The crime drama western"
168,7934,4.5,1306802281,Zelig (1983),comedy,1983,Zelig,4.0,7,Zelig comedy
168,26131,4.5,1306802342,"Battle of Algiers, The (La battaglia di Algeri) (1966)",drama war,1966,"Battle of Algiers, The (La battaglia di Algeri)",4.3,5,"Battle of Algiers, The (La battaglia di Algeri) drama war"
169,2017,4.0,1059427791,Babes in Toyland (1961),children fantasy musical,1961,Babes in Toyland,3.1,5,Babes in Toyland children fantasy musical
169,2084,4.5,1059427772,Newsies (1992),children musical,1992,Newsies,2.7,5,Newsies children musical
169,4867,3.5,1059429012,Riding in Cars with Boys (2001),comedy drama,2001,Riding in Cars with Boys,3.1,5,Riding in Cars with Boys comedy drama
169,4936,5.0,1059427699,Fame (1980),drama musical,1980,Fame,3.333333333333333,9,Fame drama musical
169,4951,4.5,1059428641,Lord of the Flies (1990),adventure drama thriller,1990,Lord of the Flies,3.4285714285714284,7,Lord of the Flies adventure drama thriller
169,5941,4.0,1070250515,Drumline (2002),comedy drama musical romance,2002,Drumline,2.9166666666666665,6,Drumline comedy drama musical romance
171,1454,5.0,866904702,SubUrbia (1997),comedy drama,1997,SubUrbia,3.75,6,SubUrbia comedy drama
175,43904,0.5,1234189741,When a Stranger Calls (2006),horror thriller,2006,When a Stranger Calls,1.3,5,When a Stranger Calls horror thriller
177,1931,4.0,1435539429,Mutiny on the Bounty (1935),adventure drama,1935,Mutiny on the Bounty,4.166666666666667,6,Mutiny on the Bounty adventure drama
177,2013,2.0,1435535531,"Poseidon Adventure, The (1972)",action adventure drama,1972,"Poseidon Adventure, The",3.095238095238096,21,"Poseidon Adventure, The action adventure drama"
177,2176,3.5,1435536580,Rope (1948),crime drama thriller,1948,Rope,3.9,10,Rope crime drama thriller
177,3564,1.0,1435525801,"Flintstones in Viva Rock Vegas, The (2000)",children comedy,2000,"Flintstones in Viva Rock Vegas, The",1.625,12,"Flintstones in Viva Rock Vegas, The children comedy"
177,6212,2.5,1435836853,Bringing Down the House (2003),comedy,2003,Bringing Down the House,1.9166666666666667,6,Bringing Down the House comedy
177,6624,2.0,1435837148,Agent Cody Banks (2003),action adventure children fantasy,2003,Agent Cody Banks,1.9,5,Agent Cody Banks action adventure children fantasy
177,7164,3.0,1435804677,Peter Pan (2003),action adventure children fantasy,2003,Peter Pan,3.083333333333333,6,Peter Pan action adventure children fantasy
177,7366,4.0,1435836731,Jersey Girl (2004),comedy drama romance,2004,Jersey Girl,2.9375,8,Jersey Girl comedy drama romance
177,8860,3.0,1435530023,Cellular (2004),action crime drama mystery thriller,2004,Cellular,2.857142857142857,7,Cellular action crime drama mystery thriller
177,27772,3.0,1435837412,Ju-on: The Grudge (2002),horror,2002,Ju-on: The Grudge,2.583333333333333,6,Ju-on: The Grudge horror
177,33669,3.0,1435837214,"Sisterhood of the Traveling Pants, The (2005)",adventure comedy drama,2005,"Sisterhood of the Traveling Pants, The",3.071428571428572,7,"Sisterhood of the Traveling Pants, The adventure comedy drama"
177,35957,4.0,1435529925,Red Eye (2005),horror thriller,2005,Red Eye,3.388888888888889,9,Red Eye horror thriller
177,39449,3.0,1435838009,Prime (2005),comedy drama romance,2005,Prime,2.6,5,Prime comedy drama romance
177,40826,2.5,1435837219,Rent (2005),drama musical romance,2005,Rent,3.15,10,Rent drama musical romance
177,42011,2.5,1435525882,Fun with Dick and Jane (2005),comedy crime,2005,Fun with Dick and Jane,2.1818181818181817,11,Fun with Dick and Jane comedy crime
177,43560,4.0,1435837234,Nanny McPhee (2005),children comedy fantasy,2005,Nanny McPhee,3.1666666666666665,6,Nanny McPhee children comedy fantasy
177,45081,1.0,1435804553,Silent Hill (2006),fantasy horror thriller,2006,Silent Hill,2.958333333333333,12,Silent Hill fantasy horror thriller
177,46974,3.0,1435837590,World Trade Center (2006),drama,2006,World Trade Center,2.6666666666666665,6,World Trade Center drama
177,51939,2.5,1435837856,TMNT (Teenage Mutant Ninja Turtles) (2007),action adventure animation children comedy fantasy,2007,TMNT (Teenage Mutant Ninja Turtles),3.083333333333333,6,TMNT (Teenage Mutant Ninja Turtles) action adventure animation children comedy fantasy
177,60161,3.0,1435836897,Futurama: The Beast with a Billion Backs (2008),action animation comedy romance sci-fi,2008,Futurama: The Beast with a Billion Backs,3.5,6,Futurama: The Beast with a Billion Backs action animation comedy romance sci-fi
177,63853,2.0,1435837020,Australia (2008),adventure drama war western,2008,Australia,3.2,5,Australia adventure drama war western
177,65261,4.0,1435526883,Ponyo (Gake no ue no Ponyo) (2008),adventure animation children fantasy,2008,Ponyo (Gake no ue no Ponyo),4.0,11,Ponyo (Gake no ue no Ponyo) adventure animation children fantasy
177,66297,3.0,1435837454,Futurama: Into the Wild Green Yonder (2009),action animation comedy sci-fi,2009,Futurama: Into the Wild Green Yonder,3.5,6,Futurama: Into the Wild Green Yonder action animation comedy sci-fi
177,72733,4.0,1435837154,Invictus (2009),drama,2009,Invictus,3.857142857142857,7,Invictus drama
177,78574,3.0,1435836732,Winter's Bone (2010),drama thriller,2010,Winter's Bone,3.4375,8,Winter's Bone drama thriller
177,89804,2.5,1435836948,"Ides of March, The (2011)",drama,2011,"Ides of March, The",3.2222222222222223,9,"Ides of March, The drama"
177,90647,3.0,1435837803,Puss in Boots (2011),adventure animation comedy fantasy imax,2011,Puss in Boots,3.5625,8,Puss in Boots adventure animation comedy fantasy imax
177,95558,2.5,1435837883,Beasts of the Southern Wild (2012),drama fantasy,2012,Beasts of the Southern Wild,3.357142857142857,7,Beasts of the Southern Wild drama fantasy
178,5665,1.5,1164355427,Knockaround Guys (2002),action comedy crime,2002,Knockaround Guys,2.5,5,Knockaround Guys action comedy crime
178,6380,4.0,1164355569,Capturing the Friedmans (2003),documentary,2003,Capturing the Friedmans,3.928571428571429,7,Capturing the Friedmans documentary
178,33903,4.5,1163673970,"Edukators, The (Die Fetten Jahre sind vorbei) (2004)",comedy crime drama romance,2004,"Edukators, The (Die Fetten Jahre sind vorbei)",4.0,5,"Edukators, The (Die Fetten Jahre sind vorbei) comedy crime drama romance"
179,725,3.0,852115653,"Great White Hype, The (1996)",comedy,1996,"Great White Hype, The",2.5,5,"Great White Hype, The comedy"
181,169,3.0,845470321,Free Willy 2: The Adventure Home (1995),adventure children drama,1995,Free Willy 2: The Adventure Home,2.4,10,Free Willy 2: The Adventure Home adventure children drama
181,453,3.0,845472202,For Love or Money (1993),comedy romance,1993,For Love or Money,2.8,5,For Love or Money comedy romance
182,97,4.5,1075764905,"Hate (Haine, La) (1995)",crime drama,1995,"Hate (Haine, La)",3.9,10,"Hate (Haine, La) crime drama"
182,1611,4.0,1055156764,My Own Private Idaho (1991),drama romance,1991,My Own Private Idaho,4.1,5,My Own Private Idaho drama romance
182,2022,5.0,1054780519,"Last Temptation of Christ, The (1988)",drama,1988,"Last Temptation of Christ, The",3.6875,8,"Last Temptation of Christ, The drama"
182,2025,3.5,1063285661,Lolita (1997),drama romance,1997,Lolita,3.928571428571429,7,Lolita drama romance
182,2474,4.0,1055157686,"Color of Money, The (1986)",drama,1986,"Color of Money, The",3.5,13,"Color of Money, The drama"
182,2971,4.5,1070162575,All That Jazz (1979),drama fantasy musical,1979,All That Jazz,4.083333333333333,6,All That Jazz drama fantasy musical
182,2976,4.0,1055157691,Bringing Out the Dead (1999),drama,1999,Bringing Out the Dead,3.4166666666666665,6,Bringing Out the Dead drama
182,3521,4.5,1054780394,Mystery Train (1989),comedy drama,1989,Mystery Train,3.4285714285714284,7,Mystery Train comedy drama
182,3915,4.0,1126561673,Girlfight (2000),drama,2000,Girlfight,3.6666666666666665,6,Girlfight drama
182,3925,5.0,1054784288,Stranger Than Paradise (1984),comedy drama,1984,Stranger Than Paradise,3.9166666666666665,6,Stranger Than Paradise comedy drama
182,3955,1.0,1063282607,"Ladies Man, The (2000)",comedy,2000,"Ladies Man, The",1.5833333333333333,6,"Ladies Man, The comedy"
182,3992,4.5,1055158118,Malèna (2000),drama romance war,2000,Malèna,3.7,5,Malèna drama romance war
182,3993,3.5,1054780527,Quills (2000),drama romance,2000,Quills,3.0,6,Quills drama romance
182,4052,3.5,1055153739,Antitrust (2001),crime drama thriller,2001,Antitrust,3.5625,8,Antitrust crime drama thriller
182,4133,3.5,1055150627,Masters of the Universe (1987),action adventure fantasy sci-fi,1987,Masters of the Universe,2.5625,8,Masters of the Universe action adventure fantasy sci-fi
182,4178,4.0,1054781853,Of Mice and Men (1939),drama,1939,Of Mice and Men,3.5,6,Of Mice and Men drama
182,4275,2.0,1055150964,Krull (1983),action adventure fantasy sci-fi,1983,Krull,2.9,5,Krull action adventure fantasy sci-fi
182,4452,3.0,1055155084,Made (2001),comedy,2001,Made,2.6666666666666665,6,Made comedy
182,4642,4.5,1054780424,Hedwig and the Angry Inch (2000),comedy drama musical,2000,Hedwig and the Angry Inch,4.181818181818182,11,Hedwig and the Angry Inch comedy drama musical
182,4815,3.0,1055157674,Hearts in Atlantis (2001),drama,2001,Hearts in Atlantis,2.9166666666666665,6,Hearts in Atlantis drama
182,4978,4.5,1054783592,Lantana (2001),drama mystery thriller,2001,Lantana,3.8333333333333335,6,Lantana drama mystery thriller
182,5298,4.0,1055155191,Human Nature (2001),comedy romance,2001,Human Nature,3.5,5,Human Nature comedy romance
182,5323,0.5,1055153917,Jason X (2002),horror sci-fi thriller,2002,Jason X,1.1875,8,Jason X horror sci-fi thriller
182,5325,3.5,1075765392,Dogtown and Z-Boyz (2001),documentary,2001,Dogtown and Z-Boyz,3.7857142857142856,7,Dogtown and Z-Boyz documentary
182,5379,5.0,1064782930,"Believer, The (2001)",drama,2001,"Believer, The",4.25,6,"Believer, The drama"
182,5421,4.0,1055157212,"Dangerous Lives of Altar Boys, The (2002)",drama,2002,"Dangerous Lives of Altar Boys, The",3.5,6,"Dangerous Lives of Altar Boys, The drama"
182,5666,2.0,1066639726,"Rules of Attraction, The (2002)",comedy drama romance thriller,2002,"Rules of Attraction, The",3.6,5,"Rules of Attraction, The comedy drama romance thriller"
182,6062,3.5,1063274876,Lost in La Mancha (2002),documentary,2002,Lost in La Mancha,3.083333333333333,6,Lost in La Mancha documentary
182,6264,0.5,1063274678,"Core, The (2003)",action drama sci-fi thriller,2003,"Core, The",2.375,8,"Core, The action drama sci-fi thriller"
182,6294,1.5,1077069861,Bulletproof Monk (2003),action adventure sci-fi,2003,Bulletproof Monk,2.409090909090909,11,Bulletproof Monk action adventure sci-fi
182,6645,4.5,1063274161,THX 1138 (1971),action adventure drama sci-fi,1971,THX 1138,3.7857142857142856,7,THX 1138 action adventure drama sci-fi
182,6881,4.0,1076826096,Pieces of April (2003),comedy drama,2003,Pieces of April,3.071428571428572,7,Pieces of April comedy drama
182,6890,4.5,1077069107,Elephant (2003),drama,2003,Elephant,3.555555555555556,9,Elephant drama
182,6932,3.5,1077140641,Shattered Glass (2003),crime drama,2003,Shattered Glass,3.5,7,Shattered Glass crime drama
182,7698,3.5,1085148244,"China Syndrome, The (1979)",drama thriller,1979,"China Syndrome, The",3.7,5,"China Syndrome, The drama thriller"
182,8042,4.0,1085152197,Mean Streets (1973),crime drama,1973,Mean Streets,4.0,7,Mean Streets crime drama
183,1582,3.0,992331144,Wild America (1997),adventure children,1997,Wild America,2.6,5,Wild America adventure children
183,2457,3.0,992331493,Running Scared (1986),action comedy,1986,Running Scared,3.5625,8,Running Scared action comedy
183,3726,3.0,992331396,Assault on Precinct 13 (1976),action thriller,1976,Assault on Precinct 13,3.6,5,Assault on Precinct 13 action thriller
184,117895,1.0,1537107397,Maze Runner: Scorch Trials (2015),action thriller,2015,Maze Runner: Scorch Trials,1.8333333333333333,6,Maze Runner: Scorch Trials action thriller
184,122906,4.0,1537109979,Black Panther (2017),action adventure sci-fi,2017,Black Panther,3.727272727272727,11,Black Panther action adventure sci-fi
184,180985,3.0,1537109917,The Greatest Showman (2017),drama,2017,The Greatest Showman,3.0,5,The Greatest Showman drama
185,2799,2.0,1044311157,Problem Child 2 (1991),comedy,1991,Problem Child 2,1.3125,8,Problem Child 2 comedy
185,5804,3.0,1044311830,"Santa Clause 2, The (2002)",children comedy fantasy romance,2002,"Santa Clause 2, The",2.3,5,"Santa Clause 2, The children comedy fantasy romance"
186,952,4.0,1031087898,Around the World in 80 Days (1956),adventure comedy,1956,Around the World in 80 Days,3.625,12,Around the World in 80 Days adventure comedy
186,2208,5.0,1031080578,"Lady Vanishes, The (1938)",drama mystery thriller,1938,"Lady Vanishes, The",3.9166666666666665,6,"Lady Vanishes, The drama mystery thriller"
186,2346,4.0,1031080005,"Stepford Wives, The (1975)",mystery sci-fi thriller,1975,"Stepford Wives, The",3.1818181818181817,11,"Stepford Wives, The mystery sci-fi thriller"
186,2527,4.0,1031079689,Westworld (1973),action sci-fi thriller western,1973,Westworld,3.4166666666666665,18,Westworld action sci-fi thriller western
186,3068,4.0,1031072855,"Verdict, The (1982)",drama mystery,1982,"Verdict, The",4.357142857142857,7,"Verdict, The drama mystery"
186,3927,4.0,1031079906,Fantastic Voyage (1966),adventure sci-fi,1966,Fantastic Voyage,2.6666666666666665,6,Fantastic Voyage adventure sci-fi
186,5039,4.0,1031087604,Dragonslayer (1981),action adventure fantasy,1981,Dragonslayer,4.083333333333333,6,Dragonslayer action adventure fantasy
186,5540,4.0,1031073061,Clash of the Titans (1981),action adventure fantasy romance,1981,Clash of the Titans,3.611111111111111,9,Clash of the Titans action adventure fantasy romance
187,2810,5.0,1161849911,Perfect Blue (1997),animation horror mystery thriller,1997,Perfect Blue,4.2,5,Perfect Blue animation horror mystery thriller
187,5570,4.0,1161850495,Thesis (Tesis) (1996),drama horror thriller,1996,Thesis (Tesis),3.9,5,Thesis (Tesis) drama horror thriller
187,5909,4.0,1161850313,Visitor Q (Bizita Q) (2001),comedy drama horror,2001,Visitor Q (Bizita Q),3.3,5,Visitor Q (Bizita Q) comedy drama horror
187,7044,4.0,1161850206,Wild at Heart (1990),crime drama mystery romance thriller,1990,Wild at Heart,3.8,5,Wild at Heart crime drama mystery romance thriller
187,7981,4.0,1161954590,Infernal Affairs (Mou gaan dou) (2002),crime drama thriller,2002,Infernal Affairs (Mou gaan dou),4.333333333333333,9,Infernal Affairs (Mou gaan dou) crime drama thriller
187,8607,4.0,1161849932,Tokyo Godfathers (2003),adventure animation drama,2003,Tokyo Godfathers,3.9,5,Tokyo Godfathers adventure animation drama
187,27592,4.0,1161849374,Sympathy for Mr. Vengeance (Boksuneun naui geot) (2002),crime drama,2002,Sympathy for Mr. Vengeance (Boksuneun naui geot),3.8,5,Sympathy for Mr. Vengeance (Boksuneun naui geot) crime drama
187,27912,4.0,1161849361,Outfoxed: Rupert Murdoch's War on Journalism (2004),documentary,2004,Outfoxed: Rupert Murdoch's War on Journalism,3.3,5,Outfoxed: Rupert Murdoch's War on Journalism documentary
187,31364,5.0,1161849532,Memories of Murder (Salinui chueok) (2003),crime drama mystery thriller,2003,Memories of Murder (Salinui chueok),4.7,5,Memories of Murder (Salinui chueok) crime drama mystery thriller
187,49932,4.0,1180301635,Inland Empire (2006),drama mystery thriller,2006,Inland Empire,3.6666666666666665,6,Inland Empire drama mystery thriller
188,1951,5.0,962560221,Oliver! (1968),drama musical,1968,Oliver!,3.571428571428572,7,Oliver! drama musical
188,2436,5.0,962559935,Tea with Mussolini (1999),comedy drama war,1999,Tea with Mussolini,4.25,6,Tea with Mussolini comedy drama war
188,3469,5.0,962559652,Inherit the Wind (1960),drama,1960,Inherit the Wind,4.083333333333333,6,Inherit the Wind drama
191,72,4.0,829760897,Kicking and Screaming (1995),comedy drama,1995,Kicking and Screaming,3.2142857142857144,7,Kicking and Screaming comedy drama
191,155,4.0,829760897,Beyond Rangoon (1995),adventure drama war,1995,Beyond Rangoon,2.4166666666666665,6,Beyond Rangoon adventure drama war
191,229,5.0,829760897,Death and the Maiden (1994),drama thriller,1994,Death and the Maiden,3.4285714285714284,7,Death and the Maiden drama thriller
197,1755,5.0,947462298,Shooting Fish (1997),comedy romance,1997,Shooting Fish,4.1,5,Shooting Fish comedy romance
198,1306,3.0,1034138064,Until the End of the World (Bis ans Ende der Welt) (1991),adventure drama sci-fi,1991,Until the End of the World (Bis ans Ende der Welt),2.7,5,Until the End of the World (Bis ans Ende der Welt) adventure drama sci-fi
199,2670,4.0,940380229,Run Silent Run Deep (1958),war,1958,Run Silent Run Deep,3.6,5,Run Silent Run Deep war
199,2815,1.0,940380136,Iron Eagle (1986),action war,1986,Iron Eagle,2.2857142857142856,7,Iron Eagle action war
199,45210,4.5,1208646002,United 93 (2006),crime drama,2006,United 93,4.142857142857143,7,United 93 crime drama
200,5139,3.0,1229877842,"Bad News Bears, The (1976)",comedy,1976,"Bad News Bears, The",3.2777777777777777,9,"Bad News Bears, The comedy"
202,3036,5.0,974923220,"Quest for Fire (Guerre du feu, La) (1981)",adventure drama,1981,"Quest for Fire (Guerre du feu, La)",3.7857142857142856,7,"Quest for Fire (Guerre du feu, La) adventure drama"
202,3470,4.0,974923127,Dersu Uzala (1975),adventure drama,1975,Dersu Uzala,4.3,5,Dersu Uzala adventure drama
202,3528,4.0,975014215,"Prince of Tides, The (1991)",drama romance,1991,"Prince of Tides, The",3.4,5,"Prince of Tides, The drama romance"
202,3682,3.0,974924312,Magnum Force (1973),action crime drama thriller,1973,Magnum Force,3.7,5,Magnum Force action crime drama thriller
202,3724,4.0,974924502,Coming Home (1978),drama war,1978,Coming Home,3.3,5,Coming Home drama war
204,79008,3.5,1327170984,South Park: Imaginationland (2008),animation comedy fantasy,2008,South Park: Imaginationland,4.0,8,South Park: Imaginationland animation comedy fantasy
210,106642,4.5,1527266123,"Day of the Doctor, The (2013)",adventure drama sci-fi,2013,"Day of the Doctor, The",4.571428571428571,7,"Day of the Doctor, The adventure drama sci-fi"
210,180031,4.0,1537649775,The Shape of Water (2017),adventure drama fantasy,2017,The Shape of Water,3.6875,8,The Shape of Water adventure drama fantasy
212,87192,4.0,1498429783,Attack the Block (2011),action comedy sci-fi,2011,Attack the Block,3.5,6,Attack the Block action comedy sci-fi
212,183897,5.0,1532361617,Isle of Dogs (2018),animation comedy,2018,Isle of Dogs,3.5,5,Isle of Dogs animation comedy
213,43679,3.5,1316196117,Final Destination 3 (2006),horror mystery thriller,2006,Final Destination 3,2.833333333333333,9,Final Destination 3 horror mystery thriller
213,57274,3.0,1316195608,[REC] (2007),drama horror thriller,2007,[REC],4.0625,8,[REC] drama horror thriller
216,3422,4.0,975212395,She's Gotta Have It (1986),comedy romance,1986,She's Gotta Have It,3.333333333333333,6,She's Gotta Have It comedy romance
217,275,2.0,955944634,Mixed Nuts (1994),comedy,1994,Mixed Nuts,2.0,6,Mixed Nuts comedy
217,429,1.0,955945480,Cabin Boy (1994),comedy,1994,Cabin Boy,2.0,6,Cabin Boy comedy
217,438,3.0,955945239,"Cowboy Way, The (1994)",action comedy drama,1994,"Cowboy Way, The",2.7142857142857144,7,"Cowboy Way, The action comedy drama"
217,444,2.0,955945239,Even Cowgirls Get the Blues (1993),comedy romance,1993,Even Cowgirls Get the Blues,2.333333333333333,6,Even Cowgirls Get the Blues comedy romance
217,517,4.0,956195125,Rising Sun (1993),action drama mystery,1993,Rising Sun,3.2777777777777777,9,Rising Sun action drama mystery
217,809,2.0,955941990,Fled (1996),action adventure,1996,Fled,2.333333333333333,9,Fled action adventure
217,1007,2.0,955944775,"Apple Dumpling Gang, The (1975)",children comedy western,1975,"Apple Dumpling Gang, The",2.6,10,"Apple Dumpling Gang, The children comedy western"
217,1126,2.0,955945372,Drop Dead Fred (1991),comedy fantasy,1991,Drop Dead Fred,2.833333333333333,6,Drop Dead Fred comedy fantasy
217,1875,3.0,955935371,Clockwatchers (1997),comedy,1997,Clockwatchers,3.9166666666666665,6,Clockwatchers comedy
217,2373,1.0,955941273,Red Sonja (1985),action adventure fantasy,1985,Red Sonja,2.2777777777777777,9,Red Sonja action adventure fantasy
217,2382,3.0,955945639,Police Academy 5: Assignment: Miami Beach (1988),comedy crime,1988,Police Academy 5: Assignment: Miami Beach,2.5,5,Police Academy 5: Assignment: Miami Beach comedy crime
217,2473,2.0,955945239,Soul Man (1986),comedy,1986,Soul Man,2.5625,8,Soul Man comedy
217,3392,3.0,955945275,She-Devil (1989),comedy,1989,She-Devil,2.333333333333333,6,She-Devil comedy
217,3524,3.0,955944401,Arthur (1981),comedy romance,1981,Arthur,2.8,10,Arthur comedy romance
217,3529,3.0,955943075,"Postman Always Rings Twice, The (1981)",crime thriller,1981,"Postman Always Rings Twice, The",3.5,5,"Postman Always Rings Twice, The crime thriller"
219,2296,1.0,1194740481,"Night at the Roxbury, A (1998)",comedy,1998,"Night at the Roxbury, A",2.1,10,"Night at the Roxbury, A comedy"
219,3054,0.5,1194740461,Pokémon: The First Movie (1998),adventure animation children fantasy sci-fi,1998,Pokémon: The First Movie,2.3125,8,Pokémon: The First Movie adventure animation children fantasy sci-fi
219,5047,3.0,1198782908,Kung Pow: Enter the Fist (2002),action comedy,2002,Kung Pow: Enter the Fist,3.2222222222222223,9,Kung Pow: Enter the Fist action comedy
219,7319,1.5,1198783202,Club Dread (2004),comedy horror,2004,Club Dread,2.083333333333333,6,Club Dread comedy horror
219,8880,2.5,1194740363,Mask (1985),drama,1985,Mask,3.4285714285714284,7,Mask drama
219,31221,0.5,1198782845,Elektra (2005),action adventure crime drama,2005,Elektra,2.05,10,Elektra action adventure crime drama
219,36708,3.5,1195944573,Family Guy Presents Stewie Griffin: The Untold Story (2005),adventure animation comedy,2005,Family Guy Presents Stewie Griffin: The Untold Story,3.7083333333333335,12,Family Guy Presents Stewie Griffin: The Untold Story adventure animation comedy
219,37380,1.0,1194740570,Doom (2005),action horror sci-fi,2005,Doom,2.15,10,Doom action horror sci-fi
219,41716,4.0,1195944800,"Matador, The (2005)",comedy drama thriller,2005,"Matador, The",3.2142857142857144,7,"Matador, The comedy drama thriller"
219,46335,2.0,1198783156,"Fast and the Furious: Tokyo Drift, The (Fast and the Furious 3, The) (2006)",action crime drama thriller,2006,"Fast and the Furious: Tokyo Drift, The (Fast and the Furious 3, The)",2.090909090909091,11,"Fast and the Furious: Tokyo Drift, The (Fast and the Furious 3, The) action crime drama thriller"
219,56156,2.5,1206231910,Hitman (2007),action crime thriller,2007,Hitman,3.2857142857142856,7,Hitman action crime thriller
220,60937,2.5,1230670503,"Mummy: Tomb of the Dragon Emperor, The (2008)",action adventure fantasy thriller,2008,"Mummy: Tomb of the Dragon Emperor, The",2.642857142857143,7,"Mummy: Tomb of the Dragon Emperor, The action adventure fantasy thriller"
220,64231,3.5,1243884376,Punisher: War Zone (2008),action crime drama thriller,2008,Punisher: War Zone,3.0,6,Punisher: War Zone action crime drama thriller
221,2469,4.5,1111177992,Peggy Sue Got Married (1986),comedy drama,1986,Peggy Sue Got Married,3.2142857142857144,7,Peggy Sue Got Married comedy drama
221,3090,5.0,1119984430,Matewan (1987),drama,1987,Matewan,4.166666666666667,6,Matewan drama
221,3095,4.5,1119984340,"Grapes of Wrath, The (1940)",drama,1940,"Grapes of Wrath, The",4.111111111111111,9,"Grapes of Wrath, The drama"
221,6639,4.0,1119984202,Wait Until Dark (1967),drama thriller,1967,Wait Until Dark,3.4285714285714284,7,Wait Until Dark drama thriller
221,6724,4.0,1119984536,Paper Moon (1973),comedy crime drama,1973,Paper Moon,3.6,5,Paper Moon comedy crime drama
221,7013,4.0,1119984076,"Night of the Hunter, The (1955)",drama film-noir thriller,1955,"Night of the Hunter, The",4.0,7,"Night of the Hunter, The drama film-noir thriller"
222,6290,2.0,1391354307,House of 1000 Corpses (2003),horror,2003,House of 1000 Corpses,2.7142857142857144,7,House of 1000 Corpses horror
222,62250,3.0,1391353969,Gomorrah (Gomorra) (2008),crime drama,2008,Gomorrah (Gomorra),3.7,5,Gomorrah (Gomorra) crime drama
223,2747,2.0,1226209415,"Little Shop of Horrors, The (1960)",comedy horror,1960,"Little Shop of Horrors, The",3.0,9,"Little Shop of Horrors, The comedy horror"
225,1130,3.0,949261330,"Howling, The (1980)",horror mystery,1980,"Howling, The",2.9,5,"Howling, The horror mystery"
226,63,3.5,1096420461,Don't Be a Menace to South Central While Drinking Your Juice in the Hood (1996),comedy crime,1996,Don't Be a Menace to South Central While Drinking Your Juice in the Hood,2.7142857142857144,7,Don't Be a Menace to South Central While Drinking Your Juice in the Hood comedy crime
226,2432,2.0,1096421203,Stepmom (1998),drama,1998,Stepmom,3.083333333333333,6,Stepmom drama
226,3688,3.5,1096421062,Porky's (1982),comedy,1982,Porky's,2.136363636363636,11,Porky's comedy
226,4233,0.5,1114843193,Tomcats (2001),comedy,2001,Tomcats,2.0,6,Tomcats comedy
226,4544,4.0,1095695342,Short Circuit 2 (1988),comedy sci-fi,1988,Short Circuit 2,2.9,5,Short Circuit 2 comedy sci-fi
226,37720,4.0,1130136537,"Exorcism of Emily Rose, The (2005)",crime drama horror thriller,2005,"Exorcism of Emily Rose, The",2.9166666666666665,6,"Exorcism of Emily Rose, The crime drama horror thriller"
226,45028,4.0,1173542205,"Prairie Home Companion, A (2006)",comedy drama musical,2006,"Prairie Home Companion, A",3.6666666666666665,6,"Prairie Home Companion, A comedy drama musical"
227,85342,5.0,1447210098,Elite Squad: The Enemy Within (Tropa de Elite 2 - O Inimigo Agora É Outro) (2010),action crime drama,2010,Elite Squad: The Enemy Within (Tropa de Elite 2 - O Inimigo Agora É Outro),4.357142857142857,7,Elite Squad: The Enemy Within (Tropa de Elite 2 - O Inimigo Agora É Outro) action crime drama
232,5478,2.5,1218169904,Eight Legged Freaks (2002),action comedy horror sci-fi,2002,Eight Legged Freaks,2.75,8,Eight Legged Freaks action comedy horror sci-fi
232,5572,2.5,1218170315,Barbershop (2002),comedy,2002,Barbershop,2.7142857142857144,7,Barbershop comedy
232,5573,2.5,1218166812,Stealing Harvard (2002),comedy crime,2002,Stealing Harvard,2.2857142857142856,7,Stealing Harvard comedy crime
232,6615,2.5,1167944697,Freddy vs. Jason (2003),action horror thriller,2003,Freddy vs. Jason,2.333333333333333,9,Freddy vs. Jason action horror thriller
232,6951,3.0,1182909997,"Cat in the Hat, The (2003)",children comedy,2003,"Cat in the Hat, The",2.1,5,"Cat in the Hat, The children comedy"
232,7150,3.0,1182909260,Stuck on You (2003),comedy,2003,Stuck on You,2.8,10,Stuck on You comedy
232,7376,3.0,1218166748,Walking Tall (2004),action,2004,Walking Tall,3.0,6,Walking Tall action
232,27839,2.0,1218170824,"Ring Two, The (2005)",drama horror mystery thriller,2005,"Ring Two, The",2.3,5,"Ring Two, The drama horror mystery thriller"
232,30894,2.0,1218170754,White Noise (2005),drama horror mystery sci-fi thriller,2005,White Noise,2.5,8,White Noise drama horror mystery sci-fi thriller
232,31427,3.0,1218167367,Hide and Seek (2005),horror mystery thriller,2005,Hide and Seek,2.333333333333333,6,Hide and Seek horror mystery thriller
232,32011,2.0,1218170948,Cursed (2005),horror thriller,2005,Cursed,2.1666666666666665,6,Cursed horror thriller
232,32019,3.0,1182910045,Be Cool (2005),comedy crime musical,2005,Be Cool,2.4375,8,Be Cool comedy crime musical
232,33158,2.5,1218169279,xXx: State of the Union (2005),action crime thriller,2005,xXx: State of the Union,2.0,5,xXx: State of the Union action crime thriller
232,33164,2.5,1218169753,House of Wax (2005),horror thriller,2005,House of Wax,1.8333333333333333,6,House of Wax horror thriller
232,39435,3.5,1218165618,"Legend of Zorro, The (2005)",action adventure drama western,2005,"Legend of Zorro, The",2.9,5,"Legend of Zorro, The action adventure drama western"
232,42728,2.5,1206995969,Tristan & Isolde (2006),drama romance,2006,Tristan & Isolde,3.6,5,Tristan & Isolde drama romance
232,43871,3.0,1182909819,Firewall (2006),crime drama thriller,2006,Firewall,2.75,8,Firewall crime drama thriller
232,44397,2.5,1218169790,"Hills Have Eyes, The (2006)",drama horror thriller,2006,"Hills Have Eyes, The",3.083333333333333,6,"Hills Have Eyes, The drama horror thriller"
232,45662,2.5,1206994988,"Omen, The (2006)",horror thriller,2006,"Omen, The",2.3,5,"Omen, The horror thriller"
232,51412,3.0,1241823708,Next (2007),action sci-fi thriller,2007,Next,2.821428571428572,14,Next action sci-fi thriller
232,54256,3.5,1241923869,Hot Rod (2007),comedy,2007,Hot Rod,3.142857142857143,7,Hot Rod comedy
232,55995,2.5,1241924604,Beowulf (2007),action adventure animation fantasy imax,2007,Beowulf,2.5625,8,Beowulf action adventure animation fantasy imax
232,58105,2.0,1206991103,"Spiderwick Chronicles, The (2008)",adventure children drama fantasy imax,2008,"Spiderwick Chronicles, The",3.4,5,"Spiderwick Chronicles, The adventure children drama fantasy imax"
232,62081,3.5,1283133214,Eagle Eye (2008),action crime thriller imax,2008,Eagle Eye,3.0625,8,Eagle Eye action crime thriller imax
232,66509,3.5,1269572181,Funny People (2009),comedy drama,2009,Funny People,3.5,5,Funny People comedy drama
232,67197,3.0,1241823945,Knowing (2009),action drama mystery sci-fi thriller,2009,Knowing,2.833333333333333,9,Knowing action drama mystery sci-fi thriller
232,71254,3.5,1283133607,Gamer (2009),action sci-fi thriller,2009,Gamer,3.4285714285714284,7,Gamer action sci-fi thriller
232,78893,2.0,1283133925,"Last Airbender, The (2010)",action adventure fantasy,2010,"Last Airbender, The",1.9166666666666667,6,"Last Airbender, The action adventure fantasy"
234,42,4.0,1004408338,Dead Presidents (1995),action crime drama,1995,Dead Presidents,3.0,7,Dead Presidents action crime drama
234,1707,1.0,1004409854,Home Alone 3 (1997),children comedy,1997,Home Alone 3,1.875,8,Home Alone 3 children comedy
234,3672,4.0,1004409720,Benji (1974),adventure children,1974,Benji,3.8,5,Benji adventure children
238,4498,4.0,1007931941,"Dead Pool, The (1988)",action crime thriller,1988,"Dead Pool, The",3.0,6,"Dead Pool, The action crime thriller"
244,2919,5.0,975075169,"Year of Living Dangerously, The (1982)",drama romance war,1982,"Year of Living Dangerously, The",3.8125,8,"Year of Living Dangerously, The drama romance war"
244,3566,1.0,975074734,"Big Kahuna, The (2000)",comedy drama,2000,"Big Kahuna, The",2.875,8,"Big Kahuna, The comedy drama"
246,83613,4.0,1354124387,Cowboys & Aliens (2011),action sci-fi thriller western imax,2011,Cowboys & Aliens,3.0,9,Cowboys & Aliens action sci-fi thriller western imax
247,82169,3.0,1467759724,"Chronicles of Narnia: The Voyage of the Dawn Treader, The (2010)",adventure children fantasy,2010,"Chronicles of Narnia: The Voyage of the Dawn Treader, The",3.857142857142857,7,"Chronicles of Narnia: The Voyage of the Dawn Treader, The adventure children fantasy"
247,120799,2.5,1467643930,Terminator Genisys (2015),action adventure sci-fi thriller,2015,Terminator Genisys,2.5,9,Terminator Genisys action adventure sci-fi thriller
249,5784,2.5,1415415799,Ghost Ship (2002),horror,2002,Ghost Ship,2.5,9,Ghost Ship horror
249,33085,2.5,1346755048,"Amityville Horror, The (2005)",horror thriller,2005,"Amityville Horror, The",2.25,6,"Amityville Horror, The horror thriller"
249,39400,2.0,1365263733,"Fog, The (2005)",action horror mystery thriller,2005,"Fog, The",2.1,5,"Fog, The action horror mystery thriller"
249,72605,3.5,1356549960,Brothers (2009),drama thriller war,2009,Brothers,3.5,5,Brothers drama thriller war
249,78039,3.5,1347017975,Blue Valentine (2010),drama romance,2010,Blue Valentine,2.8,5,Blue Valentine drama romance
249,85056,3.5,1430482940,I Am Number Four (2011),action sci-fi thriller imax,2011,I Am Number Four,3.1,5,I Am Number Four action sci-fi thriller imax
249,85510,3.5,1430482902,Sucker Punch (2011),action fantasy thriller imax,2011,Sucker Punch,3.125,12,Sucker Punch action fantasy thriller imax
249,90439,3.5,1356304401,Margin Call (2011),drama thriller,2011,Margin Call,3.7857142857142856,7,Margin Call drama thriller
249,93363,3.5,1347887097,John Carter (2012),action adventure sci-fi imax,2012,John Carter,3.090909090909091,11,John Carter action adventure sci-fi imax
249,94780,3.5,1347985662,Snow White and the Huntsman (2012),action adventure drama,2012,Snow White and the Huntsman,2.833333333333333,6,Snow White and the Huntsman action adventure drama
249,95207,3.0,1363350137,Abraham Lincoln: Vampire Hunter (2012),action fantasy horror thriller,2012,Abraham Lincoln: Vampire Hunter,2.75,6,Abraham Lincoln: Vampire Hunter action fantasy horror thriller
249,96417,4.0,1354466511,Premium Rush (2012),action thriller,2012,Premium Rush,3.2,5,Premium Rush action thriller
249,100163,3.5,1374182245,Hansel & Gretel: Witch Hunters (2013),action fantasy horror imax,2013,Hansel & Gretel: Witch Hunters,2.9,5,Hansel & Gretel: Witch Hunters action fantasy horror imax
249,101025,3.0,1373819173,Jack the Giant Slayer (2013),adventure fantasy imax,2013,Jack the Giant Slayer,2.2,5,Jack the Giant Slayer adventure fantasy imax
249,101362,3.0,1372941488,Olympus Has Fallen (2013),action thriller,2013,Olympus Has Fallen,2.875,8,Olympus Has Fallen action thriller
249,102033,3.5,1381418002,Pain & Gain (2013),action comedy crime,2013,Pain & Gain,3.2,5,Pain & Gain action comedy crime
249,104243,3.0,1412843506,Riddick (2013),action sci-fi thriller imax,2013,Riddick,3.3,5,Riddick action sci-fi thriller imax
249,108928,3.5,1399719209,"Monuments Men, The (2014)",action drama war,2014,"Monuments Men, The",2.6666666666666665,6,"Monuments Men, The action drama war"
249,111364,3.5,1410887067,Godzilla (2014),action adventure sci-fi imax,2014,Godzilla,2.6153846153846154,13,Godzilla action adventure sci-fi imax
249,169984,4.0,1504390008,Alien: Covenant (2017),action horror sci-fi thriller,2017,Alien: Covenant,2.8,5,Alien: Covenant action horror sci-fi thriller
249,175569,4.5,1531598502,Wind River (2017),action crime mystery thriller,2017,Wind River,3.4,5,Wind River action crime mystery thriller
254,5319,4.5,1180564729,Nine Queens (Nueve reinas) (2000),crime thriller,2000,Nine Queens (Nueve reinas),3.5,6,Nine Queens (Nueve reinas) crime thriller
255,2907,4.0,1005717513,Superstar (1999),comedy,1999,Superstar,3.571428571428572,7,Superstar comedy
260,2348,2.0,1109408573,Sid and Nancy (1986),drama,1986,Sid and Nancy,3.4375,8,Sid and Nancy drama
260,2859,4.5,1109411160,Stop Making Sense (1984),documentary musical,1984,Stop Making Sense,3.857142857142857,7,Stop Making Sense documentary musical
260,6370,4.5,1109408901,"Spanish Apartment, The (L'auberge espagnole) (2002)",comedy drama romance,2002,"Spanish Apartment, The (L'auberge espagnole)",4.0,5,"Spanish Apartment, The (L'auberge espagnole) comedy drama romance"
260,6713,2.5,1109410242,Millennium Actress (Sennen joyû) (2001),animation drama romance,2001,Millennium Actress (Sennen joyû),3.8,5,Millennium Actress (Sennen joyû) animation drama romance
265,2240,3.0,965317882,My Bodyguard (1980),drama,1980,My Bodyguard,3.857142857142857,7,My Bodyguard drama
265,2377,2.0,965315401,Lifeforce (1985),horror sci-fi,1985,Lifeforce,2.5,5,Lifeforce horror sci-fi
265,2445,3.0,965319932,At First Sight (1999),drama,1999,At First Sight,2.6875,8,At First Sight drama
268,1964,5.0,940173888,Klute (1971),drama mystery,1971,Klute,4.083333333333333,6,Klute drama mystery
268,2829,3.0,940172592,"Muse, The (1999)",comedy,1999,"Muse, The",3.071428571428572,7,"Muse, The comedy"
274,619,3.5,1172458048,Ed (1996),comedy,1996,Ed,2.6,5,Ed comedy
274,886,3.0,1172031009,Bulletproof (1996),action comedy crime,1996,Bulletproof,2.6666666666666665,6,Bulletproof action comedy crime
274,1255,3.5,1200444417,Bad Taste (1987),comedy horror sci-fi,1987,Bad Taste,3.0,6,Bad Taste comedy horror sci-fi
274,1327,3.0,1205291623,"Amityville Horror, The (1979)",drama horror mystery thriller,1979,"Amityville Horror, The",2.6333333333333333,15,"Amityville Horror, The drama horror mystery thriller"
274,1993,3.0,1172031135,Child's Play 3 (1991),comedy horror thriller,1991,Child's Play 3,1.8,5,Child's Play 3 comedy horror thriller
274,2170,3.0,1172031076,Wrongfully Accused (1998),action comedy,1998,Wrongfully Accused,2.4,5,Wrongfully Accused action comedy
274,2498,2.0,1172031001,My Favorite Martian (1999),comedy sci-fi,1999,My Favorite Martian,2.1,5,My Favorite Martian comedy sci-fi
274,2517,3.5,1261091238,Christine (1983),horror,1983,Christine,2.95,10,Christine horror
274,2846,4.5,1172024385,"Adventures of Milo and Otis, The (Koneko monogatari) (1986)",adventure children comedy drama,1986,"Adventures of Milo and Otis, The (Koneko monogatari)",3.857142857142857,7,"Adventures of Milo and Otis, The (Koneko monogatari) adventure children comedy drama"
274,3511,4.0,1172275325,Ready to Rumble (2000),comedy,2000,Ready to Rumble,2.25,6,Ready to Rumble comedy
274,3676,4.0,1217201110,Eraserhead (1977),drama horror,1977,Eraserhead,3.75,10,Eraserhead drama horror
274,4030,1.5,1172007779,Dracula 2000 (2000),horror,2000,Dracula 2000,1.8,5,Dracula 2000 horror
274,4248,1.0,1171932678,Josie and the Pussycats (2001),comedy,2001,Josie and the Pussycats,1.75,6,Josie and the Pussycats comedy
274,4748,3.0,1172030080,3 Ninjas (1992),action children comedy,1992,3 Ninjas,2.083333333333333,6,3 Ninjas action children comedy
274,5080,4.0,1172109808,Slackers (2002),comedy,2002,Slackers,2.6,5,Slackers comedy
274,5401,2.0,1171830538,Undercover Brother (2002),comedy,2002,Undercover Brother,1.8333333333333333,9,Undercover Brother comedy
274,5452,3.5,1171787207,Look Who's Talking Now (1993),children comedy romance,1993,Look Who's Talking Now,1.5833333333333333,6,Look Who's Talking Now children comedy romance
274,6664,3.5,1171828354,Commando (1985),action adventure,1985,Commando,3.5,6,Commando action adventure
274,6794,2.0,1172023933,Beethoven's 2nd (1993),children comedy,1993,Beethoven's 2nd,1.5,5,Beethoven's 2nd children comedy
274,6868,4.0,1197190324,Wonderland (2003),crime drama mystery thriller,2003,Wonderland,3.4285714285714284,7,Wonderland crime drama mystery thriller
274,7117,3.5,1197193538,Leprechaun (1993),comedy horror,1993,Leprechaun,2.3,5,Leprechaun comedy horror
274,7845,3.5,1172030767,Tremors II: Aftershocks (1996),comedy horror sci-fi,1996,Tremors II: Aftershocks,2.7,5,Tremors II: Aftershocks comedy horror sci-fi
274,26242,3.5,1171828106,Duel (1971),action mystery thriller,1971,Duel,3.2,5,Duel action mystery thriller
274,27822,1.0,1171830578,Open Water (2003),drama thriller,2003,Open Water,2.7,5,Open Water drama thriller
274,34323,4.5,1172025654,"Devil's Rejects, The (2005)",action crime horror,2005,"Devil's Rejects, The",3.7142857142857135,7,"Devil's Rejects, The action crime horror"
274,37382,3.5,1171829569,Domino (2005),crime drama thriller,2005,Domino,2.875,8,Domino crime drama thriller
274,44828,4.0,1171495501,Slither (2006),comedy horror sci-fi,2006,Slither,3.0,5,Slither comedy horror sci-fi
274,53468,3.0,1202462680,Fido (2006),comedy horror thriller,2006,Fido,3.2857142857142856,7,Fido comedy horror thriller
274,54648,2.0,1198614184,Rush Hour 3 (2007),action comedy crime thriller,2007,Rush Hour 3,2.7,5,Rush Hour 3 action comedy crime thriller
274,60037,3.5,1224747851,"Happening, The (2008)",drama sci-fi thriller,2008,"Happening, The",3.0,5,"Happening, The drama sci-fi thriller"
274,71379,2.0,1285027751,Paranormal Activity (2009),horror thriller,2009,Paranormal Activity,3.4,5,Paranormal Activity horror thriller
275,556,4.0,1049079432,"War Room, The (1993)",documentary,1993,"War Room, The",3.333333333333333,6,"War Room, The documentary"
275,1594,5.0,1049079020,In the Company of Men (1997),comedy drama,1997,In the Company of Men,4.083333333333333,6,In the Company of Men comedy drama
275,2073,5.0,1049077156,Fandango (1985),comedy,1985,Fandango,3.6,5,Fandango comedy
275,2937,5.0,1049078055,"Palm Beach Story, The (1942)",comedy,1942,"Palm Beach Story, The",4.1,5,"Palm Beach Story, The comedy"
275,3038,5.0,1049079539,"Face in the Crowd, A (1957)",drama,1957,"Face in the Crowd, A",4.2,5,"Face in the Crowd, A drama"
275,4334,5.0,1049077375,Yi Yi (2000),drama,2000,Yi Yi,4.6,5,Yi Yi drama
280,73266,3.0,1347605299,Youth in Revolt (2009),comedy drama romance,2009,Youth in Revolt,3.0,5,Youth in Revolt comedy drama romance
287,5876,3.5,1110230202,"Quiet American, The (2002)",drama thriller war,2002,"Quiet American, The",3.9,5,"Quiet American, The drama thriller war"
288,1128,2.0,976138852,"Fog, The (1980)",horror,1980,"Fog, The",2.5,5,"Fog, The horror"
288,1389,1.0,976138444,Jaws 3-D (1983),action horror,1983,Jaws 3-D,1.4166666666666667,6,Jaws 3-D action horror
288,1983,2.0,976139017,Halloween II (1981),horror,1981,Halloween II,2.4,5,Halloween II horror
288,1995,2.0,976139036,Poltergeist II: The Other Side (1986),horror thriller,1986,Poltergeist II: The Other Side,1.6666666666666667,6,Poltergeist II: The Other Side horror thriller
288,2163,2.0,975692853,Attack of the Killer Tomatoes! (1978),comedy horror,1978,Attack of the Killer Tomatoes!,2.2,5,Attack of the Killer Tomatoes! comedy horror
288,2259,2.0,975692853,Blame It on Rio (1984),comedy romance,1984,Blame It on Rio,3.1875,8,Blame It on Rio comedy romance
288,2866,3.0,980534725,"Buddy Holly Story, The (1978)",drama,1978,"Buddy Holly Story, The",3.6,5,"Buddy Holly Story, The drama"
288,3525,1.0,975692736,Bachelor Party (1984),comedy,1984,Bachelor Party,2.9,5,Bachelor Party comedy
288,4010,2.0,975692683,Brewster's Millions (1985),comedy,1985,Brewster's Millions,2.9375,8,Brewster's Millions comedy
288,42418,4.0,1199974982,"New World, The (2005)",adventure drama romance,2005,"New World, The",3.2,5,"New World, The adventure drama romance"
288,47950,3.5,1241964384,Hollywoodland (2006),crime drama mystery thriller,2006,Hollywoodland,3.2,5,Hollywoodland crime drama mystery thriller
290,2549,2.0,974937732,Wing Commander (1999),action sci-fi,1999,Wing Commander,2.9166666666666665,6,Wing Commander action sci-fi
290,3007,4.0,974937867,American Movie (1999),documentary,1999,American Movie,3.75,6,American Movie documentary
292,3871,4.0,973817265,Shane (1953),drama western,1953,Shane,3.9,5,Shane drama western
292,165549,1.5,1513546429,Manchester by the Sea (2016),drama,2016,Manchester by the Sea,2.9,5,Manchester by the Sea drama
294,2736,4.0,966596142,Brighton Beach Memoirs (1986),comedy,1986,Brighton Beach Memoirs,3.6,5,Brighton Beach Memoirs comedy
294,3412,2.0,966633918,"Bear, The (Ours, L') (1988)",adventure children drama,1988,"Bear, The (Ours, L')",3.4166666666666665,6,"Bear, The (Ours, L') adventure children drama"
298,5128,2.0,1447599388,Queen of the Damned (2002),fantasy horror,2002,Queen of the Damned,2.363636363636364,11,Queen of the Damned fantasy horror
298,6811,1.5,1467489385,PCU (1994),comedy,1994,PCU,2.5,5,PCU comedy
298,7460,3.5,1447599466,Coffee and Cigarettes (2003),comedy drama,2003,Coffee and Cigarettes,3.583333333333333,6,Coffee and Cigarettes comedy drama
298,62113,1.5,1447517608,How to Lose Friends & Alienate People (2008),comedy,2008,How to Lose Friends & Alienate People,2.833333333333333,6,How to Lose Friends & Alienate People comedy
298,91128,2.5,1447517921,"Rum Diary, The (2011)",comedy drama thriller,2011,"Rum Diary, The",3.583333333333333,6,"Rum Diary, The comedy drama thriller"
305,74868,2.5,1460564491,Dorian Gray (2009),drama horror sci-fi,2009,Dorian Gray,3.0,5,Dorian Gray drama horror sci-fi
305,112818,5.0,1460564166,"Purge: Anarchy, The (2014)",action horror thriller,2014,"Purge: Anarchy, The",3.3,5,"Purge: Anarchy, The action horror thriller"
307,2506,2.5,1186172842,"Other Sister, The (1999)",comedy drama romance,1999,"Other Sister, The",3.333333333333333,6,"Other Sister, The comedy drama romance"
307,2787,2.0,1186087713,Cat's Eye (1985),horror,1985,Cat's Eye,2.4166666666666665,6,Cat's Eye horror
307,3478,2.5,1186085835,"Bamba, La (1987)",drama,1987,"Bamba, La",2.7857142857142856,7,"Bamba, La drama"
307,3943,1.0,1186085865,Bamboozled (2000),comedy,2000,Bamboozled,2.9375,8,Bamboozled comedy
307,4915,2.0,1186086038,"Beastmaster, The (1982)",action adventure fantasy,1982,"Beastmaster, The",2.8,5,"Beastmaster, The action adventure fantasy"
307,8169,3.0,1186084234,*batteries not included (1987),children comedy fantasy sci-fi,1987,*batteries not included,3.2857142857142856,7,*batteries not included children comedy fantasy sci-fi
307,26133,4.0,1224508591,"Charlie Brown Christmas, A (1965)",animation children comedy,1965,"Charlie Brown Christmas, A",4.0,6,"Charlie Brown Christmas, A animation children comedy"
307,37857,4.5,1215657458,MirrorMask (2005),adventure children drama fantasy,2005,MirrorMask,3.611111111111111,9,MirrorMask adventure children drama fantasy
307,48142,2.0,1186086608,"Black Dahlia, The (2006)",crime drama mystery thriller,2006,"Black Dahlia, The",3.25,6,"Black Dahlia, The crime drama mystery thriller"
309,973,4.0,1086564073,Meet John Doe (1941),comedy drama,1941,Meet John Doe,3.9,5,Meet John Doe comedy drama
312,4754,4.0,1043176272,"Wicker Man, The (1973)",drama horror mystery thriller,1973,"Wicker Man, The",3.9166666666666665,6,"Wicker Man, The drama horror mystery thriller"
313,2275,4.0,1030474778,Six-String Samurai (1998),action adventure sci-fi,1998,Six-String Samurai,3.6,5,Six-String Samurai action adventure sci-fi
313,3889,2.0,1030475516,Highlander: Endgame (Highlander IV) (2000),action adventure fantasy,2000,Highlander: Endgame (Highlander IV),2.25,6,Highlander: Endgame (Highlander IV) action adventure fantasy
313,4210,4.0,1030476305,Manhunter (1986),action crime drama horror thriller,1986,Manhunter,3.9166666666666665,6,Manhunter action crime drama horror thriller
317,74545,4.0,1430513635,"Ghost Writer, The (2010)",drama mystery thriller,2010,"Ghost Writer, The",3.7857142857142856,7,"Ghost Writer, The drama mystery thriller"
323,110127,3.0,1422640893,Noah (2014),adventure drama imax,2014,Noah,2.8,5,Noah adventure drama imax
325,4086,3.0,1039399558,"Big Easy, The (1987)",action crime mystery romance thriller,1987,"Big Easy, The",3.5,5,"Big Easy, The action crime mystery romance thriller"
332,92938,2.0,1352671665,Ghost Rider: Spirit of Vengeance (2012),action fantasy thriller,2012,Ghost Rider: Spirit of Vengeance,1.6,5,Ghost Rider: Spirit of Vengeance action fantasy thriller
342,2188,3.0,1042821871,54 (1998),drama,1998,54,2.0,5,54 drama
342,2676,4.0,1042822091,Instinct (1999),drama thriller,1999,Instinct,3.1666666666666665,6,Instinct drama thriller
346,7115,2.5,1125857583,Deep Red (Profondo rosso) (1975),horror mystery thriller,1975,Deep Red (Profondo rosso),2.6,5,Deep Red (Profondo rosso) horror mystery thriller
368,3545,2.0,971274910,Cabaret (1972),drama musical,1972,Cabaret,3.0,5,Cabaret drama musical
380,4814,3.0,1494528872,Don't Say a Word (2001),thriller,2001,Don't Say a Word,2.5,5,Don't Say a Word thriller
382,8387,0.5,1515163292,Police Academy: Mission to Moscow (1994),comedy crime,1994,Police Academy: Mission to Moscow,0.8,5,Police Academy: Mission to Moscow comedy crime
382,65685,3.5,1515162039,Inkheart (2008),adventure fantasy,2008,Inkheart,3.5,5,Inkheart adventure fantasy
382,122902,2.0,1515249863,Fantastic Four (2015),action adventure fantasy sci-fi,2015,Fantastic Four,2.1,5,Fantastic Four action adventure fantasy sci-fi
387,1977,2.0,1162190957,Friday the 13th Part IV: The Final Chapter (1984),horror,1984,Friday the 13th Part IV: The Final Chapter,2.583333333333333,6,Friday the 13th Part IV: The Final Chapter horror
387,2303,4.0,1094877428,Nashville (1975),drama musical,1975,Nashville,3.6,5,Nashville drama musical
397,1701,4.0,1181966644,Deconstructing Harry (1997),comedy drama,1997,Deconstructing Harry,3.875,8,Deconstructing Harry comedy drama
414,2570,3.0,1003247948,"Walk on the Moon, A (1999)",drama romance,1999,"Walk on the Moon, A",3.2,5,"Walk on the Moon, A drama romance"
414,5081,3.0,1047492442,Birthday Girl (2001),drama romance,2001,Birthday Girl,2.8,5,Birthday Girl drama romance
414,6810,2.5,1064941816,Sleeping with the Enemy (1991),drama thriller,1991,Sleeping with the Enemy,2.5,5,Sleeping with the Enemy drama thriller
448,4526,2.0,1019133189,My Stepmother Is an Alien (1988),comedy romance sci-fi,1988,My Stepmother Is an Alien,3.1,5,My Stepmother Is an Alien comedy romance sci-fi
448,7101,3.0,1074423259,Doc Hollywood (1991),comedy romance,1991,Doc Hollywood,3.0,6,Doc Hollywood comedy romance
448,26152,3.0,1136651990,Batman (1966),action adventure comedy,1966,Batman,3.0,5,Batman action adventure comedy
448,32291,2.5,1234381331,Melinda and Melinda (2004),comedy drama,2004,Melinda and Melinda,3.1,5,Melinda and Melinda comedy drama
448,66785,4.0,1291482540,"Good, the Bad, the Weird, The (Joheunnom nabbeunnom isanghannom) (2008)",action adventure comedy western,2008,"Good, the Bad, the Weird, The (Joheunnom nabbeunnom isanghannom)",3.8,5,"Good, the Bad, the Weird, The (Joheunnom nabbeunnom isanghannom) action adventure comedy western"
448,118997,2.5,1449604930,Into the Woods (2014),children comedy fantasy musical,2014,Into the Woods,2.8,5,Into the Woods children comedy fantasy musical
464,74530,2.0,1325590450,Percy Jackson & the Olympians: The Lightning Thief (2010),adventure fantasy,2010,Percy Jackson & the Olympians: The Lightning Thief,2.357142857142857,7,Percy Jackson & the Olympians: The Lightning Thief adventure fantasy
465,3723,5.0,959895645,Hamlet (1990),drama,1990,Hamlet,3.8,5,Hamlet drama
